Quote_Number	Name	Quote_Status	Approval_Status
O1022870	ANTALYA EAH_RTD_IHC_IN SITU_PAZARLIK_2024_148	Completed	Approved
O1020362	DÜZEN LABORATUVARI_BGAS_21092023	Completed	Approved
O1024500	Clone of SAKARYA İSM_ID_2025_736052	Approved	Approved
O1018398	Yaşam LAB UR - 2022-12-30 - 50000 - TRY - DETAY LAB. CİH. SAN. VE TİC. A (0061000026) - Turkey	Won	Approved
O1018000	BARTIN İSM_CC_IM_COAG_2022_922736	Approved	Approved
O1018000	BARTIN İSM_CC_IM_COAG_2022_922736	Approved	Disapproved
O1025600	Clone of KONYA HS_CC_IM_2025_1930572	Approved	Approved
O1027930	BANDIRMA EAH_ID D.TEMİN - 2026-10-15 - 120000 EUR - DEVA KİMYA SANAYİ VE TİCARET L (0061000074) Turkey	Won	Approved
O1022822	Özel Güven Cobas Pulse - 2024-12-31 - 40000 EUR - ÖZEL ANKARA GÜVEN HASTANESİ (0061004289) Turkey	Approved	Approved
O1020316	Çerkeşe Troponin - 2023-10-31 - 100000 - TRY - ÇANKIRI ÇERKEŞ DEVLET HASTANES (0061000336) - Turkey	Won	Approved
O1016474	ZONGULDAK BÜLENT ECEVİT ÜNİVERSİTESİ_CC_IM_2022_41675	Won	Cancelled
O1016474	ZONGULDAK BÜLENT ECEVİT ÜNİVERSİTESİ_CC_IM_2022_41675	Won	Cancelled
O1016474	ZONGULDAK BÜLENT ECEVİT ÜNİVERSİTESİ_CC_IM_2022_41675	Won	Approved
O1020210	SUAT SEREN GÖĞÜS HASTALIKLARI HASTANESİ_RTD_IHC_2023_826173	Won	Approved
O1021006	ANKARA ÜNİVERSİTESİ_PCR_2023_1325915	Approved	Approved
O1018982	BATMAN BÖLGE HAST_İHK & Medikal Değer_2023_67898	Completed	Approved
O1023938	Clone of Manisa PPP Ek Cihaz - 2025-04-30 - 280000 EUR - NUKLEUS SAĞLIK HİZMETLERİ A.Ş. (0061000175) Turkey	Approved	Cancelled
O1023938	Clone of Manisa PPP Ek Cihaz - 2025-04-30 - 280000 EUR - NUKLEUS SAĞLIK HİZMETLERİ A.Ş. (0061000175) Turkey	Approved	Approved
O1019282	TRAKYA ÜNİVERSİTESİ_CC_DT_20032023	Approved	Approved
O1019282	TRAKYA ÜNİVERSİTESİ_CC_DT_20032023	Approved	Cancelled
O1019282	TRAKYA ÜNİVERSİTESİ_CC_DT_20032023	Approved	Cancelled
O1019716	ANTALYA ZİRAİ KARANTİNA_LC480_2023_461157	Approved	Approved
O1017669	DİCLE ÜNİVERSİTESİ_MS_2022_812450	In Progress	Disapproved
O1017669	DİCLE ÜNİVERSİTESİ_MS_2022_812450	In Progress	Disapproved
O1023436	Clone of Clone of İZMİR MEDPOINT_GLUCOMETRE_05122024	Won	Approved
O1024169	ONKOLOJİ_RTD_ISH_DT_09052025	Won	Approved
O1025917	BULENT E UNI DAB DT - 2026-02-28 - 3120000 TRY - BÜLENT ECEVİT ÜNİV. UYGULAMA V (0061000208) Turkey	Won	Approved
O1017579	ANTALYA İSM_ID_2022_772798	Approved	Approved
O1017579	ANTALYA İSM_ID_2022_772798	Approved	Disapproved
O1025999	2026_61149 NAMIK KEMAL ÜNV_SWA	Won	Disapproved
O1025999	2026_61149 NAMIK KEMAL ÜNV_SWA	Won	Approved
O1022862	NECMETTİN ERBAKAN ÜNV_SWA_2024_1399760	Approved	Approved
O1025547	GOP SWA 1.PAZARLIK - 2025_2143411	Won	Approved
O1025274	YÜKSEK İHTİSAS EAH c702 - 2025-11-15 - 100000 EUR - DEVA KİMYA SANAYİ VE TİCARET L (0061000074) Turkey	Won	Approved
O1018129	SAMSUN HSL_CC_IM_PAZARLIK_2022_1128795	Approved	Approved
O1022456	Clone of İSTANBUL ÜNİVERSİTESİ_ÇAPA SWA_2024_961628	Approved	Approved
O1023344	Özel Umut Hastanesi - 2025-11-28 - 160000 EUR - İLMED İLAÇ ve MEDİKAL ÖZEL  LA (0061000027) Turkey	Won	Disapproved
O1023344	Özel Umut Hastanesi - 2025-11-28 - 160000 EUR - İLMED İLAÇ ve MEDİKAL ÖZEL  LA (0061000027) Turkey	Won	Reset
O1023344	Özel Umut Hastanesi - 2025-11-28 - 160000 EUR - İLMED İLAÇ ve MEDİKAL ÖZEL  LA (0061000027) Turkey	Won	Approved
O1018551	ÖZEL ELİTPARK HAST - 2022-12-31 - 2500000 - TRY - İLMED İLAÇ ve MEDİKAL ÖZEL  LA (0061000027) - Turkey	Won	Approved
O1026743	Clone of Kazakhstan: AIDS centers project_30012026	Approved	Approved
O1026743	Clone of Kazakhstan: AIDS centers project_30012026	Approved	Cancelled
O1026743	Clone of Kazakhstan: AIDS centers project_30012026	Approved	Disapproved
O1020985	AĞRI İSM SWA_2024_107977	Approved	Approved
O1020985	AĞRI İSM SWA_2024_107977	Approved	Disapproved
O1027934	Clone of ÖZEL A LİFE HAS_SWA_28082026	Approved	Approved
O1019214	NCR_SWA_2023	Approved	Approved
O1019201	İSTANBUL ÜNİVERSİTESİ ÇAPA TF_ID_2023_125141	Approved	Approved
O1019088	İZMİR İSM_RTD IHC_5.KISIM_2023_1499704	Approved	Approved
O1027125	Maras_Akademi - 2026-08-01 - 400000 EUR - DETAY LAB. CİH. SAN. VE TİC. A (0061000026) Turkey	Approved	Approved
O1026315	2026_295806_SAMSUN İLÇE_IM	Approved	Approved
O1017377	ÇUKUROVA ÜNV_İHK_MEDİKAL DEĞER_2022_564982	Completed	Approved
O1019642	Denge Lab SWA - 2023-06-30 - 3500000 - TRY - ORSİS MED.ELEK. BİLG.VE İLET.S (0061000452) - Turkey	Completed	Approved
O1021322	BALIKESİR ÜNİVERSİTESİ_RTD_IHK_2023_1545954	Approved	Approved
O1025331	AFYON KOCATEPE ÜNİV_2025_1726994_Kısım 5_BGAS	Approved	Approved
O1017058	RUMELİ HASTANESİ_CC_24062022	Approved	Approved
O1020304	ULUDAĞ ÜNİVERSİTESİ_GLUCOMETRE_2023_879462	Completed	Approved
O1017244	Clone of Clone of KOCAELİ ÜNİVERSİTESİ_CC_IM_2022_351537	Completed	Approved
O1017409	Medikal Değer İHK - 2022-08-29 - 2400000 - TRY - MERSİN ÜNİVERSİTESİ REKTÖRLÜĞÜ (0061004230) - Turkey	Approved	Approved
O1016859	ANKARA ÜNİVERSİTESİ_4.KISIM_ÖZEL KLON_2022_235528	Approved	Approved
O1026172	2026_67577_PAMUKKALE ÜNİVERSİTESİ_SWA_PRE_KİRA_ANLAŞMASI	Approved	Approved
O1021178	ASM_SWA_30012024	Completed	Disapproved
O1021178	ASM_SWA_30012024	Completed	Approved
O1017057	İSTANBUL ÜNİVERSİTESİ ÇAPA_RTD_ANTİKOR_13052022	Completed	Approved
O1020774	Clone of CELAL BAYAR ÜNİVERSİTESİ_RTD_2023_908735	Completed	Approved
O1020774	Clone of CELAL BAYAR ÜNİVERSİTESİ_RTD_2023_908735	Completed	Disapproved
O1023666	ALSANCAK YASAM LAB_IM_ID_20022025	Won	Approved
O1019187	KARADENİZ TEKNİK ÜNİVERSİTESİ_CAR_PAZARLIK_2023_231456	Won	Approved
O1027197	SAKARYA BİLGE HASTANESİ_CC_IM_19062026	Approved	Approved
O1027501	BEZMİALEM_TCRB MNDA_DENEMEE	In Progress	Cancelled
O1019010	TEPECİK EAH._CC_IM_PREANALİTİK_2023_100210	Approved	Approved
O1020045	Clone of GÜVEN Cobas Pulse - 2023-07-31 - 1500000 - TRY - ÖZEL ANKARA GÜVEN HASTANESİ (0061004289) - Turkey	Completed	Approved
O1026811	Clone of 2026_550412_KAYSERİ İSM_SWA_Cihaz satış	Approved	Cancelled
O1026811	Clone of 2026_550412_KAYSERİ İSM_SWA_Cihaz satış	Approved	Approved
O1026811	Clone of 2026_550412_KAYSERİ İSM_SWA_Cihaz satış	Approved	Disapproved
O1022162	Jones DT - 2024-07-31 - 396000 TRY - KARTAL DR.LÜTFİ KIRDAR ŞEHİR H (0061000545) Turkey	Won	Approved
O1020463	ÇORUM İSM_ID_2023_986329	Approved	Approved
O1021019	TEKİRDAĞ HALK SAĞLIĞI_SWA_2023_1393274	Approved	Approved
O1019159	SAKARYA İSM_PCT_2023_160222	Approved	Approved
O1019159	SAKARYA İSM_PCT_2023_160222	Approved	Cancelled
O1027559	2026_1401297_COAG_HATAY İSM	Approved	Approved
O1021545	GÖZDE GRUBU HASTANELERİ_CC_IM_27032024	Completed	Cancelled
O1021545	GÖZDE GRUBU HASTANELERİ_CC_IM_27032024	Completed	Disapproved
O1021545	GÖZDE GRUBU HASTANELERİ_CC_IM_27032024	Completed	Approved
O1020762	DİAGEN_RTD_18112023	Approved	Approved
O1020331	KARS İSM_SWA_PAZARLIK_2023_964213	Won	Approved
O1017948	KORKUTELİ DH_IM_ID_PAZARLIK_2022_929328	Won	Approved
O1017503	DIŞKAPI YILDIRIM BEYAZIT HASTANESİ_RTD_03082022	Approved	Approved
O1017305	ONDOKUZ MAYIS ÜNV_SISH_MED_DT_220619	Won	Reset
O1017305	ONDOKUZ MAYIS ÜNV_SISH_MED_DT_220619	Won	Cancelled
O1017305	ONDOKUZ MAYIS ÜNV_SISH_MED_DT_220619	Won	Approved
O1027721	Clone of EGE ÜNİ Med Alk-Ros-Pdl - 2026-09-14 - 3330000 TRY - EGE ÜNİVERSİTESİ UYGULAMA VE A (0061003806) Turkey	Won	Approved
O1024065	MN_1st_State_Hospital_Pure	Won	Approved
O1025501	KARS İSM_IM_ID_PAZARLIK_2025_2039071	Won	Approved
O1025501	KARS İSM_IM_ID_PAZARLIK_2025_2039071	Won	Disapproved
O1025576	ABDURRAHMAN YURTASLAN_ALK_4.kısım_2025_1883395	Won	Approved
O1023730	KOCAELİ DERİNCE EAH_RTD_DT2_24022025	Completed	Approved
O1027266	Clone of ANKARA ÜNİV_DT_HC_IHC_29062026	Won	Approved
O1021297	GAZİ ÜNİVERSİTESİ_SEQ_2024_62567	Approved	Approved
O1019435	FIRAT ÜNİVERSİTESİ HST_2023_320667_Cobas 4800 HPV & Sitoloji	Approved	Disapproved
O1019435	FIRAT ÜNİVERSİTESİ HST_2023_320667_Cobas 4800 HPV & Sitoloji	Approved	Approved
O1022923	AKSARAY İSM_İLÇELER_COAG_2024_1436680	Approved	Approved
O1019439	İZMİR BOZYAKA EAH_RTD_HC_2023_377635	Approved	Approved
O1026896	AK HAYAT_2026_662121_3.KISIM_İSLAB_1_RMD	Approved	Approved
O1025737	ROYAL HAST. ISE neo KİRA - 2025-12-31 - 7318 EUR - DEVA KİMYA SANAYİ VE TİCARET L (0061000074) Turkey	Won	Approved
O1017332	ARDAHAN DH CC 3 22C - 2022-09-30 - 4816000 - TRY - ARDAHAN DEVLET HASTANESİ (0061000398) - Turkey	Completed	Approved
O1019331	BUCA SEYFİ DEMİRSOY EAH_CC_IM_PAZARLIK_2023_307845	Won	Cancelled
O1019331	BUCA SEYFİ DEMİRSOY EAH_CC_IM_PAZARLIK_2023_307845	Won	Approved
O1022640	İSTANBUL ÜNİVERSİTESİ CERRAHPAŞA TF_ID_2024_1079641	Approved	Approved
O1025108	ELAZIĞ İSM_CC_IM_2025_1410603	Approved	Approved
O1024826	ATATURK SH_RTD_DT_PDL1_18082025	Won	Approved
O1023408	LÜLEBURGAZ TM_CC_IM_16012025	Completed	Approved
O1023434	KIRŞEHİR İSM_RTD_IHC_2024_1825997	Won	Approved
O1024768	Kütahya PPP ODS - 2025-09-30 - 8250 EUR - ÖZGÜN KİMYEVİ MADDE TIBBİ MALZ (0061000040) Turkey	Approved	Approved
O1026878	19 Mayıs Patoloji NGS Nuc - 2026-06-30 - 225000 EUR - NUCLEUS GENETİK ÜRÜNLERİ ANONİ (0061005513) Turkey	Won	Cancelled
O1026878	19 Mayıs Patoloji NGS Nuc - 2026-06-30 - 225000 EUR - NUCLEUS GENETİK ÜRÜNLERİ ANONİ (0061005513) Turkey	Won	Approved
O1023172	GİRESUN İSM KİRA - 2024-12-23 - 25000 EUR - İLMED İLAÇ ve MEDİKAL ÖZEL  LA (0061000027) Turkey	Won	Approved
O1023997	YÜKSEK İHTİSAS_RTD_DT_08042025	Won	Approved
O1021241	KIRIKKALE YÜKSEK İHTİSAS_PAZARLIK_IM_ID_2024_119227	Won	Approved
O1023866	MALATYA EAH_2025_165559	Approved	Approved
O1023866	MALATYA EAH_2025_165559	Approved	Disapproved
O1021653	SAMSUN HSL - 2024-05-31 - 1449000 - EUR - İLMED İLAÇ ve MEDİKAL ÖZEL  LA (0061000027) - Turkey	Completed	Cancelled
O1021653	SAMSUN HSL - 2024-05-31 - 1449000 - EUR - İLMED İLAÇ ve MEDİKAL ÖZEL  LA (0061000027) - Turkey	Completed	Approved
O1026646	LETGEN DOLLVET-ABM - 2026-05-14 - 1000000 TRY - LETGEN BİYOTEKNOLOJİ LABORATUV (0061005075) Turkey	Approved	Approved
O1018289	ATLAS HASTANESİ_CC_IM_14112022	Approved	Approved
O1022771	SPEKTROMAR TM_CC_IM_30102024	Completed	Approved
O1020315	ISTGEN_2023_789563 - 2023-11-01 - 300000 - EUR - NUCLEUS GENETİK ÜRÜNLERİ ANONİ (0061005513) - Turkey	Approved	Approved
O1021754	Omega Lab_IM_CC - 2025-05-10 - 10000 EUR - DETAY LAB. CİH. SAN. VE TİC. A (0061000026) Turkey	Completed	Approved
O1021754	Omega Lab_IM_CC - 2025-05-10 - 10000 EUR - DETAY LAB. CİH. SAN. VE TİC. A (0061000026) Turkey	Completed	Disapproved
O1020458	CERRAHPAŞA TF_SISH_DT_04102023	Won	Approved
O1023948	DİCLE ÜNİ_HK_2025_322160	Approved	Approved
O1026783	2026_662121_SWA_PCR_ İSLAB-2	In Progress	Cancelled
O1026783	2026_662121_SWA_PCR_ İSLAB-2	In Progress	Cancelled
O1018082	BURSA İSM_RM_PCR_2022_924792	Approved	Approved
O1027074	HAYAT CERRAHİ HASTANESİ_IM_12062026	Won	Approved
O1026557	MUŞ İSM_CC_2024_1884122-PİPO	Cancelled	Approved
O1026461	2026_342472_TOKAT İSM_SWA	Approved	Approved
O1023141	SAYGI HASTANESİ_CC_IM_23122024	Approved	Approved
O1026210	2026_99119_VAN İSM_EAH_RTD_HC	Won	Approved
O1027054	Tekirdağ PPP İHK	Won	Approved
O1022654	MARDİN ISM_CC_IM_2024_1113900	Approved	Disapproved
O1022654	MARDİN ISM_CC_IM_2024_1113900	Approved	Approved
O1018612	SULTANBEYLİ DH_CORE KİRASI_26122022	Won	Approved
O1019293	UBS HAYVANCILIK_CC_IM_21032023	Won	Approved
O1027709	MEDİPOL CİHAZ SATIŞ_26082026	Approved	Approved
O1025722	Clone of GOP_BG_2025_2100295	Approved	Approved
O1027105	2026_950968 AFYON DH_VİROLOJİ	Approved	Approved
O1025927	Clone of FLORENCE NIGHTINGALE - 2025-12-31 - 1100000 EUR - ÖZGÜN KİMYEVİ MADDE TIBBİ MALZ (0061000040) Turkey	Approved	Approved
O1018564	ÇANAKKALE DH_COAG_2022_1347839	Approved	Approved
O1018564	ÇANAKKALE DH_COAG_2022_1347839	Approved	Cancelled
O1027826	2026_1526499_ID_İSTANBUL ÜNİVERSİTESİ_ÇAPA TF	Won	Approved
O1027194	ÖZEL HİSAR TIP MERKEZİ_KAYA MEDİKAL_SWA_22062026	Approved	Approved
O1020490	ÖZEL BİRİM LABORATUVARLARI_CC_IM_ID_19102023	Approved	Approved
O1020490	ÖZEL BİRİM LABORATUVARLARI_CC_IM_ID_19102023	Approved	Cancelled
O1024842	KIRIKKALE YİH_IM_ID_2025_1257163	Approved	Approved
O1024842	KIRIKKALE YİH_IM_ID_2025_1257163	Approved	Cancelled
O1018913	UZ_Blood banks Project (NAT-PP6) RR	Approved	Disapproved
O1018913	UZ_Blood banks Project (NAT-PP6) RR	Approved	Disapproved
O1018913	UZ_Blood banks Project (NAT-PP6) RR	Approved	Approved
O1018787	ÇANAKKALE HS_UR_ALTERNATİF 2_2022_1473341	Approved	Approved
O1025454	KASTAMONU İSM_UR_2025_1633224	Approved	Approved
O1026100	ÇORUM İLÇE - CİHAZ KİRASI - 2026-03-31 - 22000 EUR - İLMED İLAÇ ve MEDİKAL ÖZEL  LA (0061000027) Turkey	Won	Approved
O1022824	ESKİŞEHİR OSMANGAZİ ÜNİVERSİTESİ_SWA_2024_1592829	Completed	Approved
O1022824	ESKİŞEHİR OSMANGAZİ ÜNİVERSİTESİ_SWA_2024_1592829	Completed	Disapproved
O1022548	MANİSA İSM_RTD_IHC_2024_1096707	Approved	Approved
O1025381	ÇORUM EAH_COAG_2025_1780205	Approved	Approved
O1025381	ÇORUM EAH_COAG_2025_1780205	Approved	Cancelled
O1025381	ÇORUM EAH_COAG_2025_1780205	Approved	Disapproved
O1017133	BÜLENT ECEVİT ÜNİVERSİTESİ_RTD_ANTİKOR_PAZARLIK_2022_506895	Approved	Approved
O1024087	ANTALYA EAH_RTD_1.KISIM ONK._PAZARLIK_2025_593541	Approved	Approved
O1017372	Clone of EGE LAB GÖÇMEN PROJE 2_IM_ID_13062022	Won	Approved
O1023856	ESKİŞEHİR OSMANGAZİ ÜNİVERSİTESİ_CC_DT_19032025	Won	Approved
O1026067	PAÜ HPV DT 534-538 - 2026-02-23 - 960000 TRY - PAMUKKALE ÜNİVERSİTESİ (0061000235) Turkey	Cancelled	Approved
O1025094	MANİSA HS_AUTO UR_2025_1350758	Approved	Approved
O1025363	Clone of KOCAELİ ÜNVERSİTESİ_SWA_2025_1672758	Approved	Approved
O1025363	Clone of KOCAELİ ÜNVERSİTESİ_SWA_2025_1672758	Approved	Cancelled
O1027339	SELÇUK ÜNİV_Nucleus_Kapa hyper	Won	Approved
O1021715	HACETTEPE ÜNV_IM_ID_2024_466165	Approved	Approved
O1024537	İSLAB 2MOLEKÜLER_SARTRON BİYOTEKNOLOJİ_2025_739894	Approved	Approved
O1026200	MERSİN ÜNİ HER2 DT 84993 - 2026-03-19 - 150000 TRY - MERSİN ÜNİVERSİTESİ REKTÖRLÜĞÜ (0061004230) Turkey	Won	Approved
O1022062	BURSA HSL_ISE MODÜL KİRA_26062024	Won	Approved
O1018826	Utkan_Dünya_UR - 2023-02-23 - 300000 - TRY - DİYAR-MED SAĞLIK ÜRÜNLERİ San. (ACC-0004052772) - Turkey	Completed	Approved
O1027797	ANTALYA EAH_PDL1_EPİFARMA_04092026	Won	Approved
O1021011	E-LAB_CC_IM_04012024	Completed	Cancelled
O1021011	E-LAB_CC_IM_04012024	Completed	Approved
O1021011	E-LAB_CC_IM_04012024	Completed	Cancelled
O1020467	ÖZEL BİYOTIP LABORATUVARI_SWA_10102023	Completed	Approved
O1018239	ALİ KEMAL BELVİRANLI_ID_2022_1076829	Approved	Reset
O1018239	ALİ KEMAL BELVİRANLI_ID_2022_1076829	Approved	Approved
O1020027	AMASYA İSM_IM_2023_633369	Approved	Cancelled
O1020027	AMASYA İSM_IM_2023_633369	Approved	Approved
O1027925	SEYHAN ORTADOĞU_SWA_21092026	Approved	Approved
O1027403	2026_783778_AĞRI İSM_ELİZA_Bayi	Approved	Approved
O1021526	BAP Alımı - 2024-04-12 - 13200 - EUR - ÖZGÜL EĞİTİM SAĞLIK HİZ. MED.  (0061000500) - Turkey	Won	Approved
O1024653	Düzen P612 -2025 - DÜZEN BİYOLOJİK BİLİMLER ARAŞT (0061000024) - Turkey	Won	Approved
O1024083	GÜVEN HASTANESİ_RTD_DT_22042025	Approved	Approved
O1025246	Clone of Navifay Lisans Anlaşması - 2025-10-31 - 8400 EUR - BİOS BİOMEDİKAL SİSTEMLER SAN. (0061000198) Turkey	Cancelled	Approved
O1018540	KAŞ DH_IM_ID_PAZARLIK_2022_1402937	Approved	Approved
O1023599	Clone of Clone of ŞIRNAK İSM_IM_ID_2024_1678472	In Progress	Approved
O1018825	Utkan_Yaşam_CC_IM - 2023-03-22 - 2000000 - TRY - DİYAR-MED SAĞLIK ÜRÜNLERİ San. (ACC-0004052772) - Turkey	Completed	Approved
O1024483	ÇUKUROVA ÜNİ 1500 DAB DT - 2025-07-10 - 6000000 TRY - ÇUKUROVA ÜNİV. BALCALI TIP FAK (0061000548) Turkey	Won	Approved
O1025157	approval	In Progress	Started
O1017117	Clone of Clone of Clone of MUĞLA İSM_CC_IM_ID_2022_149520	Won	Approved
O1026773	Clone of Özel 19 Mayıs Hast_SWA _23032026	Completed	Approved
O1024032	TRAKYA ÜNİVERSİTESİ_DT_Vitamin-D_SHBG_14042025	Approved	Approved
O1024032	TRAKYA ÜNİVERSİTESİ_DT_Vitamin-D_SHBG_14042025	Approved	Cancelled
O1026464	2026_401153_DR. ALİ KEMAL BELVİRANLI_IM	Approved	Approved
O1027396	BURSA PPP IHC Antikor - Yeni Dönem	Approved	Approved
O1026635	2026_634585_CC_IM_ESKİŞEHİR İSM	Won	Approved
O1017040	Çukurova Üni ELiza_2022_415103	Approved	Approved
O1019070	İSTANBUL ÜNİVERSİTESİ ÇAPA_RTD ONKOLOJİ EGFR_2023_59345	Approved	Approved
O1023523	BOR DH_BG_2025_53962	Approved	Disapproved
O1023523	BOR DH_BG_2025_53962	Approved	Approved
O1026447	Düzen Lab_BG_24032026	Won	Approved
O1024849	MARDİN İSM_ID_Pazarlık_2025_1306196	Won	Approved
O1024980	TEKİRDAĞ İSM_SWA_COAG_PCR_HİZMET ALIMI_2025_1278824	Approved	Approved
O1017458	REYHANLI AMERİKAN HASY-TANESİ_CC_IM_22072022	Approved	Approved
O1022793	GAZİYAŞARGİL EAH DT - 2024-10-25 - 600000 TRY - DİYARBAKIR GAZİ YAŞARGİL EĞİTİ (0061004308) Turkey	Won	Approved
O1027360	Özel Surkent SWA 2026-2027 EUR - DİYAR-MED SAĞLIK ÜRÜNLERİ SAN. (0061000054) Turkey	Won	Approved
O1026202	afyon dh 11364  ihc - 2026-03-09 - 324375 TRY - AFYONKARAHİSAR DEVLET HASTANES (0061000284) Turkey	Won	Approved
O1017978	DİCLE ÜNİVERSİTESİ_HK_2022_897884	Completed	Approved
O1023626	TUZLA DH _RTD_DT 500 IHC_11022025	Approved	Approved
O1022281	Gazi Ünv IL-6-CK-MB DT - 2024-11-30 - 138000 TRY - GAZİ ÜNİVERSİTESİ TIP FAKÜLTES (0061000084) Turkey	Won	Approved
O1020788	Clone of AFYONKARAHİSAR DEVLET HASTANESİ_DT_18112023	Won	Approved
O1023830	ROCHE İLAÇ ANTALYA EAH_RTD_PDL1_08032025	Won	Approved
O1024165	KIRKLARELİ İSM_UR_4.KISIM_2025_588139	Approved	Approved
O1020464	MİT İstanbul DT_2023 - 2023-12-31 - 300000 - TRY - T.C. CUMHURBAŞKANLIĞI MİLLİ İS (0061000344) - Turkey	Cancelled	Approved
O1021808	GAZİ ÜNİVERSİTESİ_RTD_2.KISIM_2024_571410	Approved	Approved
O1017621	Clone of CENTRO LABORATUVRAI_SWA_ALTERNATİF_2_10082022	Completed	Approved
O1024950	AYDIN İSM_İLÇELER_ID_2025_1220634	Approved	Approved
O1022458	AKSARAY ÜNİVERSİTESİ EAH_RTD_IHC_2024_1062348	Approved	Approved
O1021418	ESKİŞEHİR YUNUS EMRE DH_ID_TORCH_PAZARLIK_2024_292226	Won	Approved
O1026360	2026_155487_ZONGULDAK İSM_GLUCOMETRE_V2	Approved	Approved
O1023875	DOKUZ EYLÜL ÜNİVERSİTESİ_RTD_IHC_2025394325	Approved	Approved
O1022109	Clone of MEDICANA HASTANESİ_IM_10062024	Won	Approved
O1017793	ULTRA_MR_AKADEMİ - 2022-10-01 - 1500000 - TRY - DİYAR-MED SAĞLIK ÜRÜNLERİ SAN. (0061000054) - Turkey	Completed	Approved
O1017231	ANKARA ÜNV_HPV_2022_592586	Won	Disapproved
O1017231	ANKARA ÜNV_HPV_2022_592586	Won	Approved
O1025195	LETGEN ADANA VETERİNERLİK - 2025-11-13 - 500000 TRY - LETGEN BİYOTEKNOLOJİ LABORATUV (0061005075) Turkey	Won	Approved
O1018036	SPEKTROMAR_CC_IM_17102022	Completed	Approved
O1026714	LETON FETMED HST._SWA	Won	Approved
O1021851	ZEYNEPKAMİL EAH_RTD_IHC_2024_625863	Completed	Cancelled
O1021851	ZEYNEPKAMİL EAH_RTD_IHC_2024_625863	Completed	Approved
O1021851	ZEYNEPKAMİL EAH_RTD_IHC_2024_625863	Completed	Cancelled
O1023877	ONDOKUZ MAYIS ÜNV_2025_313580	Approved	Approved
O1023975	ÖZEL ROMATEM - 2025-04-15 - 16000 EUR - İLMED İLAÇ ve MEDİKAL ÖZEL  LA (0061000027) Turkey	Won	Approved
O1019241	Antikor DT Alımı - 2023-04-17 - 1020000 - TRY - FIRAT ÜNİVERSİTESİ TIP FAKÜLTE (0061002774) - Turkey	Won	Approved
O1025479	ÇANKIRI İSM_İLÇELER_IM_2025_1853350	Approved	Approved
O1026637	2026_484689_ISPARTA ISM HALK SAĞLIĞI_SWA_KİRALIK	Approved	Approved
O1024174	RTE BAP Projesi DAB Alımı - 2025-05-30 - 660000 TRY - RECEP TAYYIP ERDOGAN UNIVERSIT (0061004437) Turkey	Won	Approved
O1017124	PAMUKKALE ÜNİVERSİTESİ_DT_2473_2474	Won	Approved
O1020471	Sistemtıp CC Mers - 2023-11-11 - 30000 - EUR - DETAY LAB. CİH. SAN. VE TİC. A (0061000026) - Turkey	Completed	Approved
O1020392	MD P16 Almı - 2023-10-23 - 600000 - TRY - VAN BÖLGE EĞİTİM VE ARAŞTIRMA  (0061004046) - Turkey	Won	Cancelled
O1020392	MD P16 Almı - 2023-10-23 - 600000 - TRY - VAN BÖLGE EĞİTİM VE ARAŞTIRMA  (0061004046) - Turkey	Won	Approved
O1020392	MD P16 Almı - 2023-10-23 - 600000 - TRY - VAN BÖLGE EĞİTİM VE ARAŞTIRMA  (0061004046) - Turkey	Won	Reset
O1027633	2026_1418685_4.KISIM_2.GRUP_CC_ANTALYA İSM	In Progress	Disapproved
O1019809	ÇİĞLİ EAH_CC_IM_PAZARLIK_2023_555218	Won	Approved
O1025546	Clone of SİVAS İSM_CC_IM_COAG_24 AY_2025_1317613	Won	Approved
O1019481	ISPARTA HS_CC_IM_ID_2023_355319	Approved	Approved
O1019481	ISPARTA HS_CC_IM_ID_2023_355319	Approved	Cancelled
O1027627	ETİMESGUT DH_DT_DAB	Won	Approved
O1024751	SAMSUN İSM_IM_2025_1051365	Approved	Approved
O1022812	AKSARAY İSM_CC_IM_2024_1353533	Approved	Approved
O1016784	ÇORUM ÖZEL HASTANESİ_CC_IM_ID_211213	Won	Approved
O1017021	Özel Han Hastanesi - 2022-07-01 - 900000 - TRY - ÖZEL HAN TIP MERKEZİ VE SAĞLIK (0061005118) - Turkey	Approved	Approved
O1022486	ANKARA İSM_ID_2024_1060505	Approved	Approved
O1022486	ANKARA İSM_ID_2024_1060505	Approved	Disapproved
O1025229	Clone of AYDIN ŞH_RMD_MİKROBİYOLOJİ_2025_1426978	Won	Approved
O1019026	BAĞCILAR EAH_RTD_IHC_2023_28921	Approved	Approved
O1021891	Clone of GEBZE YÜZYIL HASTANESİ_SWA_02052024	Approved	Reset
O1018986	Approval_EUR	Approved	Reset
O1019661	HACETTEPE ÜNİVERSİTESİ_PAZARLIK_PCT_	Won	Approved
O1025370	Ümit Hastaneleri_CC+IM_31102025	Approved	Disapproved
O1025370	Ümit Hastaneleri_CC+IM_31102025	Approved	Approved
O1020643	Clone of CENTRO LABORATUVARI_SWA_21092023	Approved	Approved
O1027578	ERBAYRAKTAR LAB._SWA_RR	Approved	Approved
O1017814	KAŞ DH_IM_ID_2022_949316	Won	Cancelled
O1017814	KAŞ DH_IM_ID_2022_949316	Won	Cancelled
O1017814	KAŞ DH_IM_ID_2022_949316	Won	Approved
O1019496	DİYARBAKIR HS_CC_IM_2023_407758	Won	Approved
O1025177	ÇORUM İLÇE_CC_2025_1420884	Won	Disapproved
O1025177	ÇORUM İLÇE_CC_2025_1420884	Won	Approved
O1025177	ÇORUM İLÇE_CC_2025_1420884	Won	Disapproved
O1025573	HATEM_SWA_08012026	Approved	Approved
O1021992	HER2 IHC DT - 2024-06-28 - 4500000 TRY - KARTAL DR.LÜTFİ KIRDAR ŞEHİR H (0061000545) Turkey	In Progress	Started
O1021992	HER2 IHC DT - 2024-06-28 - 4500000 TRY - KARTAL DR.LÜTFİ KIRDAR ŞEHİR H (0061000545) Turkey	In Progress	Cancelled
O1017817	SONOMED_SWA - 2022-11-01 - 3000000 - TRY - DİYAR-MED SAĞLIK ÜRÜNLERİ SAN. (0061000054) - Turkey	Approved	Approved
O1019754	KONYA NUMUNE HASTANESİ_COAG_2023_410281	Approved	Approved
O1020647	NÖROPSİKİYATRİ_CC_IM_01112023	Completed	Approved
O1021690	KAHRAMANMARAŞ SÜTÇÜ İMAM ÜNV_2024_472893	Approved	Approved
O1023411	Clone of Clone of ACIBADEM_5 KURUM_CC_IM_REVİZE TEST_10012025	In Progress	Started
O1021733	ESKİŞEHİR ANADOLU HASTANESİ_CC_IM_07052024	Approved	Approved
O1018805	Özel OBH IM_CC - 2023_ TRY - DİYAR-MED SAĞLIK ÜRÜNLERİ San. (ACC-0004052772) - Turkey	Completed	Approved
O1026227	2026_185614_GÜLHANE EAH_dc_Kan Bankası	Approved	Approved
O1020041	Kırıkkale YİH_PCT_DT - 2023-08-31 - 500000 - TRY - KIRIKKALE YÜKSEK İHTİSAS HASTA (0061000341) - Turkey	Won	Approved
O1027802	2026_1418685_6.KISIM_CC_IM_ANTALYA İSM_ŞEHİR HASTANESİ_DC_v2	In Progress	Disapproved
O1018984	Gazi Ünv Miyoglobin - 2023-04-15 - 72000 - TRY - GAZİ ÜNİVERSİTESİ TIP FAKÜLTES (0061000084) - Turkey	Won	Reset
O1018984	Gazi Ünv Miyoglobin - 2023-04-15 - 72000 - TRY - GAZİ ÜNİVERSİTESİ TIP FAKÜLTES (0061000084) - Turkey	Won	Approved
O1022985	KTÜ_1.KISIM_CC_IM_2024_1423188	In Progress	Disapproved
O1022985	KTÜ_1.KISIM_CC_IM_2024_1423188	In Progress	Cancelled
O1022985	KTÜ_1.KISIM_CC_IM_2024_1423188	In Progress	Disapproved
O1022985	KTÜ_1.KISIM_CC_IM_2024_1423188	In Progress	Started
O1024482	PENDİK DH_RTD_IHC_DT_30062025	Won	Approved
O1018816	AVCILAR UMUT LABORATUVARI_CC_IM_20012023	Approved	Approved
O1027734	2026_1503681 BURSA İSM_ID	Approved	Disapproved
O1027734	2026_1503681 BURSA İSM_ID	Approved	Approved
O1027734	2026_1503681 BURSA İSM_ID	Approved	Reset
O1019029	Clone of INTERMED_SWA_03022023	Completed	Approved
O1019029	Clone of INTERMED_SWA_03022023	Completed	Cancelled
O1019029	Clone of INTERMED_SWA_03022023	Completed	Disapproved
O1024612	SİSTEM LAB_ NUKLEUS _CC_IM_23072025	Won	Approved
O1017250	ERCİYES ÜNİVERSİTESİ_RTD_2.KISIM_IHC_2022_507253	Won	Approved
O1026241	MASLAK ACIBADEM_MULTİPLATE_26022026	Won	Approved
O1020017	EGE ÜNİVERSİTESİ_NAT_DT_1440 TEST_14072023	Approved	Approved
O1023776	TEPECİK EAH_RTD_DT_1475-1518_03032025	Completed	Approved
O1026060	Data Lab._CC - 2026-02-27 - 72000 EUR - ALGEN TIBBİ ÜRÜNLER VE SAĞLIK  (0061000032) Turkey	Won	Approved
O1022511	MANİSA İL SAĞLIK_CC_IM_2024_109670	Approved	Approved
O1026864	ÖZÜNLÜ LAB CC_IM	Won	Approved
O1022761	CENTRAL HOSPITAL ETİLER_CC_30102024	Approved	Approved
O1019828	HACETTEPE ÜNİVERSİTESİ_GENETİK_2023_430512	Approved	Approved
O1024430	Clone of KONYA NUMUNE HASTANESİ_IM_2025_694492	Approved	Approved
O1019738	TRAKYA ÜNİVERSİTESİ_HBV_DT_29052023	Approved	Approved
O1019737	GEN ERA KAPA HyperPlus_25052023	Won	Approved
O1027923	DNA LAB 2026 PIK3CA - 2026-10-31 - 10000 EUR - DNA LABORATUVARLARI GENETİK HA (0061005233) Turkey	Approved	Approved
O1022599	Özel Cihanpol Has. - 2024-10-10 - 2000 EUR - DİYAR-MED SAĞLIK ÜRÜNLERİ SAN. (0061000054) Turkey	Approved	Approved
O1025519	BÜLENT ECEVİT ÜNİV._RTD_ ANTİKOR_21112025	Won	Approved
O1021013	ETLİK ZÜBEYDE HN HST_IM_ID_2023_1500837	Approved	Approved
O1022485	MAY TOHUM_CİHAZSIZ_06092024	Approved	Approved
O1019750	ÇAYCUMA DH_CC_IM_PAZARLIK_2023_535599	Completed	Approved
O1022315	MUSTAFA KEMAL ÜNİVERSİTESİ_SWA_2024_930449	Approved	Approved
O1018380	KARABÜK HSL_KİRA - 2023-02-28 - 240000 - TRY - İLMED İLAÇ ve MEDİKAL ÖZEL  LA (0061000027) - Turkey	Won	Approved
O1026055	DÜZEN LABORATUVARLARI_UR_2026	Approved	Approved
O1022625	Clone of ISPARTA ISM_İLÇELER_CC_IM_ 2024_1285782	In Progress	Disapproved
O1022625	Clone of ISPARTA ISM_İLÇELER_CC_IM_ 2024_1285782	In Progress	Started
O1022625	Clone of ISPARTA ISM_İLÇELER_CC_IM_ 2024_1285782	In Progress	Cancelled
O1021667	ANTALYA EAH_RTD_IHC_2024_271015	Approved	Approved
O1025940	Lüleburgaz TM - 2026-02-07 - 55000 EUR - ALGEN TIBBİ ÜRÜNLER VE SAĞLIK  (0061000032) Turkey	Won	Approved
O1025497	İSTANBUL BÜYÜK ŞEHİR BELEDİYESİ_CC_IM_2025_1754061	Won	Approved
O1024759	FIRAT ÜNV_PCR_2025_1045851	Approved	Disapproved
O1024759	FIRAT ÜNV_PCR_2025_1045851	Approved	Approved
O1021730	ÇANAKKALE ONSEKİZ MART ÜNİVERSİTESİ_SWA_2024_460523	Completed	Cancelled
O1021730	ÇANAKKALE ONSEKİZ MART ÜNİVERSİTESİ_SWA_2024_460523	Completed	Disapproved
O1021730	ÇANAKKALE ONSEKİZ MART ÜNİVERSİTESİ_SWA_2024_460523	Completed	Approved
O1026279	2026_149644_BURDUR İSM_ID_V2_DC_CİHAZ SATIŞ	Approved	Approved
O1025176	Özel Ortadoğu_SWA_15102025	Won	Approved
O1025176	Özel Ortadoğu_SWA_15102025	Won	Cancelled
O1025176	Özel Ortadoğu_SWA_15102025	Won	Cancelled
O1021143	KÜTAHYA İSM_ID_TORCH_PAZARLIK_2024_61369	Approved	Approved
O1026046	Niğde Ek Kira - 2026-02-17 - 50000 EUR - DETAY LAB. CİH. SAN. VE TİC. A (0061000026) Turkey	Won	Approved
O1023103	ESKİŞEHİR OSMANGAZİ ÜNİVERSİTESİ_CC_IM_2024_1661200	Completed	Approved
O1023103	ESKİŞEHİR OSMANGAZİ ÜNİVERSİTESİ_CC_IM_2024_1661200	Completed	Disapproved
O1020438	SAMSUN İSM_MERKEZ_PCR_2023_605815 - c6800	Approved	Approved
O1020438	SAMSUN İSM_MERKEZ_PCR_2023_605815 - c6800	Approved	Cancelled
O1021463	TANSAN_CC_12032024	Completed	Approved
O1019628	Clone of ISPARTA ISM_İLÇELER_IM_ID_2023_355319	Approved	Approved
O1020675	KIRIKKALE İSM_YİH_CC_2023_1151885	Approved	Cancelled
O1020675	KIRIKKALE İSM_YİH_CC_2023_1151885	Approved	Approved
O1020456	ÖZEL ROYAL HASTANELERİ_ALTERNATİF 1_SWA_C6000_06102023	Completed	Approved
O1022247	ERCİYES ÜNİVERSİTESİ_KAN MERKEZİ_2024_921376	Completed	Approved
O1022247	ERCİYES ÜNİVERSİTESİ_KAN MERKEZİ_2024_921376	Completed	Cancelled
O1019851	TRAKYA ÜNİVERSİTESİ_VİTAMİN D_DT_12062023	Won	Approved
O1024209	TRAKYA ÜNİVERSİTESİ_DT_FT3_20052025	Won	Approved
O1024067	MERSİN ÜNİ 500 TEST DT - 2025-05-02 - 4000000 TRY - MERSİN ÜNİVERSİTESİ REKTÖRLÜĞÜ (0061004230) Turkey	Approved	Approved
O1021298	BALIKESİR ÜNİVERSİTESİ_RTD_1 AYLIK_12022024	Completed	Approved
O1026334	VAN EAH DT - PD-L1 - HC - 2026-03-26 - 100000 TRY - VAN BÖLGE EĞİTİM VE ARAŞTIRMA  (0061004046) Turkey	Cancelled	Approved
O1026334	VAN EAH DT - PD-L1 - HC - 2026-03-26 - 100000 TRY - VAN BÖLGE EĞİTİM VE ARAŞTIRMA  (0061004046) Turkey	Cancelled	Disapproved
O1017763	YILDIRIM BEYAZIT EAH_RTD_IHK_2022_903011	Approved	Approved
O1022016	Clone of HER2 IHC DT - 2024-06-28 - 4500000 TRY - KARTAL DR.LÜTFİ KIRDAR ŞEHİR H (0061000545) Turkey	Won	Approved
O1023419	ALANYA EĞT PD-L1 - 2025-02-03 - 600000 TRY - ROCHE MUSTAHZARLARI SAN.A.Ş (0061005670) Turkey	Completed	Approved
O1016706	ANTALYA EAH_ID_PAZARLIK_2022_242351	Completed	Cancelled
O1016706	ANTALYA EAH_ID_PAZARLIK_2022_242351	Completed	Cancelled
O1024756	AYDIN DH_RTD_IHC_DT_04082025	Won	Disapproved
O1024756	AYDIN DH_RTD_IHC_DT_04082025	Won	Approved
O1024062	Clone of TOSUN LABORATUVARI_CC_14032025	Won	Approved
O1020215	ANTALYA İSM ŞEHİR HASTANESİ_RTD_1.KISIM_IHC_2023_823899	Approved	Approved
O1024267	FIRAT ÜNİ 500 TEST DAB DT - 2025-06-02 - 3000000 TRY - FIRAT ÜNİVERSİTESİ HASTANESİ F (0061003864) Turkey	Won	Approved
O1023579	Clone of LÖSANTE_RTD_2025 YILI ANLAŞMASI_14012025	Won	Approved
O1024265	KONYA NUMUNE HASTANESİ_BG_2025_694492	Approved	Approved
O1022061	Nesiller CGP Anlaşma - 2024-07-26 - 325000 EUR - NESİLLER GENETİK TANI VE BİLGİ (0061004271) Turkey	Approved	Approved
O1027812	AKBANK_UR_CİHAZ SATIŞ_04092026	Approved	Approved
O1024215	ÖZEL EDREMİT_MEDICABİL_İNEGÖL_COBAS PURE KİRA_16052025	Won	Approved
O1020815	GAZİ ÜNİVERSİTESİ_HIV_HPV_2023_1307664	Completed	Approved
O1018424	SİMGE LAB_CC_IM_08122022	Completed	Approved
O1020613	BİLECİK HS_UR_2023_1028223	Approved	Approved
O1020963	MEDİKENT HASTANESİ_CC_IM_ALTERNATİF 2_PRO_20122023	Approved	Approved
O1026466	2026_401153_DR.ALİ KEMAL BELVİRANLI_COAG	Approved	Approved
O1020906	ELİTİUM _IM ID_11122023	Won	Approved
O1018861	ESENCAN HASTANESİ_CC_IM_26012023	Completed	Approved
O1019438	İZMİR BOZYAKA EAH_RTD_IHC_2023_377635	Approved	Approved
O1027890	ZONGULDAK BEÜ_PDL ALGO_DT_15092026	Won	Approved
O1024066	MERSİN ÜNİ DT 450 TEST - 2025-05-02 - 3500000 TRY - MERSİN ÜNİVERSİTESİ REKTÖRLÜĞÜ (0061004230) Turkey	Approved	Approved
O1018875	Clone of AVCILAR UMUT LABORATUVARI_CC_IM_20012023	Approved	Approved
O1018977	ÇUBUK DH_CC_2023_87130	Approved	Approved
O1024103	Mardin Cihanpol SWA - 2025-06-28 - 140000 EUR - DİYAR-MED SAĞLIK ÜRÜNLERİ SAN. (0061000054) Turkey	Won	Approved
O1019083	ÜSKÜDAR HOSPITALTÜRK_CC_27022023	Completed	Disapproved
O1019083	ÜSKÜDAR HOSPITALTÜRK_CC_27022023	Completed	Approved
O1018782	EMSEY HASTANESİ_UR_18012023	Approved	Approved
O1021938	Clone of BURSA HSL CİHAZ KİRALAMA - 2024-07-31 - 15000 EUR - DEVA KİMYA SANAYİ VE TİCARET L (0061000074) Turkey	Approved	Approved
O1026230	KOCAELİ ÜNVERSİTESİ_SWA_2025_1672758	Won	Approved
O1018734	DİYARBAKIR HS_CC_IM_2022_1453104	Won	Approved
O1026065	Ege uni multiplate - 2026-03-11 - 6000 EUR - VİTROLAB LABORATUVAR SİSTEMLER (0061000469) Turkey	Won	Approved
O1017674	ERZURUM ATATÜRK ÜNV_ISD_2022_786410	Approved	Cancelled
O1017674	ERZURUM ATATÜRK ÜNV_ISD_2022_786410	Approved	Approved
O1017731	QPCR Çalışması - 2022-09-20 - 400000 - TRY - KURUL LABORATUVAR ÜRÜNLERİ İTH (ACC-0004322509) - Turkey	Won	Approved
O1020021	MMT_Amerikan_SWA - 2023-09-01 - 3000000 - TRY - GÜNEY TIP TIBBİ CİH.KİM.MADD.L (0061000029) - Turkey	Approved	Reset
O1020021	MMT_Amerikan_SWA - 2023-09-01 - 3000000 - TRY - GÜNEY TIP TIBBİ CİH.KİM.MADD.L (0061000029) - Turkey	Approved	Approved
O1020021	MMT_Amerikan_SWA - 2023-09-01 - 3000000 - TRY - GÜNEY TIP TIBBİ CİH.KİM.MADD.L (0061000029) - Turkey	Approved	Cancelled
O1020078	Bayınıdr Acc Inf - 2023-08-31 - 20000 - EUR - BAYEK TEDAVİ SAĞLIK HİZMETLERİ (0061000023) - Turkey	Completed	Approved
O1025227	MANVGAT DH_IHC_DT_27102025	Won	Approved
O1022963	MERAM DH_ID_2024_1437131	Completed	Approved
O1022963	MERAM DH_ID_2024_1437131	Completed	Disapproved
O1021037	Ö.Dünya Hastanesi - 2024-01-30 - 70000 - EUR - DİYAR-MED SAĞLIK ÜRÜNLERİ SAN. (0061000054) - Turkey	Completed	Approved
O1016388	GE_Mirco HIV Center 2022	Won	Approved
O1026762	Düzen Lab_SWA_28042026	Won	Approved
O1026762	Düzen Lab_SWA_28042026	Won	Disapproved
O1024652	AĞRI EAH_IHC_2025_997464	Approved	Approved
O1024315	MARDİN İSM_ID_2025_732631	Approved	Approved
O1021793	Yaşam Has. UR - 2024-05-31 - 12000 EUR - DİYAR-MED SAĞLIK ÜRÜNLERİ SAN. (0061000054) Turkey	Completed	Approved
O1021513	TRT Genel Md_IM - 2024-05-01 - 1000000 - TRY - TRT GENEL MÜDÜRLÜĞÜ (0061000553) - Turkey	Completed	Approved
O1026817	Bodrum Amerikan_IM_CC_08052026	Won	Reset
O1026817	Bodrum Amerikan_IM_CC_08052026	Won	Cancelled
O1024810	Kocaeli PPP AON - 2025-09-30 - 3672 EUR - NUKLEUS SAĞLIK HİZMETLERİ A.Ş. (0061000175) Turkey	Won	Reset
O1024810	Kocaeli PPP AON - 2025-09-30 - 3672 EUR - NUKLEUS SAĞLIK HİZMETLERİ A.Ş. (0061000175) Turkey	Won	Approved
O1024810	Kocaeli PPP AON - 2025-09-30 - 3672 EUR - NUKLEUS SAĞLIK HİZMETLERİ A.Ş. (0061000175) Turkey	Won	Reset
O1021148	BALKAN DERMAN HASTANELERİ_CC_IM_24012024	Approved	Approved
O1025032	Kanuni EAH PD-L1 Antikoru_19092025	Won	Approved
O1025222	BOZOK ÜNV_SWA_PAZARLIK_2025_1837376	Cancelled	Disapproved
O1025222	BOZOK ÜNV_SWA_PAZARLIK_2025_1837376	Cancelled	Approved
O1024356	ANTALYA EAH_RTD_ONKOLOJİ_PAZARLIK_2025_847811	Won	Approved
O1026746	2026_577001_SİNOP İSM_ID	Approved	Disapproved
O1026746	2026_577001_SİNOP İSM_ID	Approved	Approved
O1018927	POLATLI DH_CC_2023_62902	Approved	Approved
O1018927	POLATLI DH_CC_2023_62902	Approved	Cancelled
O1026668	UZ_Blood banks Project (NAT-IDT) RR MPX 480 pack_V2_cobas 5800_Hamilton	In Progress	Cancelled
O1024206	TRAKYA ÜNİVERSİTESİ_DT_Ca-15-3_16052025	Won	Approved
O1024982	Clone of ANKARA HS_RMD_4 AYLIK_2025_858804	Won	Approved
O1026752	2026_637119_IĞDIR İSM_SWA	Won	Approved
O1026348	2026_369084_AKSARAY İSM_ID	Approved	Approved
O1026267	BAYINDIR HAST_PATOLOJİ_04032026	Won	Approved
O1025703	ÇİĞLİ EAH_VİROLOJİ_2025_2029783	Approved	Disapproved
O1025703	ÇİĞLİ EAH_VİROLOJİ_2025_2029783	Approved	Approved
O1021644	AZ_Azerimed_C4800 - 2024-04-15 - 524400 - EUR - AZERIMED CJSC (0061004052) - Azerbaijan	Cancelled	Approved
O1022471	BATMAN İSM_IHC_2024_1092062	Completed	Approved
O1023129	TUZLA MERCAN HASTANESİ_CC_IM_22122024	Approved	Approved
O1024108	Özel Güven Cobas Pulse - 2024-12-31 - 40000 EUR - ÖZEL ANKARA GÜVEN HASTANESİ (0061004289) Turkey	In Progress	Disapproved
O1022053	MERSİN ÜNİVERSİTESİ_BG_2024_770155	Approved	Approved
O1022053	MERSİN ÜNİVERSİTESİ_BG_2024_770155	Approved	Disapproved
O1020342	DAB Antikor Alımı - 2023-10-16 - 720000 - TRY - EPİFARMA KİMYASAL VE TIBBİ ÜRÜ (0061004345) - Turkey	Won	Approved
O1022646	BALIKESİR ATATÜRK ŞEHİR HASTANESİ_RTD_IHC_DT_0210202	Won	Approved
O1020820	ÜMİT HASTANESİ GENÇ MEDİKAL_CC_IM_03122023	Completed	Approved
O1020820	ÜMİT HASTANESİ GENÇ MEDİKAL_CC_IM_03122023	Completed	Reset
O1020820	ÜMİT HASTANESİ GENÇ MEDİKAL_CC_IM_03122023	Completed	Reset
O1018071	GÜLHANE EAH_ID_2022_1004854	Approved	Approved
O1016951	ANKARA ÜNİVERSİTESİ_HPV_2022_1305920	Completed	Approved
O1016951	ANKARA ÜNİVERSİTESİ_HPV_2022_1305920	Completed	Reset
O1026717	paü 2026TIPF008 - 2026-05-11 - 3600000 TRY - PAMUKKALE ÜNİVERSİTESİ BİLİMSE (0061000541) Turkey	Won	Approved
O1023190	UPDATED_AZ_BB_NAT-LS_2024 - 2024-03-01 - Labservis Ltd. (0061000004) - Azerbaijan	Cancelled	Approved
O1025938	Akbank - 2026-03-19 - 95000 EUR - ALGEN TIBBİ ÜRÜNLER VE SAĞLIK  (0061000032) Turkey	Approved	Approved
O1020124	Clone of 2022_KZ_Olymp-All instruments_18M tests	Approved	Approved
O1021759	FATİH SULTAN MEHMET EAH_RTD_IHC_SISH_2024_583017	Approved	Approved
O1023386	İZMİR TEPECİK EAH_ RMD_PAZARLIK_2025_19585	Completed	Approved
O1018727	AKSARAY EAH_COAG_2022_1433761	Approved	Approved
O1017514	Clone of Clone of İSTANBUL ÜNİVERSİTESİ CERRAHPAŞA_EBER_DT_26072022	Won	Approved
O1018432	Türklab IM Kira - 2022-12-31 - 200000 - TRY - TÜRKLAB LAB VE GÖRÜNTÜLEME SİS (0061005761) - Turkey	Approved	Approved
O1017534	Omega Pro Lab. CC_IM - 2023-09-01 - 150000 - TRY - DETAY LAB. CİH. SAN. VE TİC. A (0061000026) - Turkey	Won	Approved
O1024553	Clone of İSLAB 1 MOLEKÜLER_SARTRON BİYOTEKNOLOJİ_2025_739894	Approved	Approved
O1019896	ANKA H_SWA - 2023-08-01 - 3500000 - TRY - GÜNEY TIP TIBBİ CİH.KİM.MADD.L (0061000029) - Turkey	Approved	Approved
O1021170	ÖZEL AKTIP HASTANESİ - 2024-02-29 - 86000 - EUR - İLMED İLAÇ ve MEDİKAL ÖZEL  LA (0061000027) - Turkey	Approved	Approved
O1022254	DÜZCE İSM_SWA_IM_HİZMET ALIMI_2024_908961	Approved	Approved
O1017384	EMSEY HOSPITAL_COAG_06072022	Approved	Approved
O1016956	ISPARTA İSM (HS)_CC_IM_ID_UR_2022_317967	Approved	Approved
O1018377	SİNOP İSM - IM - 2022-12-31 - 9000000 - TRY - İLMED İLAÇ ve MEDİKAL ÖZEL  LA (0061000027) - Turkey	Approved	Approved
O1020658	Selçuk Üni Dt 1 - 2023-11-15 - 500000 - EUR - DETAY LAB. CİH. SAN. VE TİC. A (0061000026) - Turkey	Won	Approved
O1027337	GAZİ ÜNİV_DT_Antikor_1582 sayı_08072026	Approved	Reset
O1027337	GAZİ ÜNİV_DT_Antikor_1582 sayı_08072026	Approved	Approved
O1021277	BİLECİK İSM_RTD_IHC_2024_28627	Approved	Approved
O1022476	Clone of Clone of İSTANBUL ÜNİVERSİTESİ_ÇAPA SWA_2024_961628	Approved	Approved
O1025514	ÇANKIRI İSM_COAG_2025_1853350	Approved	Approved
O1023465	Q_PCR - METABİO - 2025-03-31 - 1000000 EUR - METABİO YAŞAM BİLİMLERİ A.Ş. (ACC-0004891471) Turkey	Won	Disapproved
O1023465	Q_PCR - METABİO - 2025-03-31 - 1000000 EUR - METABİO YAŞAM BİLİMLERİ A.Ş. (ACC-0004891471) Turkey	Won	Approved
O1020903	BURTOM ÖZLÜCE_CC-_IM_13122023	Approved	Approved
O1016919	Cobas 4800 DT HPV Alımı	Won	Approved
O1023798	KONYA İSM_İLÇELER_CC_2025_214337	Approved	Approved
O1019973	ISPARTA İSM İLÇELER_IM_ID_2023_677375	Won	Approved
O1024426	MARDİN EAH 1000 DAB DT - 2025-07-03 - 5000000 TRY - MARDİN DEVLET HASTANESİ (0061005325) Turkey	Won	Approved
O1022858	GİRESUN İSM CİHAZ KİRA - 2024-11-30 - 50000 EUR - İLMED İLAÇ ve MEDİKAL ÖZEL  LA (0061000027) Turkey	Won	Started
O1022858	GİRESUN İSM CİHAZ KİRA - 2024-11-30 - 50000 EUR - İLMED İLAÇ ve MEDİKAL ÖZEL  LA (0061000027) Turkey	Won	Reset
O1024800	Clone of Clone of AMERİKAN HASTANESİ_GLUCOMETRE_POC_21012025	Won	Approved
O1021483	ÜSKİDAR DH_RTD_500 TEST ıhc_DT_15032024	Won	Approved
O1021918	ARDAHAN İSM_IM_2024_756795	Cancelled	Reset
O1027275	İBNİ SİNA TM_HIS MEDİKAL_CC_IM_03072026	Approved	Approved
O1024808	Medicana Hastanesi - 2025-10-01 - 30000 EUR - ÖZGÜN KİMYEVİ MADDE TIBBİ MALZ (0061000040) Turkey	Approved	Approved
O1024808	Medicana Hastanesi - 2025-10-01 - 30000 EUR - ÖZGÜN KİMYEVİ MADDE TIBBİ MALZ (0061000040) Turkey	Approved	Cancelled
O1019123	DÜZCE ÜNİVERSİTESİ_COAG_2023_148542	Lost	Approved
O1019123	DÜZCE ÜNİVERSİTESİ_COAG_2023_148542	Lost	Disapproved
O1018845	CERRAHPAŞA TF_RTD_FITC_DT_24012023	Won	Approved
O1027771	2026_1450429_14.KISIM_RTD IHC_BURSA İSM	Approved	Approved
O1024649	KTÜ_ID_MS_2025_917672	Approved	Approved
O1024649	KTÜ_ID_MS_2025_917672	Approved	Disapproved
O1020917	MALATYA İSM_PAZARLIK_ID_2023_1454424	Completed	Approved
O1026729	2026_2 DIACORE MIKROPAT - 2026-06-30 - 180000 EUR - DİACORE DİAGNOSTİK SİSTEMLER A (0061006157) Turkey	Approved	Reset
O1019635	DOKUZ EYLÜL ÜNİVERSİTESİ_RTD IHC_DT_10052023	Won	Approved
O1022291	GAZİANTEP İSM_COAG_2024_883279	Approved	Approved
O1022387	ANTALYA İSM_CC_BGAS_4.KISIM_2.GRUP_2024_945797	Approved	Approved
O1022387	ANTALYA İSM_CC_BGAS_4.KISIM_2.GRUP_2024_945797	Approved	Cancelled
O1022387	ANTALYA İSM_CC_BGAS_4.KISIM_2.GRUP_2024_945797	Approved	Cancelled
O1022387	ANTALYA İSM_CC_BGAS_4.KISIM_2.GRUP_2024_945797	Approved	Cancelled
O1026272	2026_137835_AKDENİZ ÜNİVERSİTESİ_EBV PANEL	Approved	Approved
O1019812	BAYINDIR_RTD 3000 TEST_12062023	In Progress	Disapproved
O1016832	VİTALE HASTANESİ_PREEKLAMPSİ_08042022	Approved	Approved
O1024907	İZMİR İSM_19.KISIM_UR_2025_1235598	Approved	Approved
O1022990	Lokman Hekim Alab_Revize - 2024-12-31 - 1800000 EUR - LOKMAN HEKİM AKAY TIBBİ HİZ.Tİ (0061004603) Turkey	Approved	Cancelled
O1022990	Lokman Hekim Alab_Revize - 2024-12-31 - 1800000 EUR - LOKMAN HEKİM AKAY TIBBİ HİZ.Tİ (0061004603) Turkey	Approved	Approved
O1027000	Clone of 2026_1 DIACORE BASKENT - 2026-06-30 - 180000 EUR - DİACORE DİAGNOSTİK SİSTEMLER A (0061006157) Turkey	Approved	Approved
O1025490	GAZİ YAŞARGİL EAH_RTD_DAB BAP_21112025	Approved	Approved
O1019895	Clone of TRAKYA ÜNİVERSİTESİ_RMD_MTBC,HIV RNA_DT_13062023	Approved	Approved
O1025474	KURUL LAB_KONYA VETERİNER_28112025	Approved	Approved
O1024051	FIRAT ÜNİ_İHK_2025_451447	In Progress	Disapproved
O1024051	FIRAT ÜNİ_İHK_2025_451447	In Progress	Cancelled
O1016765	GELİŞİM LAB_LC480 KİRA_31032022	In Progress	Initial
O1027640	2026_1423589_5.KISIM_ID_ANTALYA İSM_v2	Approved	Approved
O1025189	AKDENİZ ÜNİVERSİTESİ_RMD_VIROLOJİ_2025_1492338	Won	Approved
O1019840	ERCİYES ÜNİVERSİTESİ_ID_2023_685140	Completed	Reset
O1019840	ERCİYES ÜNİVERSİTESİ_ID_2023_685140	Completed	Approved
O1027635	2026_1418685_6.KISIM_CC_IM_ANTALYA İSM_ŞEHİR HASTANESİ	In Progress	Disapproved
O1018427	Clone of KTÜ_MS_ID_2022_1195742	Won	Approved
O1026871	EGE ÜN. TIP FAK. GLU STRİ - 2026-09-09 - 6000000 TRY - EGE UNV HAST KLİNİK BİYOKİMYA  (0061001040) Turkey	In Progress	Cancelled
O1022595	Selçuk Üni BAP - 2024-10-16 - 15000 EUR - DETAY LAB. CİH. SAN. VE TİC. A (0061000026) Turkey	Won	Approved
O1022414	BURSA İSM_ID_cobas 6000_4000_2024_923745	Approved	Disapproved
O1022414	BURSA İSM_ID_cobas 6000_4000_2024_923745	Approved	Approved
O1024503	ANKARA HS_RMD_4 AYLIK_2025_858804	Approved	Approved
O1023922	MUĞLA İSM_HS_SWA_2025_332368	In Progress	Disapproved
O1022904	DENİZLİ İSM_RTD_IHC_2024_1384878	Completed	Approved
O1018555	KONYA MERAM DH_IM_2022_1057632	Approved	Approved
O1022684	Selçuk Uni DT - 2024-10-23 - 18000 EUR - DETAY LAB. CİH. SAN. VE TİC. A (0061000026) Turkey	Approved	Approved
O1025224	Van EAH_CC_IM_ID_Pre_2025_1906973	Approved	Approved
O1027159	Aydın Sehir 2026-321 İHC - 2026-06-30 - 996000 TRY - AYDIN ŞEHİR HASTANESİ (0061006256) Turkey	Won	Approved
O1022381	ANTALYA İSM_1.KISIM CARDIAC_2024_945797	Completed	Approved
O1022381	ANTALYA İSM_1.KISIM CARDIAC_2024_945797	Completed	Disapproved
O1021778	Guncel of BİOGEN-BİLKENTPPP EURO - 2024-06-30 - 780000 EUR - BİOGEN DİAGNOSTİK SİSTEMLER A. (0061004859) Turkey	Cancelled	Cancelled
O1021778	Guncel of BİOGEN-BİLKENTPPP EURO - 2024-06-30 - 780000 EUR - BİOGEN DİAGNOSTİK SİSTEMLER A. (0061004859) Turkey	Cancelled	Cancelled
O1027521	Çukurova Üni DT 229492 - 2026-09-22 - 10000 EUR - DETAY LAB. CİH. SAN. VE TİC. A (0061000026) Turkey	Won	Approved
O1017835	test again	In Progress	Cancelled
O1018214	ÖZEL GÖZDE GRUBU HASTANELERİ_CC_IM_04112022	Approved	Approved
O1026451	BANDIRMA EAH ID_ D.TEMİN - 2026-04-15 - 60000 EUR - DEVA KİMYA SANAYİ VE TİCARET L (0061000074) Turkey	Cancelled	Disapproved
O1026451	BANDIRMA EAH ID_ D.TEMİN - 2026-04-15 - 60000 EUR - DEVA KİMYA SANAYİ VE TİCARET L (0061000074) Turkey	Cancelled	Approved
O1021374	Clone of Clone of Clone of ZONGULDAK İSM_SWA_2023_1007834	Completed	Approved
O1024665	BAHAT HOSPITAL_ÖZGÜN_CC_30072025	Approved	Approved
O1027329	KTÜ BAP Projesi - 2026-07-31 - 1920000 TRY - K.T.Ü. REK. BİL. ARŞ. PROJ. KO (0061000462) Turkey	Won	Cancelled
O1027329	KTÜ BAP Projesi - 2026-07-31 - 1920000 TRY - K.T.Ü. REK. BİL. ARŞ. PROJ. KO (0061000462) Turkey	Won	Approved
O1022994	SÜLEYMAN DEMİREL ÜNİVERSİTESİ_CC_2024_1423211	Won	Approved
O1024539	İSLAB 4 MOLEKÜLER_SARTRON BİYOTEKNOLOJİ_ 2025_739894	Approved	Approved
O1023317	GENTAN_SEQ_07012025	Approved	Approved
O1022354	VAN 100. YIL ÜNV_2024_939530_57-62. KALEM	Approved	Approved
O1019238	Clone of ESKİŞEHİR ÖZEL ANADOLU HASTANESİ_CC_IM_26122022	Completed	Approved
O1022073	TARSUS DH_CC_IM_ID_UR_COAG_2024_815831	Approved	Approved
O1025493	BRS_BSK GLUKOMETRE PULSE - 2025-12-31 - 1500000 EUR - DİACORE DİAGNOSTİK SİSTEMLER A (0061006157) Turkey	Cancelled	Approved
O1025493	BRS_BSK GLUKOMETRE PULSE - 2025-12-31 - 1500000 EUR - DİACORE DİAGNOSTİK SİSTEMLER A (0061006157) Turkey	Cancelled	Cancelled
O1023163	<KG>_<ADB, SWA lots-2002>_<2024>	Approved	Approved
O1022222	MEMORIAL_SEQ_29072024	Approved	Disapproved
O1022222	MEMORIAL_SEQ_29072024	Approved	Approved
O1027735	SÜTÇÜ İMAM ÜNİ ANTİKOR DT - 2026-09-24 - 1500000 TRY - KAHRAMANMARAŞ SÜTÇÜ İMAM ÜNİV  (0061003755) Turkey	Won	Approved
O1026309	ÖZEL SAMSUN MEDİBAFRA_10032026	Won	Approved
O1017081	2000 TIP MERKEZİ_CC_25052022	Won	Approved
O1023737	ANKARA ONKOLOJİ RTD_PROJE DR. İLKNUR DELİKTAŞ_26022025	Won	Approved
O1025775	ZONGULDAK KADIN DOĞUM HASTANESİ_ID_CARDIAC_PAZARLIK_2025_2397233	Won	Approved
O1023793	Güven Hast. C311 - 2025-04-30 - 2000 EUR - DETAY LAB. CİH. SAN. VE TİC. A (0061000026) Turkey	Approved	Approved
O1026960	2026_902441_TRABZON KANUNİ EAH_RTD_PAZARLIK	Won	Approved
O1020627	SAKARYA İSM_PCT_DT_25102023	Won	Approved
O1024855	MERSİN ÜNİ DT 384 TEST PC - 2025-09-18 - 9000000 TRY - MERSİN ÜNİVERSİTESİ REKTÖRLÜĞÜ (0061004230) Turkey	Approved	Approved
O1024855	MERSİN ÜNİ DT 384 TEST PC - 2025-09-18 - 9000000 TRY - MERSİN ÜNİVERSİTESİ REKTÖRLÜĞÜ (0061004230) Turkey	Approved	Disapproved
O1024776	ESKİŞEHİR OSMANGAZİ ÜNİV._BAP ALIMI_IL-6_07082025	Won	Approved
O1024102	DOKUZ EYLÜL ÜNİVERSİTESİ_ID_2025_541712	In Progress	Started
O1016897	Ek Kira Ur Yüreğir - 2022-04-30 - 30000 - TRY - DETAY LAB. CİH. SAN. VE TİC. A (0061000026) - Turkey	Completed	Approved
O1021218	SİVRİHİSAR DH_2024 DT_31012024	Won	Approved
O1021961	BALIKESİR ATATÜRK DH_RTD_IHC_DT_10062024	Won	Cancelled
O1021961	BALIKESİR ATATÜRK DH_RTD_IHC_DT_10062024	Won	Approved
O1018856	Kocaeli PPP DP - 2023-03-31 - 10000000 - TRY - NUKLEUS SAĞLIK ÜRÜNLERİ TANI H (0061000175) - Turkey	Approved	Approved
O1018856	Kocaeli PPP DP - 2023-03-31 - 10000000 - TRY - NUKLEUS SAĞLIK ÜRÜNLERİ TANI H (0061000175) - Turkey	Approved	Cancelled
O1026071	DUZCE UNIV DT_RTD_ROS_06022026	Won	Approved
O1025682	Selçuk DT 2 - 2026-01-24 - 100000 EUR - DETAY LAB. CİH. SAN. VE TİC. A (0061000026) Turkey	Won	Approved
O1027128	Clone of 2026_836082_SELÇUK ÜNİVERSİTESİ_CC_IM_ID_Instrument Sale	Approved	Approved
O1027926	Tes_client_3.26.8.0	Approved	Approved
O1023608	ADANA İSM_İLÇELER_SWA_UR_COAG_GLU_BG_2025_67452	Approved	Approved
O1024046	Clone of AMERİKAN HASTANELER GRUBU_CC_IM_V6_15042025	Won	Approved
O1020480	İZMİR İSM_RTD_5.KISIM_IHC_2023_848639	Approved	Approved
O1018253	BURGEN GENETİK_RTD_04112022	Won	Approved
O1023036	KİLİS İSM_BG_2024_1428405	Approved	Approved
O1027681	NUCLEUS GENETİK_KAPA HYPER_24082026	Won	Approved
O1016967	AZ_Blood Bank_LS - 2022-04-25_Labservis Ltd. (0061000004) - Azerbaijan	Approved	Approved
O1020973	İSTANBUL KHB-5_MULTIPLATE_GAZİ KİMYA_2023_1314813	Approved	Approved
O1023707	NESİLLER GEN. LİKİT_CGP_21022025	Approved	Approved
O1027289	2026_1081742_1.KISIM_CC_IM_ID_ISPARTA İSM_Instrument Rental Offer	Approved	Approved
O1025366	ATATÜRK ÜNİVERSİTESİ_RTD_IHC_BAP ALIMI_30102025	Won	Approved
O1027668	Clone of 2026_1359398_SELÇUK ÜNİ_IHC	Approved	Approved
O1020002	İSTANBUL ÜNİVERSİTESİ CTF_SEQ  NGS_2023_569534	Approved	Disapproved
O1020002	İSTANBUL ÜNİVERSİTESİ CTF_SEQ  NGS_2023_569534	Approved	Approved
O1027287	2026_1081742_8.KISIM_CC_ISPARTA ISM İLÇELER_Instrument Rental Offer	Approved	Approved
O1019364	MEMORİAL HASTANESİ_E411 KİRA_31032023	Won	Approved
O1026951	Clone of AK HAYAT_2026_662121_3.KISIM_İSLAB_5_RMD	Approved	Approved
O1017042	Clone of İSLAB 3 _ C702 KİRASI_10052022	Won	Approved
O1017492	ERCİYES ÜNİVERSİTESİ_SEQ_İZOLASYON_ALTERNATİF 2_01082022	Approved	Approved
O1021524	Clone of IĞDIR İSM_SWA_2023_1064557	Completed	Approved
O1026104	2026_149644_BURDUR İSM_IM	Approved	Approved
O1027629	ACIBADEM Labmed Merkez Otomasyon_Vertical CCM_CİHAZ SATIŞ	Approved	Approved
O1016858	ANKARA ÜNİVERSİTESİ_3.KISIM_CISH+SISH_2022_235528	Won	Approved
O1022687	Sistem Coag Mersin - 2024-12-26 - 30000 EUR - DETAY LAB. CİH. SAN. VE TİC. A (0061000026) Turkey	Won	Approved
O1019115	GAZİ ÜNİVERSİTESİ_GENETİK_2023_115037	Completed	Disapproved
O1019115	GAZİ ÜNİVERSİTESİ_GENETİK_2023_115037	Completed	Approved
O1023311	Erzin Sevgi Hast - 2025-01-31 - 50000 EUR - DETAY LAB. CİH. SAN. VE TİC. A (0061000026) Turkey	Approved	Approved
O1022534	ÖZEL ERCİYES 2024 - 2025-12-15 - 0 TRY - KAYSERİ ERCİYES SAĞLIK HİZMETL (0061005212) Turkey	Completed	Approved
O1020505	NASMED_EGEPOL _SWA_23102023	Completed	Approved
O1017110	ARDAHAN İSM_ID_2022_443421	Approved	Approved
O1018403	Clone of BARTIN İSM - 2022-12-31 - 17000000 - TRY - İLMED İLAÇ ve MEDİKAL ÖZEL  LA (0061000027) - Turkey	In Progress	Cancelled
O1018403	Clone of BARTIN İSM - 2022-12-31 - 17000000 - TRY - İLMED İLAÇ ve MEDİKAL ÖZEL  LA (0061000027) - Turkey	In Progress	Cancelled
O1018403	Clone of BARTIN İSM - 2022-12-31 - 17000000 - TRY - İLMED İLAÇ ve MEDİKAL ÖZEL  LA (0061000027) - Turkey	In Progress	Cancelled
O1018403	Clone of BARTIN İSM - 2022-12-31 - 17000000 - TRY - İLMED İLAÇ ve MEDİKAL ÖZEL  LA (0061000027) - Turkey	In Progress	Cancelled
O1018403	Clone of BARTIN İSM - 2022-12-31 - 17000000 - TRY - İLMED İLAÇ ve MEDİKAL ÖZEL  LA (0061000027) - Turkey	In Progress	Reset
O1018894	KZ_2023_INVIVO	Approved	Approved
O1018894	KZ_2023_INVIVO	Approved	Disapproved
O1021400	HAYDARPAŞA EAH_RTD_500 TEST IHK DT_04032024	Approved	Approved
O1024674	MERSİN ÜNİ 81653 DT 650 - 2025-08-28 - 5000000 TRY - MERSİN ÜNİVERSİTESİ REKTÖRLÜĞÜ (0061004230) Turkey	Approved	Approved
O1025808	SAMSUN MEDICALPARK_ULTRA CİHAZ KİRA_26122025	Won	Approved
O1021805	GAZİ ÜNİVERSİTESİ_SP IM_2024_646615	Completed	Approved
O1018914	BALKAN_DERMAN HASTANELERİ_CC_IM_02022023	Completed	Approved
O1019558	NAMIK KEMAL ÜNİVERSİTESİ_RTD_IHC_DT_29042023	Approved	Approved
O1027254	YÖNTEM LAB._SWA - 2026-07-31 - 300000 EUR - NUKLEUS SAĞLIK HİZMETLERİ A.Ş. (0061000175) Turkey	Won	Approved
O1018523	ANKARA ÜNİVERSİTESİ_SWA_2022_1305920	Completed	Approved
O1018523	ANKARA ÜNİVERSİTESİ_SWA_2022_1305920	Completed	Cancelled
O1022348	OSMANİYE İSM_BG_2024_945803	Approved	Approved
O1017253	ÖZEL BİYOTIP LABORATUVARI_CC_IM_ID_17062022	Won	Approved
O1017253	ÖZEL BİYOTIP LABORATUVARI_CC_IM_ID_17062022	Won	Disapproved
O1017253	ÖZEL BİYOTIP LABORATUVARI_CC_IM_ID_17062022	Won	Disapproved
O1024941	Konya Numune Has_IM_DT_04092025	Approved	Approved
O1026043	METABİO_LC 480_05022026	Approved	Approved
O1025548	Ümit Hastaneleri CC IM - Eski Cihaz	Won	Approved
O1024538	İSLAB 3 MOLEKÜLER_SARTRON BİYOTEKNOLOJİ_2025_739894	Approved	Approved
O1027035	2026_719099 BALIKESİR İSM_ID	Approved	Approved
O1026754	TOSUN LABORATUVARI_CC_27042026	Won	Disapproved
O1026754	TOSUN LABORATUVARI_CC_27042026	Won	Approved
O1026754	TOSUN LABORATUVARI_CC_27042026	Won	Cancelled
O1023397	<KG>_<ADB, lot 2001>_<2025>	Approved	Approved
O1027404	EGE ÜNİ  DT1240954 PD-L1 - 2026-08-10 - 840000 TRY - EGE ÜNİVERSİTESİ UYGULAMA VE A (0061003806) Turkey	Won	Approved
O1027144	DETAY-BAŞKENT ÜNİ HP RNA - 2026-07-23 - 500000 TRY - DETAY LAB. CİH. SAN. VE TİC. A (0061000026) Turkey	Won	Approved
O1018288	FLORYA HASTANESİ_CC_IM_ID_14112022	Approved	Approved
O1021325	DÜZCE ÜNİVERSİTESİ_SWA_2024_136631	Completed	Cancelled
O1021325	DÜZCE ÜNİVERSİTESİ_SWA_2024_136631	Completed	Approved
O1020262	UZ_HPV UNOPS project (4x6800)	Approved	Approved
O1018054	DOKUZ EYLÜL ÜNİVERSİTESİ_RTD_SISH-CISH_DT_ALIM NO:2022-6531_17102022	Completed	Approved
O1025208	BEYHEKİM EAH_AMATEM_2025_1624930	Approved	Approved
O1019589	QPCR TEKLİFİMİZ - 2023-04-18 - 500000 - TRY - KURUL LABORATUVAR ÜRÜNLERİ ELE (0061004171) - Turkey	Completed	Approved
O1025975	Clone of E-Lab - 2026-03-15 - 220000 EUR - ALGEN TIBBİ ÜRÜNLER VE SAĞLIK  (0061000032) Turkey	Approved	Approved
O1023200	Özel 7M HastanesiSWA - 2025-02-10 - 400000 EUR - AKÇAABAT ÖZEL SAĞLIK HİZMETLER (0061005275) Turkey	Approved	Approved
O1020439	GAZİ ÜNİVERSİTESİ_RTD_DT_03102023	Won	Approved
O1021372	BOZYAKA EAH_SWA 9 AY_2024_124121	Approved	Approved
O1026119	MEMORIAL_RTD SEQ	Approved	Approved
O1022422	QPCR Teklifimiz - 2024-09-04 - 6000 EUR - KURUL LABORATUVAR ÜRÜNLERİ ELE (0061004171) Turkey	Won	Approved
O1023662	ONKOLOJİ_RTD_DT_17022025	Approved	Approved
O1025824	DOKUZ EYLÜL ÜNİ_UR_2172632	Approved	Approved
O1025565	ÇİĞLİ EAH_ID_2025_2029783	Approved	Approved
O1025433	GÜMÜŞHANE İSM_UR_2025_1883463	Approved	Approved
O1017859	MS_Approval_Test_Qwiz	In Progress	Cancelled
O1017859	MS_Approval_Test_Qwiz	In Progress	Initial
O1017859	MS_Approval_Test_Qwiz	In Progress	Cancelled
O1017859	MS_Approval_Test_Qwiz	In Progress	Disapproved
O1017859	MS_Approval_Test_Qwiz	In Progress	Cancelled
O1023432	Medline Koag- Ur - 2025-02-28 - 80000 EUR - DETAY LAB. CİH. SAN. VE TİC. A (0061000026) Turkey	Approved	Approved
O1023432	Medline Koag- Ur - 2025-02-28 - 80000 EUR - DETAY LAB. CİH. SAN. VE TİC. A (0061000026) Turkey	Approved	Cancelled
O1018140	KOCAELİ DERİNCE EAH_İHK_2022_1136617	Won	Approved
O1027949	ETLİK PPP IHK ANTİKOR	In Progress	Disapproved
O1020445	İZMİR İSM_RMD_8.KISIM VİROLOJİ_2023_869383	Approved	Approved
O1018212	<KZ>_<SRL Final>_<2022>	Approved	Cancelled
O1018212	<KZ>_<SRL Final>_<2022>	Approved	Approved
O1018971	PURSAKLAR DH_IM_2023_49394	Approved	Approved
O1026257	2026_65651_HACETTEPE ÜNİV_ IHK	Approved	Approved
O1027347	KORKUTELİ MEDİ YAŞAM_KAYA MEDİKAL_SWA_0807202	Won	Approved
O1021533	ABDURRAHMAN YURTASLAN ONKOLOJİ_RTD_21032024	Won	Approved
O1025553	İZMİR İSM_ATATÜRK EAH_2.KISIM_HPV_2025_1970574	Approved	Approved
O1026544	AZ_LS_PEDIATRIC_INST_InvCase_Pure_CE_5 yrs	Approved	Approved
O1024390	GAZİANTEP İSM_ID_2025_828556	Approved	Approved
O1021043	İ.Ü. ÇAPA_KARDİYAK_PAZARLIK_2024_12449	Approved	Approved
O1018999	Test_below_570eur	Approved	Reset
O1026947	BİOS_Antikor_15052026	Won	Approved
O1021433	<KZ>_<ALMATY_OHKZ>_<2025>	Approved	Disapproved
O1021433	<KZ>_<ALMATY_OHKZ>_<2025>	Approved	Cancelled
O1021433	<KZ>_<ALMATY_OHKZ>_<2025>	Approved	Cancelled
O1021433	<KZ>_<ALMATY_OHKZ>_<2025>	Approved	Cancelled
O1021433	<KZ>_<ALMATY_OHKZ>_<2025>	Approved	Approved
O1021433	<KZ>_<ALMATY_OHKZ>_<2025>	Approved	Cancelled
O1021433	<KZ>_<ALMATY_OHKZ>_<2025>	Approved	Cancelled
O1021433	<KZ>_<ALMATY_OHKZ>_<2025>	Approved	Disapproved
O1021433	<KZ>_<ALMATY_OHKZ>_<2025>	Approved	Cancelled
O1017145	Van ISM HbA1C - 2022-07-07 - 150000 - TRY - DİYAR-MED SAĞLIK ÜRÜNLERİ San. (ACC-0004052772) - Turkey	Approved	Approved
O1027231	MUSTAFA KEMAL ÜNİ DT - 2026-07-23 - 10000000 TRY - HATAY Mustafa Kemal Üniversite (0061006187) Turkey	Won	Approved
O1027207	19 Mayıs Navify - 2026-07-31 - 19000 EUR - NUCLEUS GENETİK ÜRÜNLERİ ANONİ (0061005513) Turkey	Won	Approved
O1018653	G.Antep_AKADEMİ_SWA - 2023-01-16 - 1500000 - TRY - GÜNEY TIP TIBBİ CİH.KİM.MADD.L (0061000029) - Turkey	Won	Approved
O1017636	VAN İSM_CC_IM_2022_768827	Completed	Approved
O1021629	ATAKENT HASTANELER GRUBU_CC_IM_18042024	Completed	Approved
O1021943	SİLİFKE DH_CC_38153690-934/640	Won	Approved
O1020201	İSTANBUL ÜNİVERSİTESİ ÇAPA_BGAS_2023_768172	Approved	Approved
O1023893	DİCLE ÜNİ.DT.HK 1650 TEST - 2025-04-10 - 10000000 TRY - DİCLE ÜNİVERSİTESİ TIP FAKÜLTE (0061003909) Turkey	Won	Approved
O1023876	GE_PSP_InvestCase_2025	Approved	Approved
O1025544	Clone of GAZİANTEP ÜNİVERSİTESİ_ID_2025_1780409	Approved	Approved
O1023857	İSLAB_2_AON PROGRAMI_12032025	Won	Approved
O1019739	AKSARAY ÜNİVERSİTESİ_HPV_DT_29052023	Won	Approved
O1017795	ULTRAMR_ADYMN_GÖZDE - 2022-10-03 - 1500000 - TRY - DİYAR-MED SAĞLIK ÜRÜNLERİ SAN. (0061000054) - Turkey	Won	Approved
O1020485	SUTCUIMAM_CC_IM_2023_982436	Completed	Cancelled
O1020485	SUTCUIMAM_CC_IM_2023_982436	Completed	Approved
O1020485	SUTCUIMAM_CC_IM_2023_982436	Completed	Cancelled
O1027608	2026_1447059_9.KISIM_PCR_ONDOKUZ MAYIS ÜNİVERSİTESİ	Approved	Reset
O1027608	2026_1447059_9.KISIM_PCR_ONDOKUZ MAYIS ÜNİVERSİTESİ	Approved	Cancelled
O1027608	2026_1447059_9.KISIM_PCR_ONDOKUZ MAYIS ÜNİVERSİTESİ	Approved	Approved
O1020503	ERDEM HASTANELERİ_CC_IM_ID_231018	Approved	Approved
O1020311	DT DAB Alımı - 2023-10-23 - 5280000 - TRY - VAN BÖLGE EĞİTİM VE ARAŞTIRMA  (0061004046) - Turkey	Won	Approved
O1019041	MENDERES DH_CC_2023_90706	Approved	Approved
O1020453	Selcuk Dt Anlaşma 2 - 2023-10-31 - 30000 - EUR - DETAY LAB. CİH. SAN. VE TİC. A (0061000026) - Turkey	Completed	Approved
O1027229	Gazi Ünv BAP_Canan Hanım_24062026	Approved	Approved
O1023570	MERSİN ÜNİ 1700 TEST DT - 2025-02-13 - 14000000 TRY - MERSİN ÜNİVERSİTESİ REKTÖRLÜĞÜ (0061004230) Turkey	Approved	Approved
O1017453	ACIBADEM MASLAK MERKEZ_SWA_25072022	Won	Disapproved
O1017453	ACIBADEM MASLAK MERKEZ_SWA_25072022	Won	Approved
O1021623	Clone of TOROS TARSUS_COAG_2024_284110	Approved	Approved
O1016898	Niğde Ek Kira Anlş - 2022-05-25 - 50000 - TRY - DETAY LAB. CİH. SAN. VE TİC. A (0061000026) - Turkey	Won	Approved
O1018569	ESKİŞEHİR YUNUS EMRE DH_CC SEROLOJİK TESTLER_2022_1486003	Completed	Approved
O1019528	BURGEN GENETİK_RTD_29042023	Won	Approved
O1017460	BOZYAKA EAH_RTD_PD-L1_DT_25072022	Won	Approved
O1021706	PENDİK MEDICAL PARK HASTANESİ_E411 KİRA_02052024	Approved	Approved
O1017537	MMT_Amerikan_H - 2023-03-31 - 3000000 - TRY - GÜNEY TIP TIBBİ CİH.KİM.MADD.L (0061000029) - Turkey	Won	Approved
O1020639	29 MAYIS DH_RTD_IHC_2023_1068303	Completed	Approved
O1026333	Kanuni EAH IHC DT - 2026-03-31 - 10800000 TRY - TRABZON KANUNİ EĞT.VE ARŞ.HAST (0061000536) Turkey	Won	Approved
O1021288	KAŞ TIP MERKEZİ_CC_IM_09022024	Completed	Approved
O1026934	2025_2128051_ISLAB-4_ADP_MULTIPLATE_PAZARLIK	Approved	Approved
O1018964	YAŞAM TIP MERKEZİ_CC_13022023	Approved	Approved
O1018964	YAŞAM TIP MERKEZİ_CC_13022023	Approved	Disapproved
O1023783	ŞANLIURFA İSM_IHC_2025_201912	Won	Approved
O1022955	GAZİ 77198 - 2025-01-02 - 232800 TRY - GAZİ ÜNİVERSİTESİ TIP FAKÜLTES (0061000084) Turkey	Won	Approved
O1017710	DENİZLİ HS_UR_2022_800303	Approved	Approved
O1027719	432_2026_IM_KKTC BAKANLIK_V2_2 CİHAZ SATIŞ_KALAN RR	Approved	Approved
O1027719	432_2026_IM_KKTC BAKANLIK_V2_2 CİHAZ SATIŞ_KALAN RR	Approved	Cancelled
O1025061	ESOGÜ BAP_CC_DT	Approved	Approved
O1021525	Clone of NAMIK KEMAL ÜNİVERSİTESİ_RTD_HPV_DT_18032024	Approved	Approved
O1021771	AYDIN ADNAN MENDERES ÜNİVERSİTESİ_RMD HIV_20052024	Approved	Disapproved
O1021771	AYDIN ADNAN MENDERES ÜNİVERSİTESİ_RMD HIV_20052024	Approved	Approved
O1016976	Clone of GAZİ ÜNİVERSİTESİ_RTD_BAP_19042022	In Progress	Cancelled
O1018474	Mardin İpekyolu IMCC - 2023-01-13 - 1500000 - TRY - DİYAR-MED SAĞLIK ÜRÜNLERİ San. (ACC-0004052772) - Turkey	Completed	Reset
O1018474	Mardin İpekyolu IMCC - 2023-01-13 - 1500000 - TRY - DİYAR-MED SAĞLIK ÜRÜNLERİ San. (ACC-0004052772) - Turkey	Completed	Approved
O1026709	2026_609372_BÜLENT ECEVİT ÜNİVERSİTESİ_ID_BAYİ	Won	Disapproved
O1026709	2026_609372_BÜLENT ECEVİT ÜNİVERSİTESİ_ID_BAYİ	Won	Approved
O1020585	Gazi Ünv Beta-HCG DT - 2024-05-31 - 200000 - TRY - GAZİ ÜNİVERSİTESİ TIP FAKÜLTES (0061000084) - Turkey	Won	Approved
O1020308	CELAL BAYAR ÜNİVERSİTESİ_RTD_2023_908735	Approved	Approved
O1027284	2026_1110050_LETGEN-MZKM	Won	Approved
O1016993	SAMSUN HSL 6AY PAZ. - 2022-12-31 - 8000000 - TRY - İLMED İLAÇ ve MEDİKAL ÖZEL  LA (0061000027) - Turkey	Won	Approved
O1027839	LETGEN_MAGNA PURE96_GENETİK	Approved	Approved
O1023878	SÜLEYMAN DEMİREL ÜNİVERSİTESİ_RTD_IHC_2025_138058	Approved	Approved
O1023878	SÜLEYMAN DEMİREL ÜNİVERSİTESİ_RTD_IHC_2025_138058	Approved	Disapproved
O1022280	ANTALYA MEDICALPARK_SWA_COBAS 6000_060820224	Approved	Approved
O1022280	ANTALYA MEDICALPARK_SWA_COBAS 6000_060820224	Approved	Disapproved
O1025995	2026_114503_DİYARBAKIR İSM_Pazarlık_IM_3 aylık	Won	Approved
O1025769	KAHRAMANMARAŞ İSM_UR_2025_2100558	Approved	Approved
O1023021	ANTALYA EAH_ID_2024_1604654	Approved	Approved
O1025520	BÜLENT ECEVİT ÜNİV._RTD_ ANTİKOR DC_2_21112025	Won	Approved
O1024159	MAGNA 2_SEQ_DETAGEN_07052025	Approved	Approved
O1020710	DORA HOSPITAL_CC_IM_08112023	Completed	Disapproved
O1020710	DORA HOSPITAL_CC_IM_08112023	Completed	Approved
O1027892	ERK DİA-MERSİN ÜNİ PRAME - 2026-10-22 - 500000 TRY - ERK DIAGNOSTIK OZEL SAGLIK HIZ (0061006093) Turkey	Approved	Approved
O1025180	ANTALYA İSM_IHC_2025_1445640	Approved	Approved
O1025180	ANTALYA İSM_IHC_2025_1445640	Approved	Cancelled
O1025180	ANTALYA İSM_IHC_2025_1445640	Approved	Disapproved
O1025180	ANTALYA İSM_IHC_2025_1445640	Approved	Cancelled
O1017532	AKDENİZ ÜNİVERSİTESİ_GLUCOMETRE_2022_732303	Approved	Approved
O1026800	2026_658381_IHC_MALATYA İSM	Approved	Disapproved
O1026800	2026_658381_IHC_MALATYA İSM	Approved	Approved
O1024366	Clone of ANTALYA EAH_RTD_IHC_PAZARLIK_2025_847811	Won	Approved
O1017923	KKTC ÖZÜNLÜ LABORAVURI_IM_ID_04102022	Completed	Approved
O1021932	BOZYAZI DH_CC_ 2024_744748	Won	Approved
O1026284	BALIKESİR DH_ID D.TEMİN - 2026-03-31 - 75000 EUR - DEVA KİMYA SANAYİ VE TİCARET L (0061000074) Turkey	Won	Approved
O1022441	Clone of EDİRNE İSM_SWA_PAZARLIK_2024_955073	Won	Approved
O1027088	2026_836082_SELÇUK ÜNİVERSİTESİ_CC_IM_ID_CİHAZ SATIŞ_V2	Approved	Approved
O1020735	GAMA_ID_2023 - 2024-01-01 - 1000000 - TRY - GÜNEY TIP TIBBİ CİH.KİM.MADD.L (0061000029) - Turkey	Approved	Approved
O1021819	Huzur Medikal 2024 - 2024-06-21 - 100000 EUR - DİYAR-MED SAĞLIK ÜRÜNLERİ San. (ACC-0004052772) Turkey	Completed	Approved
O1026587	DORA LAB_RTD_DAB_03042026	Won	Approved
O1024064	İSTANBUL ÜNİVERSTESİ_ÇAPA_KAN GAZI_2025_751355	Approved	Approved
O1021021	ANADOLU SAĞLIK_KİRA ANLAŞMASI_03012024	Won	Approved
O1022910	İZMİR EAH BOZYAKA_RMD_2024_1463896	Completed	Approved
O1022910	İZMİR EAH BOZYAKA_RMD_2024_1463896	Completed	Disapproved
O1022910	İZMİR EAH BOZYAKA_RMD_2024_1463896	Completed	Cancelled
O1021729	KKTC_LABMED_CC_IM_13052024	Completed	Approved
O1021729	KKTC_LABMED_CC_IM_13052024	Completed	Disapproved
O1027188	2026_985721_ARDAHAN İSM_SWA	Approved	Approved
O1018200	ADNAN MENDERES ÜNİVERSİTESİ_DT_HBV_31102022	Won	Approved
O1027368	2026_1194361_ANKARA ÜNV_KARDİYAK	Approved	Approved
O1027368	2026_1194361_ANKARA ÜNV_KARDİYAK	Approved	Disapproved
O1017462	ÖZEL BURTOM LABORATUVARI_UR_25072022	Approved	Approved
O1017730	Clone of GAZİ ÜNİVERSİTESİ_RTD_ANTİKOR_DT_05092022	Won	Approved
O1026338	2026_243402 ŞANLIURFA İSM_IHC	Approved	Disapproved
O1026338	2026_243402 ŞANLIURFA İSM_IHC	Approved	Approved
O1027203	İzmir Amerikan_cobas Pure_IM_CC_18062026	Won	Approved
O1018858	ÖZEL JİMER HASTANESİ_CC_IM_25012023	Completed	Approved
O1021879	Clone of BİOLAB_VİZYON ÇALIŞTAYI_07052024	In Progress	Disapproved
O1025114	Ultra_MR_Gözde_04092025	Won	Approved
O1020750	Mardin_Ek Cihaz_ID - 2023-11-24 - 350000 - TRY - DİYAR-MED SAĞLIK ÜRÜNLERİ SAN. (0061000054) - Turkey	Won	Approved
O1020773	ATATÜRK EAH_RTD_IHC_2023_1247774	Approved	Approved
O1025992	PAMUKKALE ÜNİVERSİTESİ_P512 İLAVE ADDİTİONAL ASSET KİRA_26012026	Won	Approved
O1023168	Clone of GİRESUN İSM_SWA_COAG_2024_1085734	Completed	Approved
O1021753	DİAFARMA_COBAS Z480 KİRA_15052024	Won	Approved
O1026769	2026_564790_KARABÜK İSM_CC_IM_COA	Approved	Approved
O1026769	2026_564790_KARABÜK İSM_CC_IM_COA	Approved	Disapproved
O1017595	RUMELİ HASTANESİ_IM_ID_15082022	Won	Approved
O1027078	ÖZEL EPC_CC_12062026	Won	Approved
O1021338	BURDUR İSM_CC_2024_89463	Approved	Approved
O1026114	2026_155487_ZONGULDAK İSM_GLUCOMETRE	Approved	Approved
O1026114	2026_155487_ZONGULDAK İSM_GLUCOMETRE	Approved	Cancelled
O1026114	2026_155487_ZONGULDAK İSM_GLUCOMETRE	Approved	Disapproved
O1027825	2026_1418685_3.KISIM 1.GRUP CC_ANTALYA İSM_v3	Approved	Approved
O1021412	TRAKYA ÜNİVERSİTESİ_ID_2024_137352	Approved	Approved
O1025091	BALIKESİR ÜNİ RTD_PDL1_DT_26092025	Approved	Approved
O1022352	Clone of ACIBADEM_MULTIPLATE_16072024	Approved	Approved
O1025818	ORDU ISM_SWA_PAZARLIK_2025_2422723	Won	Disapproved
O1025818	ORDU ISM_SWA_PAZARLIK_2025_2422723	Won	Approved
O1017709	GAZİ ÜNİVERSİTESİ_PCR MASTER KIT_DT_05092022	Won	Approved
O1020748	ESKİŞEHİR İSM_YUNUS EMRE DH_CC_IM_HbA1C_PAZARLIK_2023_1284527	Completed	Approved
O1020642	KKTC Kit&Sarf Alımı - 2023-11-24 - 57487 - EUR - BIOSYS LIMITED (0061005595) - Cyprus	Completed	Approved
O1020642	KKTC Kit&Sarf Alımı - 2023-11-24 - 57487 - EUR - BIOSYS LIMITED (0061005595) - Cyprus	Completed	Cancelled
O1025138	dashboard	In Progress	Started
O1025934	ÖZEL DORUK HAST. CC+IM - 2026-03-15 - 150000 EUR - DEVA KİMYA SANAYİ VE TİCARET L (0061000074) Turkey	Approved	Approved
O1017523	Q_PCR ETLİK VET. - 2022-09-30 - 30000 - TRY - ELİPS SAĞLIK ÜRÜNLERİ İTH.VE İ (0061000064) - Turkey	Won	Approved
O1027965	2026_1455599_1.KISIM_ID_SAKARYA ŞH_DC	Approved	Approved
O1027062	2026_1001398_CC_SÜLEYMAN DEMİREL ÜNİVERSTESİ_PAZARLIK	Won	Approved
O1025836	ESKİŞEHİR İSM_GLU_2025_1908097	Approved	Approved
O1017370	ANKARA DR.ABDURRAHMAN YURTASLAN HASTANESİ_RTD_3.KISIM_HER2_2022_663703	Won	Approved
O1022250	Epifarma Anlaşma - 2024-08-30 - 605000 EUR - EPİFARMA LABORATUVAR ÜRÜNLERİ  (0061004345) Turkey	Won	Approved
O1021375	Gazi Ünv-NT-ProBNP - 2024-04-30 - 3600000 - TRY - GAZİ ÜNİVERSİTESİ TIP FAKÜLTES (0061000084) - Turkey	Completed	Approved
O1025171	ALANYA  IHC _DT_10102025	Won	Approved
O1022470	ABAT TM_CC_05092024	Approved	Cancelled
O1022470	ABAT TM_CC_05092024	Approved	Cancelled
O1022470	ABAT TM_CC_05092024	Approved	Approved
O1018279	DATA LAB_CC_14112022	Won	Approved
O1020172	KARS İSM_SWA_2023_1039296	Completed	Cancelled
O1020172	KARS İSM_SWA_2023_1039296	Completed	Cancelled
O1020172	KARS İSM_SWA_2023_1039296	Completed	Approved
O1020172	KARS İSM_SWA_2023_1039296	Completed	Cancelled
O1026287	2026_169060_TEKİRDAĞ HS_SWA_V2_DC CİHAZ SATIŞ	Approved	Approved
O1017152	KAHRAMANMARAŞ İSM_CC_IM_2022_538534	Won	Approved
O1017739	VAN YÜZÜNCÜ YIL UNV_ID_2022_846910	Won	Approved
O1017739	VAN YÜZÜNCÜ YIL UNV_ID_2022_846910	Won	Cancelled
O1017739	VAN YÜZÜNCÜ YIL UNV_ID_2022_846910	Won	Cancelled
O1017739	VAN YÜZÜNCÜ YIL UNV_ID_2022_846910	Won	Cancelled
O1027688	2026_1482610_CUMHURİYET ÜNİ_SWA_BAYİ	Approved	Approved
O1020386	Clone of SİVAS İSM_ID_2023_878533	Completed	Approved
O1022861	ŞANLIURFA_İSM_CC_IM_PAZARLIK_2024_1478504	Completed	Approved
O1020652	VAN İSM_İHK_HK_2023_1091380	Completed	Approved
O1023780	BEÜ SISH DT - 2025-05-01 - 240000 TRY - BÜLENT ECEVİT ÜNİV. UYGULAMA V (0061000208) Turkey	Completed	Approved
O1021630	A. KEMAL BELVİRANLI KDH_CC_2024_320830	Approved	Approved
O1021027	ADANA İSM_BG_2023_1441147	Won	Approved
O1020104	ÇİĞLİ EAH._E801 KİRA_01082023	Won	Approved
O1022429	BURDUR İSM_ID_TORCH_2024_1046102	Approved	Cancelled
O1022429	BURDUR İSM_ID_TORCH_2024_1046102	Approved	Approved
O1022429	BURDUR İSM_ID_TORCH_2024_1046102	Approved	Disapproved
O1022429	BURDUR İSM_ID_TORCH_2024_1046102	Approved	Cancelled
O1016860	İZMİR BÜYÜKŞEHİR BELEDİYESİ_SWA_2022_311902	Won	Approved
O1020032	ÖZEL BİYOTIP LABORATUVARI_IM_ID_19072023	Won	Approved
O1023207	TRABZON İSM_HK_2024_1653975	Won	Approved
O1017343	KUMLUCA DH_IM_ID_2022_653984	Won	Approved
O1022849	İSTANBUL ÜNİVERSİTESİ ÇAPA_ID_2024_1242650	Approved	Approved
O1020335	Proje Alımı - 2023-09-29 - 23333 - EUR - ÖZGÜL EĞİTİM SAĞLIK HİZ. MED.  (0061000500) - Turkey	Won	Approved
O1023144	MARDİN DT 1000 TEST DAB - 2025-01-07 - 6000000 TRY - MARDİN DEVLET HASTANESİ (0061005325) Turkey	Won	Approved
O1022064	BALIKESİR DH_CC CİHAZ KİRA_26062024	Won	Approved
O1022808	Medikalpoint Coag t411 - 2025-01-01 - 40000 EUR - GÜNEY TIP TIBBİ CİH.KİM.MADD.L (0061000029) Turkey	Approved	Approved
O1019590	Clone of GAZİ ÜNİVERSİTESİ_RTD_DT_24042023	Won	Approved
O1025145	Clone of Gaziantep İSM_HSM_SWA_UR_2025_1404775	Won	Approved
O1023182	ALGOMED HST	Approved	Approved
O1027330	2026_1123701_1.KISIM_RTD_ESKİŞEHİR OSMANGAZİ ÜNİVERİTESİ	Approved	Approved
O1024126	Clone of FIRAT ÜNİ_İHK_2025_451447	Won	Approved
O1020851	ESKİŞEHİR YUNUS EMRE DH_ID_TORCH_2023_1387799	Completed	Approved
O1023334	Clone of DENİZLİ İSM_RTD_MEDİKAL DEĞER 2.KISIM_2024_1384878	Completed	Approved
O1023334	Clone of DENİZLİ İSM_RTD_MEDİKAL DEĞER 2.KISIM_2024_1384878	Completed	Disapproved
O1025833	GAZİANTEP ÜNİVERSİTESİ_RTD_2025_2234471	Approved	Approved
O1019569	SUAT SEREN EAH_CC_IM_PAZARLIK_2023_428858	Won	Approved
O1025764	KAHRAMANMARAŞ SİM_COAG_MERKEZ_2025_2100558	Approved	Approved
O1025755	ALAPLI DH_6.KISIM_CC_PAZARLIK_2025_2411340	Won	Approved
O1020907	ANKARA ÜNİVERSİTESİ_PCR_2023_1325915	Completed	Cancelled
O1020907	ANKARA ÜNİVERSİTESİ_PCR_2023_1325915	Completed	Approved
O1020907	ANKARA ÜNİVERSİTESİ_PCR_2023_1325915	Completed	Cancelled
O1016849	ACIBADEM_RTD_SEQ_AVENIO_11042022	Approved	Approved
O1027273	Clone of MUŞ İSM_CC_2024_1884122-PİPO	Won	Approved
O1018940	ANKARA ÜNV_PAZARLIK_KARDİYAK_2023_121254	Won	Approved
O1017005	GAZİ ÜNİVERSİTESİ_RTD_BAP_12052022	Won	Approved
O1017662	EGEÜNİ HC DT 700TEST - 2022-09-12 - 840000 - TRY - EGE ÜNİVERSİTESİ UYGULAMA VE A (0061003806) - Turkey	Won	Approved
O1025139	ELİPS 2025_10 LC_07102025	Won	Approved
O1017932	BİRİNCİ HASTANESİ_CC_IM_ID_05102022	Approved	Approved
O1023050	KARTAL LÜTDİ KIRDAR_RTD_DT HER2 DISH_27112024	Approved	Approved
O1017972	İZMİR İSM_15.KISIM İLÇELER IM ID_2022_952564	Approved	Approved
O1017139	ÇORUM İSM_İLÇE_CC_2022_406967	Won	Approved
O1019072	BAĞCILAR EAH_RTD IHK_DT_21022023	Won	Approved
O1020636	BÜLENT ECEVİT ÜNİVERSİTESİ_CC_DT_30102023	Approved	Cancelled
O1020636	BÜLENT ECEVİT ÜNİVERSİTESİ_CC_DT_30102023	Approved	Approved
O1017206	GAZİANTEP İSM_IM_PAZARLIK_220609	Approved	Reset
O1017027	TM_HPV Screening_300K Tests_2022.05.09	Won	Approved
O1017027	TM_HPV Screening_300K Tests_2022.05.09	Won	Disapproved
O1017406	PATERN LAB._RTD_ IHK_02092022	Won	Approved
O1023659	ÇANAKKALE İSM_COAG_ALTERNATİF 1_KİRA_2025_83856	Approved	Approved
O1019937	Clone of Clone of DÜZCE ÜNİVERSİTESİ_RTD_ IHC_2023_605762	Approved	Approved
O1023801	KONYA İSM_İLÇELER_COAG_2025_214337	Approved	Approved
O1026484	2026_294999_AKDENİZ ÜNİVERSİTESİ_GLUCOMETRE	Won	Approved
O1027247	BİOS_PDL1 alımı_25062026	Won	Approved
O1019183	HACETTEPE ÜNV_ID_2023_11709	Approved	Approved
O1017487	NEW contract KG_AQUALAB_2022 add AZ	Approved	Approved
O1027902	ANKARA ÜNİV_DT 11_IHC_HC_15092026	Won	Approved
O1024100	SİMGELAB_CC_IM_13052025	Won	Disapproved
O1024100	SİMGELAB_CC_IM_13052025	Won	Disapproved
O1024100	SİMGELAB_CC_IM_13052025	Won	Reset
O1024100	SİMGELAB_CC_IM_13052025	Won	Approved
O1025395	HİSAR ÇAMLICA HASTANESİ_CC_07112025	Approved	Approved
O1017037	KAHRAMANMARAŞ SÜTÇÜ İMAM ÜNİV_HK_2022_412302	Approved	Disapproved
O1017037	KAHRAMANMARAŞ SÜTÇÜ İMAM ÜNİV_HK_2022_412302	Approved	Approved
O1027956	EDREMİT DH_ID_D.TEMİN - 2026-10-15 - 54000 EUR - DEVA KİMYA SANAYİ VE TİCARET L (0061000074) Turkey	Won	Approved
O1026618	Clone of 2026_394559_SAKARYA İSM_PCT	Approved	Disapproved
O1026618	Clone of 2026_394559_SAKARYA İSM_PCT	Approved	Cancelled
O1026618	Clone of 2026_394559_SAKARYA İSM_PCT	Approved	Approved
O1026618	Clone of 2026_394559_SAKARYA İSM_PCT	Approved	Cancelled
O1021520	Proje Alımı - 2024-04-12 - 15572 - EUR - EPİFARMA LABORATUVAR ÜRÜNLERİ  (0061004345) - Turkey	Won	Disapproved
O1021520	Proje Alımı - 2024-04-12 - 15572 - EUR - EPİFARMA LABORATUVAR ÜRÜNLERİ  (0061004345) - Turkey	Won	Approved
O1025711	EPİFARMA_RTD_DAB ANLAŞMASI_17122025	Won	Approved
O1019762	ASM  RTD_SOX-10_30052023	Won	Approved
O1020077	Bayınıdır SWA - 2023-09-30 - 1000000 - EUR - BAYEK TEDAVİ SAĞLIK HİZMETLERİ (0061000023) - Turkey	Completed	Approved
O1020077	Bayınıdır SWA - 2023-09-30 - 1000000 - EUR - BAYEK TEDAVİ SAĞLIK HİZMETLERİ (0061000023) - Turkey	Completed	Disapproved
O1020077	Bayınıdır SWA - 2023-09-30 - 1000000 - EUR - BAYEK TEDAVİ SAĞLIK HİZMETLERİ (0061000023) - Turkey	Completed	Reset
O1020077	Bayınıdır SWA - 2023-09-30 - 1000000 - EUR - BAYEK TEDAVİ SAĞLIK HİZMETLERİ (0061000023) - Turkey	Completed	Cancelled
O1025042	K.T.Ü_ID_DT_CPS_RMD_25DT1563091&25DT1564088	In Progress	Disapproved
O1026111	Olbamed SWA - 2026-03-26 - 75000 EUR - DETAY LAB. CİH. SAN. VE TİC. A (0061000026) Turkey	In Progress	Disapproved
O1025951	ELAB_dijital - 2026-03-11 - 23270 EUR - ALGEN TIBBİ ÜRÜNLER VE SAĞLIK  (0061000032) Turkey	Approved	Approved
O1021479	BÜLENT ECEVİT ÜNİVERSİTESİ_ID_2024_226538	Approved	Approved
O1017220	MUSTAFA KEMAL ÜNV_UR_2022_511074	Approved	Approved
O1018932	VERA HASTANESİ_CC_06022023	Completed	Approved
O1021693	BALIKESİR_İLÇE_IM_ID_2024_434391_ALTERNATİF 2_E601 KİRA	Approved	Approved
O1019366	ACIBADEM_COAG_03042023	Approved	Approved
O1019366	ACIBADEM_COAG_03042023	Approved	Cancelled
O1021568	Q_PCR - METABİO - 2024-05-31 - 16000 - EUR - METABİO YAŞAM BİLİMLERİ A.Ş. (ACC-0004891471) - Turkey	Completed	Approved
O1018637	AFYON KOCATEPE ÜNİVERSİTESİ_BAP ALIMI_28122022	Won	Approved
O1018925	POLATLI DH_IM_2023_62902	Approved	Approved
O1026286	BAP_Proje Sadi Konuk_06032026	Won	Approved
O1023853	ELBİSTAN DH_ID_DT_250311	Completed	Approved
O1019636	MEDICAL PARK _ CC_IM_ID_KUZEY MEDİKAL_10052023	Completed	Cancelled
O1019636	MEDICAL PARK _ CC_IM_ID_KUZEY MEDİKAL_10052023	Completed	Approved
O1019636	MEDICAL PARK _ CC_IM_ID_KUZEY MEDİKAL_10052023	Completed	Cancelled
O1019636	MEDICAL PARK _ CC_IM_ID_KUZEY MEDİKAL_10052023	Completed	Cancelled
O1018658	Fatsa Meditech Hast - 2023-01-23 - 900000 - TRY - ÖZEL FATSA MEDİTECH HAST (0061003231) - Turkey	Won	Approved
O1020018	BUCATIP_GALEN_TIP_IM_18072023	Approved	Approved
O1018715	Ankara HS Kira - 2023-02-28 - 200000 - TRY - DİYARMED SAĞLIK ÜR.SAN.TİC.A.Ş (0061005622) - Turkey	Won	Approved
O1026726	CBU DT DAB-Antikor  Nisan - 2026-05-11 - 11760000 TRY - MANİSA CELAL BAYAR ÜNİVERSİTES (0061003759) Turkey	Approved	Approved
O1024879	VAN İSM_CC_IM_PAZARLIK_2025_1360629	Won	Approved
O1022769	SELÇUK ÜNV_BG_2024_1228158	Approved	Approved
O1017694	MEDİPOL GROUP_UR_01092022	Completed	Approved
O1017694	MEDİPOL GROUP_UR_01092022	Completed	Disapproved
O1019178	ÇANAKKALE HS_CC_IM_ID_2023_231703	Won	Approved
O1024707	ELIPS MP_LC SARF_30072025	Won	Approved
O1026262	FLORA LAB_IM_09032026	Approved	Approved
O1020703	AMERİKAN HASTANESİ_MED AMERİKAN_CC_IM_09112023	Completed	Disapproved
O1020703	AMERİKAN HASTANESİ_MED AMERİKAN_CC_IM_09112023	Completed	Cancelled
O1020703	AMERİKAN HASTANESİ_MED AMERİKAN_CC_IM_09112023	Completed	Approved
O1020703	AMERİKAN HASTANESİ_MED AMERİKAN_CC_IM_09112023	Completed	Disapproved
O1019112	Akademi Hast SWA - 2023-03-01 - 5000000 - TRY - DETAY LAB. CİH. SAN. VE TİC. A (0061000026) - Turkey	Approved	Approved
O1020592	<KG Aqualab>_<cobas 4800>_<2024>	Approved	Approved
O1027820	2026_1418685_5.KISIM_CC_IM_ANTALYA İSM_ANTALYA EAH_DC_v3	Approved	Approved
O1017749	CUMHURİYET UNV_ID_2022_1007402	Approved	Approved
O1021674	BATMAN İSM_PCR_2024_450506	Completed	Approved
O1026377	Clone of Biyomik_CC_IM_09032026	Approved	Approved
O1017251	ERCİYES ÜNİVERSİTESİ_RTD_EBER_3.KISIM_2022_507253	Won	Approved
O1018867	AFYONKARAHİSAR SB ÜNİVERSİTESİ_UR_2023_44081	Approved	Cancelled
O1018867	AFYONKARAHİSAR SB ÜNİVERSİTESİ_UR_2023_44081	Approved	Approved
O1017524	YALOVA İSM_DEVLET HASTANESİ ACİL LAB_CC_IM_2022_802276	In Progress	Disapproved
O1024393	ELAZIĞ FIRAT ÜNİ 500 DAB - 2025-06-26 - 3000000 TRY - FIRAT ÜNİVERSİTESİ HASTANESİ F (0061003864) Turkey	Won	Approved
O1027359	Diyarbakır ÖBH SWA2026-27	Approved	Approved
O1020011	YaşamLab BetaCross - 2023-08-29 - 6000 - EUR - DETAY LAB. CİH. SAN. VE TİC. A (0061000026) - Turkey	Won	Approved
O1025897	2025/2329614 AYDIN ADNAN MENDERES ÜNV_VİROLOJİ	Won	Disapproved
O1025897	2025/2329614 AYDIN ADNAN MENDERES ÜNV_VİROLOJİ	Won	Approved
O1027798	2026_1418685_6.KISIM_CC_IM_ANTALYA İSM_ŞEHİR HASTANESİ_CİHAZ SATIŞ_v2	Approved	Approved
O1019872	ÖZEL ATAKENT HASTANELERİ_SWA_19062023	Approved	Approved
O1023035	KİLİS İSM_COAG_2024_1428405		
O1027674	Zonguldak BEÜ FITC Antiko - 2026-09-03 - 300000 TRY - BÜLENT ECEVİT ÜNİV. UYGULAMA V (0061000208) Turkey	Won	Approved
O1023665	Clone of SURP PIRGIÇ HASTANESİ_CC_IM_17022025	Approved	Approved
O1022610	<KZ Meditec>_<Coagulation>_<2024>	Won	Disapproved
O1022610	<KZ Meditec>_<Coagulation>_<2024>	Won	Approved
O1019873	DT Antikor Alımı - 2023-07-31 - 6000000 - TRY - DİYARBAKIR GAZİ YAŞARGİL EĞİTİ (0061004308) - Turkey	Won	Approved
O1019873	DT Antikor Alımı - 2023-07-31 - 6000000 - TRY - DİYARBAKIR GAZİ YAŞARGİL EĞİTİ (0061004308) - Turkey	Won	Reset
O1017799	NÖROPSİKİYATRİ HASTANESİ_SWA_16092022	In Progress	Cancelled
O1017799	NÖROPSİKİYATRİ HASTANESİ_SWA_16092022	In Progress	Cancelled
O1017799	NÖROPSİKİYATRİ HASTANESİ_SWA_16092022	In Progress	Cancelled
O1017799	NÖROPSİKİYATRİ HASTANESİ_SWA_16092022	In Progress	Cancelled
O1017799	NÖROPSİKİYATRİ HASTANESİ_SWA_16092022	In Progress	Cancelled
O1017799	NÖROPSİKİYATRİ HASTANESİ_SWA_16092022	In Progress	Approved
O1021422	DT IFA Alımı - 2024-04-29 - 120000 - TRY - KAHRAMANMARAŞ SÜTÇÜ İMAM ÜNİV  (0061003755) - Turkey	Won	Approved
O1026161	Akbank Ek Testler - 2026-03-18 - 5000 EUR - ALGEN TIBBİ ÜRÜNLER VE SAĞLIK  (0061000032) Turkey	In Progress	Started
O1023824	TOSUN LABORATUVARI_CC_14032025	Approved	Approved
O1026930	TRAKYA ÜNİVERSİTESİ_PCT_DT_12052026	Won	Cancelled
O1026930	TRAKYA ÜNİVERSİTESİ_PCT_DT_12052026	Won	Approved
O1027324	2025_1420884_ÇORUM İLÇE_IM_SUNGURLU DH_CİHAZ KİRA	Won	Cancelled
O1027324	2025_1420884_ÇORUM İLÇE_IM_SUNGURLU DH_CİHAZ KİRA	Won	Approved
O1027324	2025_1420884_ÇORUM İLÇE_IM_SUNGURLU DH_CİHAZ KİRA	Won	Disapproved
O1018104	KTÜ_MS_ID_2022_1195742	Approved	Reset
O1018104	KTÜ_MS_ID_2022_1195742	Approved	Approved
O1023271	NÖROPSİKİYATRİ_SWA_06012025	Completed	Approved
O1020421	VAN İSM_CC_IM_2023_949647	Completed	Approved
O1020778	ACIBADEM EGFR BAP_18112023	Won	Approved
O1023373	MEMORIAL_RTD SEQ_ALTERNATİF 2_21012025	Approved	Disapproved
O1023373	MEMORIAL_RTD SEQ_ALTERNATİF 2_21012025	Approved	Approved
O1022840	MERSİN ÜNİ_IHK_2024_1371402	Approved	Approved
O1025287	Clone of Clone of OPTMED_SWA_26082025	Approved	Approved
O1020576	DT Antikor Alımı - 2023-11-20 - 600000 - TRY - FIRAT ÜNİVERSİTESİ HASTANESİ F (0061003864) - Turkey	Won	Approved
O1018604	ANADOLU SAĞLIK JOHN HOPKINS HASTANESİ_SWA_26122022	Completed	Disapproved
O1018604	ANADOLU SAĞLIK JOHN HOPKINS HASTANESİ_SWA_26122022	Completed	Approved
O1026787	Lokman Hekim ALAB_Cihaz	Approved	Cancelled
O1026787	Lokman Hekim ALAB_Cihaz	Approved	Cancelled
O1026787	Lokman Hekim ALAB_Cihaz	Approved	Approved
O1023834	ESENLER EVICENNA HASTANESİ_CC_IM_18032025	Approved	Approved
O1020478	ANTALYA HS_CC_IM_ID_2023_954547	Approved	Approved
O1024669	İstanbul Laboratuvarı_IM_30072025	Approved	Approved
O1020874	TUZLA MERCAN HASTANESİ_CC_IM_08122023	Completed	Approved
O1020286	GÖLCÜK NECATİ ÇELİK DH_İHK_2023_902874	Approved	Reset
O1020286	GÖLCÜK NECATİ ÇELİK DH_İHK_2023_902874	Approved	Approved
O1027665	2026_1401297_SWA_HATAY İSM_V2_DC	Approved	Cancelled
O1027665	2026_1401297_SWA_HATAY İSM_V2_DC	Approved	Approved
O1026574	Alanya EAH_RTD_DT_03042026	Won	Approved
O1026615	2026_378249_ULUDAĞ ÜNİVERSİTESİ_MULTIPLATE	Approved	Approved
O1019424	Emekli Sandığı IM - 2023-05-31 - 1000000 - TRY - ORSİS MED.ELEK. BİLG.VE İLET.S (0061000452) - Turkey	Approved	Cancelled
O1019424	Emekli Sandığı IM - 2023-05-31 - 1000000 - TRY - ORSİS MED.ELEK. BİLG.VE İLET.S (0061000452) - Turkey	Approved	Cancelled
O1019424	Emekli Sandığı IM - 2023-05-31 - 1000000 - TRY - ORSİS MED.ELEK. BİLG.VE İLET.S (0061000452) - Turkey	Approved	Approved
O1021528	ÖZEL HOSPİTALPARK_BG - 2024-04-30 - 11600 - EUR - İLMED İLAÇ ve MEDİKAL ÖZEL  LA (0061000027) - Turkey	Approved	Approved
O1019078	Benchmark Ultra İHK - 2023-03-20 - 2500000 - TRY - BAŞKENT ÜNİVERSİTESİ ADANA (0061000046) - Turkey	Approved	Approved
O1024187	İMPERİAL EKLEME 25 - 2025-05-30 - 5000 EUR - ANADOLU ÖZEL SAĞLIK OTO.TUR.VE (0061000516) Turkey	Won	Approved
O1022026	İSTANBUL İSM_ANADOLU GÜNEY KHB_RTD_IHC_2024_709027	Approved	Approved
O1025673	GAZİANTEP HSM_CC_IM_ID_UR_PAZARLIK_2025_2224484	Approved	Approved
O1025673	GAZİANTEP HSM_CC_IM_ID_UR_PAZARLIK_2025_2224484	Approved	Disapproved
O1022946	BOLU İSM_HİZMET İHALESİ_1.KISIM_2024_1479099	Approved	Approved
O1021238	Clone of ÇİFTELER DH_1 AYLIK DT_02012024	Won	Approved
O1024809	Centro_UR - 2025-12-10 - 48000 EUR - BİRUNİ TIBBİ ÜRÜNLER YÖN.ORG.  (0061005096) Turkey	Approved	Cancelled
O1024809	Centro_UR - 2025-12-10 - 48000 EUR - BİRUNİ TIBBİ ÜRÜNLER YÖN.ORG.  (0061005096) Turkey	Approved	Approved
O1021031	PAMUKKALE ÜNİVERSİTESİ_RMD_3 AYLIK PAZARLIK_YM_03012024	Approved	Approved
O1021584	MERAM DH_UR_2024_311351	Approved	Approved
O1022753	KOCAELI UNIVERSITESI DT_17102024	Approved	Approved
O1020013	Medikal Değer Ant - 2023-08-07 - 180000 - TRY - DİYARBAKIR GAZİ YAŞARGİL EĞİTİ (0061004308) - Turkey	Won	Approved
O1020376	Roche İlaç KTÜ SISH - 2023-10-20 - 151724 - EUR - ROCHE MUSTAHZARLARI SAN.A.Ş (0061005670) - Turkey	Won	Approved
O1027367	NİĞDE ÖMER HALİSDEMİ ÜNİV._CPS-PROJE_10072026	In Progress	Disapproved
O1026755	TOSUN LABORATUVARI_IM_27042026	Won	Cancelled
O1026755	TOSUN LABORATUVARI_IM_27042026	Won	Disapproved
O1026755	TOSUN LABORATUVARI_IM_27042026	Won	Approved
O1017004	HACETTEPE ÜNİVERSİTESİ_RTD_DAB_10052022	Completed	Approved
O1026821	DİACORE BAŞAKŞEHİR PPP E801KİRA - 2026-04-30	Won	Approved
O1026821	DİACORE BAŞAKŞEHİR PPP E801KİRA - 2026-04-30	Won	Disapproved
O1021421	CELAL BAYAR ÜNİVERSİTESİ_RTD_ER-PDL1_DT_05032024	Completed	Approved
O1021421	CELAL BAYAR ÜNİVERSİTESİ_RTD_ER-PDL1_DT_05032024	Completed	Disapproved
O1023541	ÖZEL İRFAN BAYRAM PEŞİN - 2025-02-20 - 36000000 TRY - İRFAN BAYRAM ÖZEL İRFAN BAYRAM (0061005821) Turkey	Won	Approved
O1024234	BUCA SEYFİ DEMİRSOY EAH_SWA_2025_657021	Won	Approved
O1021683	BİOLAB_VİZYON ÇALIŞTAYI_07052024	In Progress	Disapproved
O1021497	MAGUSA TM_CC_16042024	Won	Disapproved
O1021497	MAGUSA TM_CC_16042024	Won	Approved
O1027018	2026_846740_İSTANBUL ÜNİVERSİTESİ_ÇAPA_ID	Approved	Approved
O1021724	Cobas4800 HPV DT Alımı - 2024-06-17 - 2400000 TRY - TURGUT ÖZAL TIP MERKEZİ UYG. V (0061003658) Turkey	Won	Cancelled
O1021724	Cobas4800 HPV DT Alımı - 2024-06-17 - 2400000 TRY - TURGUT ÖZAL TIP MERKEZİ UYG. V (0061003658) Turkey	Won	Approved
O1018772	MEDİPOL NİSA HASTANESİ_CİHAZ KİRA_12012023	Won	Approved
O1018772	MEDİPOL NİSA HASTANESİ_CİHAZ KİRA_12012023	Won	Disapproved
O1022510	1FIRAT ÜNV_ID_2024_1062094	Approved	Approved
O1018943	ANKARA ÜNV_PAZARLIK_HPV_2023_121254	Won	Approved
O1020796	ZONGULDAK ATATÜRK DH_GLUKOMETRE_PAZARLIK_2023_1319695	Won	Approved
O1020796	ZONGULDAK ATATÜRK DH_GLUKOMETRE_PAZARLIK_2023_1319695	Won	Cancelled
O1025361	İZMİR İSM_ HALK SAĞLIĞI LAB_UR_2025_1629117	Approved	Approved
O1027757	SİSTEM LAB._CC + IM - 2026-10-31 - 45000 EUR - NUKLEUS SAĞLIK HİZMETLERİ A.Ş. (0061000175) Turkey	Approved	Approved
O1017986	KAHRAMANMARAŞ SÜTÇÜ İMAM ÜNV_IFA Alımı_221010	Won	Approved
O1027175	Gazi üniv_DT_DAB_94509 sayı_18062026	Won	Approved
O1026917	BEYHEKİM HASTANESİ_CC_IM_14052026	Approved	Disapproved
O1026917	BEYHEKİM HASTANESİ_CC_IM_14052026	Approved	Cancelled
O1026917	BEYHEKİM HASTANESİ_CC_IM_14052026	Approved	Approved
O1027761	ATLAS ÜNİVERSİTESİ_CC_IM_04092026	Approved	Approved
O1021163	KZ_MPK	In Progress	Disapproved
O1020081	EGE ÜNİVERSİTESİ_RTD_IHC_2023_714241	Completed	Approved
O1017597	ULUDAĞ ÜNİVERSİTESİ_GLUCOMETRE_2022_778050	Won	Approved
O1023723	GAZİYAŞARGİL 655 TEST HK - 2025-03-04 - 3700000 TRY - DİYARBAKIR GAZİ YAŞARGİL EĞİTİ (0061004308) Turkey	Cancelled	Approved
O1018633	BÜLENT ECEVİT ÜNİVERSİTESİ_SISH_DT_27122022	Won	Approved
O1025523	Clone of BUCA SD EAH._ID_DC_2025_1716224	Approved	Approved
O1023291	Kütahya PPP Ek İHK Cihaz - 2025-01-31 - 7000 EUR - ÖZGÜN KİMYEVİ MADDE TIBBİ MALZ (0061000040) Turkey	Approved	Approved
O1024601	GÖZDE GRUP_CC_IM_23072025	Won	Disapproved
O1024601	GÖZDE GRUP_CC_IM_23072025	Won	Approved
O1017887	GAZİPAŞA DH_IM_ID_PAZARLIK_2022_990759	Approved	Approved
O1021385	ÖZEL MEDİCALPARK - 2024-02-29 - 430000 - EUR - İLMED İLAÇ ve MEDİKAL ÖZEL  LA (0061000027) - Turkey	Completed	Approved
O1021385	ÖZEL MEDİCALPARK - 2024-02-29 - 430000 - EUR - İLMED İLAÇ ve MEDİKAL ÖZEL  LA (0061000027) - Turkey	Completed	Disapproved
O1025651	İSTANBUL ÜNV_ÇAPA_2025_2057888	Won	Approved
O1026401	2026_260442_19 MAYIS GENETİK	Won	Approved
O1024801	AKDENİZ ÜNİVERSİTESİ_VİROLOJİ_2025_1078585	Approved	Disapproved
O1024801	AKDENİZ ÜNİVERSİTESİ_VİROLOJİ_2025_1078585	Approved	Approved
O1019874	ÖZEL SEVGİ HASTANESİ_SWA_19062023	Approved	Approved
O1022826	Avenio Expanded ctDNA - 2024-11-29 - 75000 EUR - NESİLLER GENETİK TANI VE BİLGİ (0061004271) Turkey	Approved	Disapproved
O1022826	Avenio Expanded ctDNA - 2024-11-29 - 75000 EUR - NESİLLER GENETİK TANI VE BİLGİ (0061004271) Turkey	Approved	Reset
O1022826	Avenio Expanded ctDNA - 2024-11-29 - 75000 EUR - NESİLLER GENETİK TANI VE BİLGİ (0061004271) Turkey	Approved	Approved
O1021681	A HASTANESİ_CC_IM_02052024	Approved	Approved
O1021681	A HASTANESİ_CC_IM_02052024	Approved	Disapproved
O1027816	2026_1418685_5.KISIM_CC_IM_ANTALYA İSM_ANTALYA EAH_v3	Approved	Approved
O1024301	Clone of AÜ Doğrudan Alım - 2025-06-15 - 600000 TRY - ANKARA ÜNİVERSİTESİ SAĞL UYG A (0061000126) Turkey	Won	Approved
O1018634	NAMIK KEMAL ÜNİVERSİTESİ_RMD_DT_27122022	Won	Approved
O1020349	Clone of NİĞDE İSM_CC_2023_827313	Completed	Approved
O1024295	ZONGULDAK BÜLENT ECEVİT ÜNİVERSİTESİ HASTANESİ_BGAS_2025_740731	Approved	Disapproved
O1024295	ZONGULDAK BÜLENT ECEVİT ÜNİVERSİTESİ HASTANESİ_BGAS_2025_740731	Approved	Approved
O1019191	MARDİN İSM_ID_2023_322805	Completed	Approved
O1023234	CUMHURBAŞKANLIĞI MİLLİ İSTİHBARAT TEŞKİLATI_SWA_Üri_2025	Completed	Disapproved
O1023234	CUMHURBAŞKANLIĞI MİLLİ İSTİHBARAT TEŞKİLATI_SWA_Üri_2025	Completed	Approved
O1021321	İSTANBUL SANCAKTEPE EAH_RTD_IHC_DT_14022024	Approved	Approved
O1020766	Clone of Clone of CENTRO LABORATUVARI_SWA_21092023	Completed	Approved
O1018079	ANTALYA EAH_ID_PAZARLIK_2022_1103230	Approved	Approved
O1017745	Şanmed_Kangazı - 2022-10-14 - 3000000 - TRY - DİYAR-MED SAĞLIK ÜRÜNLERİ SAN. (0061000054) - Turkey	Approved	Approved
O1021716	HACETTEPE ÜNV_CC_IM_2024_466165	Approved	Approved
O1021677	Clone of SELÇUK ÜNV_PCR_2024_344415	Approved	Approved
O1021712	Clone of Düzen P612 - 2023-11-30 - 150000 - EUR - DÜZEN BİYOLOJİK BİLİMLER ARAŞT (0061000024) - Turkey	Completed	Approved
O1027616	2026_1478813 MANİSA İSM_ID	Approved	Approved
O1024841	KIRIKKALE YİH_CC_2025_1257163	Approved	Approved
O1024841	KIRIKKALE YİH_CC_2025_1257163	Approved	Cancelled
O1020310	KÖRFEZ MARMARA HASTANESİ_CC_IM_18092023	Completed	Disapproved
O1020310	KÖRFEZ MARMARA HASTANESİ_CC_IM_18092023	Completed	Approved
O1018425	ÖZEL KÜTAHYA ANADOLU HASTANESİ_CC_IM_12122022	Completed	Approved
O1025780	EREĞLİ DH_SWA PAZARLIK_2025_2439320	Won	Approved
O1022606	GÜLHANE EAH_RTD_IHC_HC_2024_1121357	Approved	Approved
O1026052	Türk Lab_IM_ID_05022026	Approved	Approved
O1027754	2026_1301764_1.KISIM_SWA_HATAY MKÜ_DC	Approved	Approved
O1025033	Clone of ERDURAN LAB_SWA_PURE_07082025	Won	Approved
O1024990	Antalya EAH_DT_11092025	Won	Approved
O1022847	AĞRI İSM SWA_2024_1246165	Approved	Approved
O1022847	AĞRI İSM SWA_2024_1246165	Approved	Disapproved
O1022788	ANKARA ATATÜRK SANATORYUM_IM_2024_1323302	Approved	Approved
O1022788	ANKARA ATATÜRK SANATORYUM_IM_2024_1323302	Approved	Disapproved
O1022788	ANKARA ATATÜRK SANATORYUM_IM_2024_1323302	Approved	Cancelled
O1024280	SAKARYA İSM_CC_2025_694661	Approved	Approved
O1018973	ANKARA GAZİ MUSTAFA KEMAL MESLEK HST_IM_2023_75591	Approved	Approved
O1018973	ANKARA GAZİ MUSTAFA KEMAL MESLEK HST_IM_2023_75591	Approved	Cancelled
O1024274	GÜRLIFE_CC_IM_REV2_23052025	Approved	Cancelled
O1024274	GÜRLIFE_CC_IM_REV2_23052025	Approved	Cancelled
O1024274	GÜRLIFE_CC_IM_REV2_23052025	Approved	Approved
O1020138	BAŞARI HASTANESİ_CC_IM_08082023	Completed	Approved
O1018310	Clone of GÜLHANE EAH Viroloji_2022_1004854	Approved	Approved
O1022720	ANTALYA ATATÜRK DH_CC_2024_1221419	Approved	Approved
O1021450	GAZİANTEP ÜNV_CC_IM_2024_261502	Approved	Approved
O1021450	GAZİANTEP ÜNV_CC_IM_2024_261502	Approved	Disapproved
O1024081	ÖZEL SEVGİ HASTANESİ_UR_22042023	Approved	Approved
O1023492	YEAH RTD_3 AYLIK DT_22012025	Completed	Approved
O1026660	2026_564849_SWA_BURSA HALK SAĞLIĞI	Approved	Approved
O1026660	2026_564849_SWA_BURSA HALK SAĞLIĞI	Approved	Cancelled
O1026660	2026_564849_SWA_BURSA HALK SAĞLIĞI	Approved	Disapproved
O1022756	MARMARA ÜNİVERSİTESİ PENDİK EAH_RTD_HC_2024_1368026	Completed	Approved
O1025335	SELÇUK ÜNİVERSİTESİ_RMD_2025_1680317	Approved	Approved
O1016994	BİOLAB_SWA_28042022	Approved	Approved
O1023393	Clone of Tekirdağ PPP updt - Ek İHK Cihaz - ÖZGÜN KİMYEVİ MADDE TIBBİ MALZ (0061000040) Turkey	Won	Approved
O1022197	ÇERKES DH_IM_PAZARLIK_2024_935867	Won	Disapproved
O1022197	ÇERKES DH_IM_PAZARLIK_2024_935867	Won	Approved
O1022197	ÇERKES DH_IM_PAZARLIK_2024_935867	Won	Reset
O1017866	DİCLE UNİVERSİTESİ_HPV_2022_897884	Completed	Approved
O1019188	MEDOVA HST_CC-IM_2023	Approved	Approved
O1023123	HATAY İSM_UR_2024_1489821	Won	Approved
O1018614	KARADENİZ TEKNİK ÜNV_CC_IM_2023_23873	Approved	Approved
O1018614	KARADENİZ TEKNİK ÜNV_CC_IM_2023_23873	Approved	Cancelled
O1018614	KARADENİZ TEKNİK ÜNV_CC_IM_2023_23873	Approved	Reset
O1027729	2026_1423589_5.KISIM_ID_ANTALYA İSM_DC_v2	Approved	Approved
O1022012	Clone of Mersin Üni Her2 DT Alım - 2024-07-15 - 2550000 TRY - MERSİN ÜNİVERSİTESİ REKTÖRLÜĞÜ (0061004230) Turkey	Approved	Approved
O1016814	KTÜ_DT_ID_62817_220404	Completed	Cancelled
O1016814	KTÜ_DT_ID_62817_220404	Completed	Approved
O1016814	KTÜ_DT_ID_62817_220404	Completed	Cancelled
O1016814	KTÜ_DT_ID_62817_220404	Completed	Cancelled
O1025906	TÜRK KIZILAY DERNEĞİ_TRC WNV TEST ALIMI_12012026	Approved	Approved
O1020763	Clone of Clone of HACETTEPE ÜNİVERSİTESİ_RTD_SIRA NO_414_IHK_2023_542110	In Progress	Cancelled
O1020763	Clone of Clone of HACETTEPE ÜNİVERSİTESİ_RTD_SIRA NO_414_IHK_2023_542110	In Progress	Initial
O1019081	ÖZEL ÇAPA HASTANESİCC_27022023	Completed	Approved
O1027536	Cumhurbaşkanılığı_DT_IM - 2026-11-02 - 60000 TRY - T.C. CUMHURBAŞKANLIĞI MİLLİ İS (0061000344) Turkey	Won	Approved
O1026371	Clone of MEMORIAL_RTD SEQ	Approved	Approved
O1022480	ERZURUM EAH_IHK_2024_1065227	Approved	Approved
O1022480	ERZURUM EAH_IHK_2024_1065227	Approved	Disapproved
O1022480	ERZURUM EAH_IHK_2024_1065227	Approved	Disapproved
O1020538	İZMİR İSM._6.KSM_CC_2023_873859	Approved	Approved
O1017550	Yaşam Lab KOAG - 2022-08-30 - 500000 - TRY - DETAY LAB. CİH. SAN. VE TİC. A (0061000026) - Turkey	Won	Approved
O1022971	ANTALYA İSM_HS_CC_IM_ID_2024_1411990	In Progress	Started
O1025127	Clone of BALIKESİR ÜNİ RTD_PDL1_DT_26092025	Won	Approved
O1026700	Clone of 2026_562481_GÜMÜŞHANE İSM_SWA	Won	Approved
O1026700	Clone of 2026_562481_GÜMÜŞHANE İSM_SWA	Won	Cancelled
O1026700	Clone of 2026_562481_GÜMÜŞHANE İSM_SWA	Won	Disapproved
O1026153	Clone of İSLAB 3 8 AYLIK ALIM - 2026-03-31 - 600000 EUR - SARTRON BİYOTEKNOLOJİ İthalat  (0061006152) Turkey	Won	Approved
O1025466	EPİFARMA_RTD_PD-L1&BRAF_14112025	Won	Approved
O1023399	Düzen Moleküler-1 - 2023-07-31 - 5000000 - TRY - DÜZEN BİYOLOJİK BİLİMLER ARAŞT (0061000024) - Turkey	In Progress	Cancelled
O1023669	ANKARA YENİMAHALLE EAH_RTD_IHC_2025_144573	Approved	Approved
O1027439	2026_1288534_1KISIM_CC_IM_ID_DÜZCE İSM	Approved	Approved
O1027860	LOKMAN HEKİM ALAB_CİHAZ KİRA_11092026	Approved	Approved
O1027860	LOKMAN HEKİM ALAB_CİHAZ KİRA_11092026	Approved	Cancelled
O1021315	GİRESUN İSM_GLU_2024_48982	Approved	Approved
O1021097	CENTRO LABORATUVARI_RMD_COBAS 8800_17012024	Approved	Approved
O1022523	KEPEZ DH_IHC_PAZARLIK_2024_1210077	Completed	Approved
O1027779	2026_1540387 PAMUKKALE ÜNİVERSİTESİ_HPV	Approved	Approved
O1021063	PAMUKKALE ÜNİVERSİTESİ_RMD_3 AYLIK PAZARLIK_2024_27811	Approved	Approved
O1018088	BURSA İSM_IM_2022_924792	Approved	Disapproved
O1018088	BURSA İSM_IM_2022_924792	Approved	Approved
O1027841	2026_1429227_GİRESUN İSM_CC_IM_ID_COAG	Approved	Approved
O1020943	ÇİĞLİ EAH_RTD_HC_9 AYLIK_2023_1374241	Approved	Approved
O1017108	ARDAHAN İSM_COAG_2022_443421	Approved	Approved
O1023996	Clone of MERSİN ÜNİ HER2 DUAL ISH - 2025-03-12 - 3500000 TRY - MERSİN ÜNİVERSİTESİ REKTÖRLÜĞÜ (0061004230) Turkey	Won	Approved
O1018965	KARDELEN TIP MERKEZİ_CC_13022023	Completed	Approved
O1018965	KARDELEN TIP MERKEZİ_CC_13022023	Completed	Disapproved
O1020396	ACIBADEM HASTANESİ_RTD_29092023	Approved	Approved
O1024806	Gazi BAP - 2025-10-09 - 300 TRY - BİOS BİOMEDİKAL SİSTEMLER SAN. (0061000198) Turkey	Approved	Approved
O1022345	OSMANİYE İSM_CC_IM_2024_945803	Approved	Cancelled
O1022345	OSMANİYE İSM_CC_IM_2024_945803	Approved	Approved
O1022665	MERSİN ZİRAİ KARANTİNA_2024_1222931	Completed	Approved
O1024096	KTÜ_ID_MS_PAZARLIK_2025_597259	Won	Approved
O1024096	KTÜ_ID_MS_PAZARLIK_2025_597259	Won	Disapproved
O1024096	KTÜ_ID_MS_PAZARLIK_2025_597259	Won	Cancelled
O1021244	AÜ Everolimus DT - 2024-03-31 - 200000 - TRY - ANKARA ÜNİVERSİTESİ SAĞL UYG A (0061000126) - Turkey	Completed	Approved
O1019446	ŞANMED_SWA - 2023-08-01 - 1000000 - TRY - DİYAR-MED SAĞLIK ÜRÜNLERİ SAN. (0061000054) - Turkey	Completed	Approved
O1019563	KARABÜK İSM_ID_2023_250397	Approved	Approved
O1017527	EGE ÜNİVERSİTESİ_NAT_DT_05082022	Won	Approved
O1025431	GÜMÜŞHANE İSM_SWA_2025_1883463	Approved	Disapproved
O1025431	GÜMÜŞHANE İSM_SWA_2025_1883463	Approved	Approved
O1018667	GAZİ ÜNİVERSİTESİ_GENETİK_2022_1361886	Approved	Approved
O1019313	GAZİ ÜNİVERSİTESİ_RTD_EBER DT_23032023	Approved	Approved
O1019712	ALAB-e 411 Kira Anş. - 2024-06-30 - 900000 - TRY - LOKMAN HEKİM AKAY TIBBİ HİZ.Tİ (0061004603) - Turkey	Approved	Approved
O1020714	CLONE_SAMSUN İSM_MERKEZ_PCR_2023_605815	Completed	Approved
O1020714	CLONE_SAMSUN İSM_MERKEZ_PCR_2023_605815	Completed	Cancelled
O1017246	KENT HASTANESİ_PARAMETRE_CİHAZ İLAVESİ_13062022	Approved	Approved
O1025103	İZMİR TEPECİK EAH_RMD_VİROLOJİ_5.KISIM_2025_1453060	Approved	Approved
O1027804	2026_1418685_5.KISIM_CC_IM_ANTALYA İSM_ANTALYA EAH_DC_v2	In Progress	Disapproved
O1020322	DT HPV Alımı - 2023-10-23 - 1700000 - TRY - FIRAT ÜNİVERSİTESİ HASTANESİ F (0061003864) - Turkey	Won	Approved
O1021127	İZMİR ATATÜRK EAH_RMD VİROLOJİ_2023_1561583	Approved	Approved
O1017347	ANKARA ÜNİVERSİTESİ_RTD_HEM_28062022	Completed	Approved
O1024733	Clone of Clone of KOÇ ÜNİVERSİTESİ HASTANESİ_SWA_10062025	Approved	Approved
O1023067	ERZURUM ATATÜRK ÜNV._ID_2024_1519367	Approved	Cancelled
O1023067	ERZURUM ATATÜRK ÜNV._ID_2024_1519367	Approved	Approved
O1023210	GAZİ ÜNİVERSİTESİ_RTD_2.KISIM HC_2024_1639472	Won	Disapproved
O1023210	GAZİ ÜNİVERSİTESİ_RTD_2.KISIM HC_2024_1639472	Won	Approved
O1017341	ETLİK ZÜBEYDE HANIM HST_IM_2022_654875	Won	Approved
O1022787	ANKARA ATATÜRK SANATORYUM_ID_ 2024_1290923	Approved	Approved
O1022787	ANKARA ATATÜRK SANATORYUM_ID_ 2024_1290923	Approved	Disapproved
O1026323	2026_285126 ÇANAKKALE İSM_ID KİRA	Approved	Approved
O1024192	Clone of DOKUZ EYLÜL ÜNİVERSİTESİ_RTD_IHC_2025394325	Won	Approved
O1022041	Clone of BALIKLI RUM HASTANESİ_SWA_02052024	Completed	Approved
O1022041	Clone of BALIKLI RUM HASTANESİ_SWA_02052024	Completed	Disapproved
O1017539	ADIYAMAN_HSM_CC - 2022-09-16 - 2000000 - TRY - GÜNEY TIP TIBBİ CİH.KİM.MADD.L (0061000029) - Turkey	Approved	Approved
O1025847	KARS İSM IM_ID BAYİ_2025_2131625	Approved	Disapproved
O1025847	KARS İSM IM_ID BAYİ_2025_2131625	Approved	Approved
O1020660	Surkent IM_ID - 2024-02-01 - 2500000 - TRY - DİYAR-MED SAĞLIK ÜRÜNLERİ San. (ACC-0004052772) - Turkey	Completed	Approved
O1022138	Clone of BAHAT HOSPITAL_CC_18042023	Completed	Approved
O1022138	Clone of BAHAT HOSPITAL_CC_18042023	Completed	Disapproved
O1019673	ÇANAKKALE HSL _CC_IM_ID_2023_424065	Completed	Approved
O1023986	ALİ OSMAN SÖNMEZ ONK. ENS._RTD_DT_04042025	Approved	Approved
O1019196	GENTAN İZOLASYON_RTD SEQ_09032023	Approved	Approved
O1022725	EGE ÜNİVERSİTESİ_RTD_IHC_2024_1179605	Completed	Disapproved
O1022725	EGE ÜNİVERSİTESİ_RTD_IHC_2024_1179605	Completed	Approved
O1022214	EDİRNE İSM_SWA_PAZARLIK_2024_955073	Approved	Approved
O1015799	İZMİR PPP_MS_CİHAZ KİRA+50bin izolasyon 211206	In Progress	Cancelled
O1025763	Cemil Taşçıoğlu EAH_DT_3 AY_2212025	Won	Cancelled
O1025763	Cemil Taşçıoğlu EAH_DT_3 AY_2212025	Won	Cancelled
O1025763	Cemil Taşçıoğlu EAH_DT_3 AY_2212025	Won	Cancelled
O1025763	Cemil Taşçıoğlu EAH_DT_3 AY_2212025	Won	Approved
O1025763	Cemil Taşçıoğlu EAH_DT_3 AY_2212025	Won	Cancelled
O1019069	BK XT İHK & MD - 2023-03-06 - 450000 - TRY - TUNCER PATOLOJİ SİTOLOJİ LAB.  (0061005427) - Turkey	Approved	Approved
O1022325	BURSA İSM_SWA PRE & POST_2024_919989	In Progress	Disapproved
O1022325	BURSA İSM_SWA PRE & POST_2024_919989	In Progress	Disapproved
O1026992	2026_724570_13.KISIM_SWA_MERSİN İSM_TOROS DH_TARSUS DH_V2_CİHAZ SATIŞ	Approved	Approved
O1017229	ATATÜRK DH_CARDIAC_PAZARLIK_2022_578652	Won	Approved
O1027513	2026_1268639 KAHRAMANMARAŞ İSM_IHC	Approved	Approved
O1022716	KEPEZ DH_ID_PAZARLIK_2024_1370515	Won	Approved
O1018307	TRAKYA ÜNİVERSİTESİ_RTD_HC_DT_15112022	Won	Approved
O1021700	MEDİPOL MEGA IHC_HC_06052024	Completed	Approved
O1022150	QPCR - ÖZGÜL MEDİKAL - 2024-08-31 - 881 EUR - ÖZGÜL EĞİTİM SAĞLIK HİZ. MED.  (0061000500) Turkey	Won	Approved
O1022462	TÜRK KALP VAKFI_CC_IM_03092024	Completed	Approved
O1022462	TÜRK KALP VAKFI_CC_IM_03092024	Completed	Cancelled
O1022040	Clone of Clone of MEDİPOL GRUP_SWA PREANALİTİK_14052024	Completed	Approved
O1026650	2026_485421_SWA_AYDIN HSM	Approved	Approved
O1026650	2026_485421_SWA_AYDIN HSM	Approved	Disapproved
O1020401	İSTANBUL ÜNİVERSİTESİ_PD-L1(SP263)_DT_26092023	Won	Approved
O1020401	İSTANBUL ÜNİVERSİTESİ_PD-L1(SP263)_DT_26092023	Won	Reset
O1022779	AFYONKARAHİSAR SB ÜNİVERSİTESİ_CC_IM_2024_1485994	Completed	Approved
O1022779	AFYONKARAHİSAR SB ÜNİVERSİTESİ_CC_IM_2024_1485994	Completed	Disapproved
O1020420	KAYA MEDİKAL YAŞAM HASTANELERİ_CC_IM_04102023	Won	Approved
O1025511	KONYA HS_CC_IM_2025_1930572	Approved	Approved
O1018767	KAŞ TIP MERKEZİ_CC_IM_10012023	Completed	Approved
O1021095	EGE ÜNİVERSİTESİ_NAT_2024_142137	Completed	Approved
O1021095	EGE ÜNİVERSİTESİ_NAT_2024_142137	Completed	Cancelled
O1017408	Clone of Clone of ISPARTA İSM İLÇELER_IM ID_2022_686782	Approved	Approved
O1023895	MEDİPOL HASTANESİ_RMD_VIROLOJİ_V2_18032025	Approved	Approved
O1023895	MEDİPOL HASTANESİ_RMD_VIROLOJİ_V2_18032025	Approved	Cancelled
O1019040	HİPOKRAT LABORATUVARI_CC_IM_ID_21022023	Completed	Disapproved
O1019040	HİPOKRAT LABORATUVARI_CC_IM_ID_21022023	Completed	Cancelled
O1019040	HİPOKRAT LABORATUVARI_CC_IM_ID_21022023	Completed	Approved
O1019726	EGE ÜNİVERSİTESİ_RMD_NAT_2.KISIM_2023_403643	In Progress	Disapproved
O1019726	EGE ÜNİVERSİTESİ_RMD_NAT_2.KISIM_2023_403643	In Progress	Cancelled
O1017153	KAHRAMANMARAŞ İSM_ID_2022_538534	Won	Approved
O1020370	Clone of CUMHURİYET ÜNV_SWA_2023_706971	Completed	Approved
O1026675	LETGEN DOLLVET-A. BİO MÜC - 2026-05-13 - 3000000 TRY - LETGEN BİYOTEKNOLOJİ LABORATUV (0061005075) Turkey	Won	Approved
O1021140	KZ_MPK_p512+pro	In Progress	Disapproved
O1024843	KIRIKKALE YİH_COAG_2025_1257163	Approved	Approved
O1018720	YILDIZ TEKNİK ÜNİVERSİTESİ_CC_IM_06012023	Completed	Approved
O1018720	YILDIZ TEKNİK ÜNİVERSİTESİ_CC_IM_06012023	Completed	Disapproved
O1025436	Akdeniz Üniv_ID TORCH_2025_1791026	Approved	Approved
O1020065	Clone of BOLU İSM_SWA 1.KISIM_2023_597102	Approved	Approved
O1023052	ROYAL HASTANELERİ_ALTERNATİF 3_PRO cobas 6000_26112024	Won	Approved
O1020340	İZMİR EAH BOZYAKA_RMD_2023_967129	Won	Approved
O1022413	BURSA İSM_IM_COBAS 6000_2024_919989	Approved	Disapproved
O1022413	BURSA İSM_IM_COBAS 6000_2024_919989	Approved	Approved
O1021445	Karaman Coag DT - 2026-03-18 - 50000 - EUR - DETAY LAB. CİH. SAN. VE TİC. A (0061000026) - Turkey	Approved	Approved
O1025986	ACIBADEM HASTANELERİ_2026_SWA PURE_14112025	Won	Cancelled
O1025986	ACIBADEM HASTANELERİ_2026_SWA PURE_14112025	Won	Approved
O1024836	ERBAYRAKTAR_CC_IM_26082025	Won	Approved
O1024836	ERBAYRAKTAR_CC_IM_26082025	Won	Disapproved
O1020352	KKTC_TANI LABORATUVARI_IM_ID_20092023	Approved	Approved
O1024714	SAMSUN EAH_VİROLOJİ_2025_1059678	Approved	Approved
O1020211	SUAT SEREN_RTD_IHC_DT_18082023	Won	Approved
O1023836	AYDIN ÜNİVERSİTESİ_CC_IM_18032025	In Progress	Started
O1020695	AFYONKARAHİSAR ÜNİVERSİTESİ_GLUCOMETRE_2023_1155002	Completed	Approved
O1022122	ILGAZ DH_IM_2024_839223	Completed	Cancelled
O1022122	ILGAZ DH_IM_2024_839223	Completed	Approved
O1025230	ŞANLIURFA İSM_CC_IM_ID_2025_1588461	Won	Disapproved
O1025230	ŞANLIURFA İSM_CC_IM_ID_2025_1588461	Won	Cancelled
O1025230	ŞANLIURFA İSM_CC_IM_ID_2025_1588461	Won	Approved
O1025819	Epifarma BAP Anlaşması - 2026-01-31 - 27600 EUR - EPİFARMA LABORATUVAR ÜRÜNLERİ  (0061004345) Turkey	Won	Approved
O1027567	2026_1392756_1.KISIM_SWA_SAKARYA İSM ŞEHİR HASTANESİ	Approved	Approved
O1027314	MERSİN YENİŞEHİR HASTANESİ_COAG_29062026	Cancelled	Approved
O1020501	SAMSUN İSM_İLÇELER_CC_2023_1040737	Completed	Approved
O1021290	GÜLHANE EAH_BG_2024_42490	Approved	Approved
O1026612	VİROMED_SWA_09042026	Approved	Disapproved
O1026612	VİROMED_SWA_09042026	Approved	Approved
O1021236	ÖZEL ÇORUM HST. - 2024-02-29 - 195000 - EUR - İLMED İLAÇ ve MEDİKAL ÖZEL  LA (0061000027) - Turkey	Completed	Approved
O1020822	LÜLEBURGAZ TM_CC_IM_07122023	Completed	Approved
O1025729	CAN HASTANESİ_SWA_05012026	Approved	Approved
O1019825	DIŞKAPI EAH_PAZARLIK_CC_IM_ID_UR_COAG_2023_573331	Approved	Approved
O1027615	2026_1388519 ÇOMÜ_PRE & SWA	Approved	Approved
O1020469	KAHRAMANMARAŞ SÜTÇÜ İMAM ÜNİV_ID_2023_960358	Completed	Approved
O1020469	KAHRAMANMARAŞ SÜTÇÜ İMAM ÜNİV_ID_2023_960358	Completed	Reset
O1026513	KANUNİ EAH_PROJE_CPS_26032026	Approved	Approved
O1025329	AFYON ÜNİV_2025_1726994_GLU_KISIM 10	Won	Approved
O1022732	MEDİPOİNT_CC_IM_22102024	Completed	Approved
O1017366	ANKARA DR.ABDURRAHMAN YURTASLAN ONKOLOJİ HASTANESİ_RTD_4.KISIM_IHC_2022_663703	Won	Approved
O1026434	Clone of  GOP SWA DT_4 2026_03_13	Won	Approved
O1020239	Clone of İZMİR HSM_SWA_2023_749010	Approved	Approved
O1022613	Clone of ÖZEL ORTADOĞU HASTANESİ_CC_IM-1	Completed	Approved
O1025064	GAZİ ÜNİVERSİTESİ_RMD_8.kISIM_HPV_HIV_2025_1481685	Won	Disapproved
O1025064	GAZİ ÜNİVERSİTESİ_RMD_8.kISIM_HPV_HIV_2025_1481685	Won	Approved
O1023725	ANKARA ÜNV_CC_IM_2025_391388	Won	Approved
O1023725	ANKARA ÜNV_CC_IM_2025_391388	Won	Cancelled
O1023725	ANKARA ÜNV_CC_IM_2025_391388	Won	Disapproved
O1023725	ANKARA ÜNV_CC_IM_2025_391388	Won	Cancelled
O1020939	İZMİR TEPECİK EAH_PAZARLIK_1 AYLIK_RTD_IHC_2023_1486656	Completed	Approved
O1017753	AVC LABORATUVARI_RTD_AMP KİTİ_08092022	Won	Approved
O1021172	ÇUKUROVA ÜNİV_İHK_ISH_MEDİKAL DEĞER_2023_1553230	Approved	Approved
O1019974	NESLLER_ONC_PCR_12072023	Won	Approved
O1025956	ELIPS_RTD_2026_01 - 2026-02-28 - 240000 EUR - ELİPS SAĞLIK ÜRÜNLERİ İTH.VE İ (0061000064) Turkey	Won	Approved
O1023251	Clone of AVUSTORYA SEN. JORJ HASTANESİ_CC_IM_24102024	Approved	Approved
O1018707	ÖZEL TUZLA HASTANESİ_CC_IM_24012023	Completed	Approved
O1023377	AHENK LABORATUVARI_C501 MODÜL KİRA_10012025	Won	Disapproved
O1023377	AHENK LABORATUVARI_C501 MODÜL KİRA_10012025	Won	Approved
O1018078	MEDICANA HASTANELERİ AKIN LAB_CC_IM_21102022	Approved	Approved
O1026019	2026_33910_IĞDIR DH_ID_V2_DC ANLAŞMA	Approved	Approved
O1026601	2026_378249_ULUDAĞ ÜNİVERSİTESİ_RMD	Approved	Approved
O1027545	AMAÇ MED-DİCLE HC-1299164 - 2026-09-29 - 1000000 TRY - ROCHE DIAGNOSTICS TURKEY A.Ş.  (0061000058) Turkey	Approved	Approved
O1025434	GÜMÜŞHANE İSM_COAG_2025_1883463	Approved	Approved
O1026554	MERSİN ÜNİ PCR DT 85473 - 2026-04-29 - 200000 TRY - MERSİN ÜNİVERSİTESİ REKTÖRLÜĞÜ (0061004230) Turkey	Won	Approved
O1026229	2026_302753_SİNOP İSM_ID_PAZARLIK	Approved	Approved
O1027475	ÖZEL ADANA SİSTEM TIP_UR_27072026	Won	Approved
O1022076	Clone of KAYA MEDİKAL TOSUN LAB._CC_IM_03042024	Completed	Approved
O1024086	ANTALYA EAH_RTD_2.KISIM IHC_2025_593941	Approved	Approved
O1026898	2026_662121_YEDEK PARÇA_İSLAB_3	In Progress	Initial
O1026898	2026_662121_YEDEK PARÇA_İSLAB_3	In Progress	Cancelled
O1017240	AVUSTIRYA SEN JORJ HASTANESİ_CC_IM_15062022	Won	Approved
O1021797	NAMIK KEMAL ÜNİVERSİTESİ_SWA_2024_580391	Completed	Cancelled
O1021797	NAMIK KEMAL ÜNİVERSİTESİ_SWA_2024_580391	Completed	Approved
O1017841	MS_Test_approval	In Progress	Cancelled
O1022237	EGE ÜNİVERSİTESİ_GENETİK NGS_2024-593760	Completed	Approved
O1023079	HATAY İSM_COAG_2024_1489821	Won	Approved
O1023079	HATAY İSM_COAG_2024_1489821	Won	Disapproved
O1016900	QPCR ÖZGÜL 150422 - 2022-04-30 - 50000 - TRY - ÖZGÜL EĞİTİM SAĞLIK HİZ. MED.  (0061000500) - Turkey	Approved	Approved
O1025121	KARABÜK İSM_ID_2025_1546710	Approved	Cancelled
O1025121	KARABÜK İSM_ID_2025_1546710	Approved	Approved
O1022266	Gazi Ünv_S.Hormon_22-f - 2024-11-30 - 4000000 TRY - GAZİ ÜNİVERSİTESİ TIP FAKÜLTES (0061000084) Turkey	Won	Approved
O1021719	MEDİPOL GRUP_SWA PREANALİTİK_14052024	Approved	Approved
O1021719	MEDİPOL GRUP_SWA PREANALİTİK_14052024	Approved	Cancelled
O1020500	BİOTIP_CC_18102023	Approved	Approved
O1022706	19 Mayıs Dual ISH DT - 2024-10-25 - 7200000 TRY - ONDOKUZ MAYIS ÜNV. SAĞ.UYG.ARŞ (0061000540) Turkey	Won	Approved
O1026854	ACIBADEM_RTD_Bios_07052026	Approved	Approved
O1026188	2026_67577_PAMUKKALE ÜNİVERSİTESİ_AUTOUR	Approved	Approved
O1027554	Clone of 2026_1123701_1.KISIM_RTD_ESKİŞEHİR OSMANGAZİ ÜNİVERİTESİ	Approved	Reset
O1021220	SON DURAK TM_CC_IM_31012024	Completed	Approved
O1026510	GAZİ ÜNİV_DT_RTD_26032026	Approved	Approved
O1021116	ADANA İSM_GLU_2023_1441147_Beckman	Approved	Approved
O1027938	GAZİ ÜNİV_DT_KALSİTONİN_22092026	Approved	Approved
O1027938	GAZİ ÜNİV_DT_KALSİTONİN_22092026	Approved	Cancelled
O1021472	PAMUKKALE ÜNİVERSİTESİ_RMD_VİROLOJİ_2 AYLIK PAZARLIK_2024_327047	Completed	Approved
O1024930	OMÜ_COAG - 2025_1229107	Approved	Approved
O1022913	EMSEY HASTANESİ_COAG_11112024	In Progress	Cancelled
O1018297	EGE ÜNİVERSİTESİ_RTD_BAP ALIMI_15112022	Won	Approved
O1023293	PATHERN LABORATUVARI_RTD_IHC_ALTERNATİF-2_30102024	Completed	Approved
O1023293	PATHERN LABORATUVARI_RTD_IHC_ALTERNATİF-2_30102024	Completed	Reset
O1018488	Clone of ANKARA EAH_CC_IM_UR_COAG_2022_1207246	Approved	Disapproved
O1018488	Clone of ANKARA EAH_CC_IM_UR_COAG_2022_1207246	Approved	Approved
O1019824	Düzen MP24 - 2023-07-31 - 1500000 - TRY - DÜZEN BİYOLOJİK BİLİMLER ARAŞT (0061000024) - Turkey	Won	Reset
O1019824	Düzen MP24 - 2023-07-31 - 1500000 - TRY - DÜZEN BİYOLOJİK BİLİMLER ARAŞT (0061000024) - Turkey	Won	Approved
O1021101	19 MAYIS ÜNV_HPV_2024_1819	Completed	Cancelled
O1021101	19 MAYIS ÜNV_HPV_2024_1819	Completed	Approved
O1017617	VAN BÖLGE EĞİTİM VE ARAŞTIRMA_Cobas HPV_2022_ 782899_220826	Won	Approved
O1024068	ANKARA ÜNV_SPESİFİK IM_2025_391388	Won	Reset
O1024068	ANKARA ÜNV_SPESİFİK IM_2025_391388	Won	Approved
O1024825	BİLECİK HSL_U411_2025_1077380	Approved	Approved
O1024523	İZMİR İSM._IM_6.KISIM_2025_896673	Approved	Approved
O1020645	OTA JİNEMED_CC_01112023	Completed	Approved
O1023115	ELİT (BLUE) KLİNİK_CC_IM_19122024	Approved	Approved
O1024876	İL SAĞLIK_RMD_MP_SARF_26082025	Won	Approved
O1024895	İZMİR İSM_13.GRUP_BGAS_2025_1235598	Approved	Approved
O1019773	ÇİĞLİ EA_PAZ VİROLOJİ_YM_01062023	Completed	Approved
O1021557	SELÇUK ÜNV_PCR_2024_344415	Approved	Approved
O1021557	SELÇUK ÜNV_PCR_2024_344415	Approved	Disapproved
O1022796	MEDICANA HASTANELERİ_COAG_01112024	In Progress	Disapproved
O1022796	MEDICANA HASTANELERİ_COAG_01112024	In Progress	Cancelled
O1027644	2026_1437877 KAHRAMANMARAŞ İSM_CC_IM	Approved	Approved
O1017272	ÖZEL ETİLER HASTANESİ_CC_17062022	Approved	Approved
O1016800	ANKARA ONKOLOJİ HASTANESİ_RTD_PAZARLIK_2022_313490	Completed	Cancelled
O1023532	EGE ÜNİVERSİTESİ_RTD_MEDİKAL ANTİKOR_2024_1730133	Won	Approved
O1019515	Clone of ELİT HOSPITAL_CC_27022023	Completed	Approved
O1025063	MedikalPark_MS_29092025	Won	Reset
O1025063	MedikalPark_MS_29092025	Won	Reset
O1025063	MedikalPark_MS_29092025	Won	Approved
O1026542	AZ_LS_DTX_InvCase_Pure_CE_5 yrs	Won	Approved
O1026542	AZ_LS_DTX_InvCase_Pure_CE_5 yrs	Won	Cancelled
O1020269	KARS İSM_PAZARLIK_COAG_2023_910270	Approved	Reset
O1022236	Niğde ISM EK KİRA - 2024-07-31 - 5000 EUR - DETAY LAB. CİH. SAN. VE TİC. A (0061000026) Turkey	Approved	Approved
O1024564	BOZOK ÜNİVERSİTESİ_SWA_2025_1375873	Approved	Approved
O1018994	Clone of MANİSA CELAL BAYAR ÜNİVERSİTESİ_RTD_HER2_DT_03022023	Won	Approved
O1023675	TEPECİK_RTD_EBER_DT_20022025	Completed	Approved
O1025704	ÖZEL ROYAL HAST-2	Won	Approved
O1025704	ÖZEL ROYAL HAST-2	Won	Cancelled
O1021647	KKTC Kit Alımı 2024 - 2024-06-07 - 50000 - EUR - BIOSYS LIMITED (0061005595) - Cyprus	Won	Approved
O1022063	ÇANAKKALE ONSEKİZMART ÜNİVERSİTESİ_KİRA ANLAŞMASI_26062024	Won	Approved
O1027184	O1027184 - 2026_941748 DİYARBAKIR İSM_IM_Cihaz_Satışlı_GDC_V2_Teklif	Approved	Cancelled
O1027184	O1027184 - 2026_941748 DİYARBAKIR İSM_IM_Cihaz_Satışlı_GDC_V2_Teklif	Approved	Approved
O1022774	NİŞANTAŞI HOSPITAL_CC_31102024	Approved	Approved
O1023246	AKDENİZ ÜNİVERSİTESİ_GLUCOMETRE_2024_1615379	Won	Approved
O1019890	KAPA HiFi HS _19062023	Won	Approved
O1021103	NİŞANTAŞI HOSPITAL_CC_IM_24012024	Approved	Approved
O1026347	2026_369084 AKSARAY İSM_CC_IM	Approved	Approved
O1026347	2026_369084 AKSARAY İSM_CC_IM	Approved	Cancelled
O1021741	BATMAN İSM_ID_2024_532465	Approved	Approved
O1020835	AFYONKARAHİSAR İSM_RTD_2023_1234043	Completed	Disapproved
O1020835	AFYONKARAHİSAR İSM_RTD_2023_1234043	Completed	Approved
O1027113	Clone of Clone of Clone of MEMORIAL_IHK_04032026	Approved	Approved
O1017738	MARDİN İSM_İLÇELER_2022_852644	Completed	Approved
O1024920	AYDIN İSM_BGAS_İLÇELER A GRUBU_2025_1220634	Approved	Approved
O1026083	MEDİKALPOINT_SWA_10022026	Won	Approved
O1025823	Mardin İpekyolu SWA - Yeni - 140000 EUR - DİYAR-MED SAĞLIK ÜRÜNLERİ SAN. (0061000054) Turkey	Approved	Approved
O1026781	Clone of 2026_770898_DİYARBAKIR İSM_Pazarlık_IM_3 aylık	In Progress	Disapproved
O1023660	SUAT SEREN_RTD_DT_19022025	Completed	Approved
O1023894	ELAZIĞ FIRAT ÜNİ İMMFLORA - 2025-04-14 - 1200000 TRY - FIRAT ÜNİVERSİTESİ HASTANESİ F (0061003864) Turkey	Won	Approved
O1026303	DEÜ 3998 Pd-L1 - 2026-03-30 - 800000 TRY - DOKUZ EYLÜL ÜNİVERSİTESİ BİLİM (0061004030) Turkey	Won	Approved
O1026303	DEÜ 3998 Pd-L1 - 2026-03-30 - 800000 TRY - DOKUZ EYLÜL ÜNİVERSİTESİ BİLİM (0061004030) Turkey	Won	Disapproved
O1026113	2026_67577_PAMUKKALE ÜNİVERSİTESİ_SWA_PRE_KİRA_CİHAZLAR SATIŞ	Approved	Cancelled
O1026113	2026_67577_PAMUKKALE ÜNİVERSİTESİ_SWA_PRE_KİRA_CİHAZLAR SATIŞ	Approved	Approved
O1018481	Clone of MEDICANA HASTANELERİ AKIN LAB_CC_IM_21102022	Won	Approved
O1020804	Kapa Bead - 2023-12-04 - 133200 - EUR - GEN ERA DİAGNOSTİK SAĞLIK HİZM (0061005563) - Turkey	Completed	Approved
O1019631	Clone of İZMİR BOZYAKA EAH_RTD_IHC_2023_377635	Won	Approved
O1025040	Malatya_İSM_ek_cihaz - 2025-11-01 - 200000 EUR - DİYAR-MED SAĞLIK ÜRÜNLERİ SAN. (0061000054) Turkey	Won	Approved
O1025040	Malatya_İSM_ek_cihaz - 2025-11-01 - 200000 EUR - DİYAR-MED SAĞLIK ÜRÜNLERİ SAN. (0061000054) Turkey	Won	Disapproved
O1017131	Q_PCR / OMÜ DOKU TİP_2022_432998	Approved	Approved
O1025827	ISPARTA SÜLEYMAN DEMİREL ÜNİ_ID_2025_2227010	Approved	Approved
O1025530	KIRIKKALE YÜKSEK İHTİSAS_IM_ID2025_1947404	Approved	Approved
O1025530	KIRIKKALE YÜKSEK İHTİSAS_IM_ID2025_1947404	Approved	Disapproved
O1025670	Sonomed - 2026-01-19 - 40000 EUR - ALGEN TIBBİ ÜRÜNLER VE SAĞLIK  (0061000032) Turkey	Approved	Approved
O1026101	DİACORE BAŞAKŞEHİR PPP - 2025-11-30 - 9000000 EUR - DİACORE DİAGNOSTİK SİSTEMLER A (0061006157) Turkey	Won	Approved
O1026968	2026_802499_8.KISIM_CC_ISPARTA ISM İLÇELER	Approved	Approved
O1026968	2026_802499_8.KISIM_CC_ISPARTA ISM İLÇELER	Approved	Disapproved
O1023080	SURP PIRGIÇ HASTANESİ_CC_IM_19122024	Approved	Approved
O1017149	VAN İSM_4.KISIM_HPV_2022_469339	Approved	Approved
O1020399	Cumhuriyet PD-L1 DT - 2023-10-27 - 1560000 - TRY - T.C. SİVAS CUMHURİYET ÜNİV. AR (0061000435) - Turkey	Won	Approved
O1017572	ANTALYA İSM_RTD_15.KISIM_IHC_2022_772798	Completed	Approved
O1017572	ANTALYA İSM_RTD_15.KISIM_IHC_2022_772798	Completed	Cancelled
O1026294	GAZIANTEP PPP IHK CİHAZ KİRA - 2026-03-16 - 787500 EUR -BIOGENLAB Turkey	Won	Reset
O1026294	GAZIANTEP PPP IHK CİHAZ KİRA - 2026-03-16 - 787500 EUR -BIOGENLAB Turkey	Won	Disapproved
O1026294	GAZIANTEP PPP IHK CİHAZ KİRA - 2026-03-16 - 787500 EUR -BIOGENLAB Turkey	Won	Approved
O1021820	Diyarbakır ÖBH SWA 2024 - 2024-07-06 - 160000 EUR - DİYAR-MED SAĞLIK ÜRÜNLERİ SAN. (0061000054) Turkey	Cancelled	Approved
O1017226	DÜZEN SWA - 2022-07-30 - 2850000 - TRY - DÜZEN BİYOLOJİK BİLİMLER ARAŞT (0061000024) - Turkey	Completed	Reset
O1017226	DÜZEN SWA - 2022-07-30 - 2850000 - TRY - DÜZEN BİYOLOJİK BİLİMLER ARAŞT (0061000024) - Turkey	Completed	Approved
O1023757	AKDENİZ ÜNİVERSİTESİ_TÜRBİDİMETRİ-2_GRUP B_2025_144954	Approved	Approved
O1026879	2026_662121_YEDEK PARÇA_İSLAB_1	In Progress	Started
O1020663	YOZGAT İSM_CC_2023_1116697	In Progress	Disapproved
O1021976	A HASTANESİ_CC_IM_10062024	Completed	Approved
O1025636	SAMSUN İSM_CC_IM_2025_2010085	Won	Cancelled
O1025636	SAMSUN İSM_CC_IM_2025_2010085	Won	Approved
O1027326	2026_1086355_İHC_ŞANLIURFA İSM	Approved	Approved
O1021282	PAMUKKALE ÜNİVERSİTESİ_SWA_2024_61286	Completed	Approved
O1025545	BİOLAB_SWA_27112025	Won	Reset
O1025545	BİOLAB_SWA_27112025	Won	Approved
O1025702	Özel Meydan Tıp Mer_SWA_05012026	Approved	Approved
O1027546	Clone of 2026_1123701_1.KISIM_RTD_ESKİŞEHİR OSMANGAZİ ÜNİVERİTESİ	Won	Approved
O1025339	SAKARYA İSM EAH_RTD_HC_2025_1622068	Won	Approved
O1023577	Medikalpoint_SWA_6000 - 2025-06-01 - 170000 EUR - GÜNEY TIP TIBBİ CİH.KİM.MADD.L (0061000029) Turkey	Approved	Approved
O1020729	Gazi Ünv_HPV DT 2023 - 2024-01-31 - 384000 - TRY - GAZİ ÜNİVERSİTESİ TIP FAKÜLTES (0061000084) - Turkey	Won	Approved
O1021638	KZ_Blood bank project Reagent rental (PP6 - NAT) 4.90 (452'160 donations) 192T	Won	Approved
O1023343	SELÇUK GENETİK_RTD-SEQ_09012025	Won	Approved
O1024690	İSTANBUL ÜNİVERSİTESİ CERRAHPAŞA_BRAF MUTASYON_2025_1425105	Approved	Approved
O1024690	İSTANBUL ÜNİVERSİTESİ CERRAHPAŞA_BRAF MUTASYON_2025_1425105	Approved	Disapproved
O1025656	HİSAR HOSPİTAL_CC_06012026	Approved	Approved
O1025911	AMERİKAN HASTANESİ_GLUKOMETRE_COBAS PULSE_1601202	Won	Approved
O1016828	MARDİN_İSM_ID_2022_279979 - 2022-04-06 - 4000000 - TRY - MARDIN DEVLET HASTANESI (0061004468) - Turkey	Won	Approved
O1021994	ANKARA ÜNV_KARDİYAK_2024_714957	Completed	Disapproved
O1021994	ANKARA ÜNV_KARDİYAK_2024_714957	Completed	Approved
O1022582	RUMELİ HASTANESİ_CC_04102024	Approved	Approved
O1018004	KAYSERİ PPP - 2022-12-31 - 13000000 - TRY - NUKLEUS SAĞLIK ÜRÜNLERİ TANI H (0061000175) - Turkey	In Progress	Started
O1020698	Clone of AFYON SAĞLIK BİLİMLERİ ÜNİVERSİTESİ_DT_UR_23102023	Completed	Approved
O1025073	Clone of Clone of Niğde İsm_2025_1393164_ HbA1c 2025/1393164	Won	Approved
O1021210	ÖZEL ÖZ İSTANBUL_CC_30012024	Completed	Cancelled
O1021210	ÖZEL ÖZ İSTANBUL_CC_30012024	Completed	Approved
O1026087	ELAZIĞ FIRAT ÜNİVERSİTESİ_RTD_BAP_09022026	Approved	Approved
O1017671	BİRİM LABORATUVARI_CC_IM_220824	Won	Approved
O1017671	BİRİM LABORATUVARI_CC_IM_220824	Won	Disapproved
O1017671	BİRİM LABORATUVARI_CC_IM_220824	Won	Disapproved
O1018051	TALATPAŞA LABORATUVARI_IM_17102022	Approved	Approved
O1025135	İSTANBUL ÜNİVERSİTESİ_ÇAPA_UR_2025_1448500	Approved	Approved
O1019305	MAMAK DH_IM_2023_230837	Approved	Approved
O1024959	QW_version_test	Approved	Approved
O1021128	ÇANKIRI DH_CC_2024_6560	In Progress	Disapproved
O1025592	Selçuk DT 1 Ay - 2025-12-24 - 500000 EUR - DETAY LAB. CİH. SAN. VE TİC. A (0061000026) Turkey	Won	Approved
O1021933	Gazi Ünv.S.Hormon DT - 2024-09-30 - 450000 TRY - GAZİ ÜNİVERSİTESİ TIP FAKÜLTES (0061000084) Turkey	Won	Approved
O1025838	Clone of YEDİKULE REFERANS_CC_IM_V3_24102024	Approved	Approved
O1024559	RİZE EAH_IHK_PAZARLIK_2025_1009089	Won	Approved
O1021999	ANKARA ÜNV_SP IM_2024_714957	Completed	Approved
O1018374	Kilis_İSM_EK_cihaz - 2023-01-01 - 100000 - TRY - GÜNEY TIP TIBBİ CİH.KİM.MADD.L (0061000029) - Turkey	Won	Approved
O1021432	TRG HOSPITAL_CC_IM_ID_07032024	Completed	Approved
O1023409	AMERİKAN_INFINITY_10012025	Approved	Cancelled
O1023409	AMERİKAN_INFINITY_10012025	Approved	Approved
O1020949	19 Mayıs Patoloji DT - 2024-01-31 - 3756000 - TRY - ONDOKUZ MAYIS ÜNV. SAĞ.UYG.ARŞ (0061000540) - Turkey	Completed	Approved
O1018731	TÜRKİYE HASTANESİ_CC_IM_ID_13012023	Completed	Approved
O1023006	MUĞLA İSM_COAG_YM_ALTERNAİF 2_DC_19112024	Won	Approved
O1023006	MUĞLA İSM_COAG_YM_ALTERNAİF 2_DC_19112024	Won	Cancelled
O1023006	MUĞLA İSM_COAG_YM_ALTERNAİF 2_DC_19112024	Won	Disapproved
O1023006	MUĞLA İSM_COAG_YM_ALTERNAİF 2_DC_19112024	Won	Disapproved
O1018443	ERZURUM İLÇELER_CC_IM_2022_1056456	Won	Approved
O1022560	BALIKESİR ATATÜRK DH_RTD_IHC_2024_1215117	Completed	Approved
O1017179	ÇUKUROVA ÜNV_ID_DT_220602	Won	Approved
O1019182	HACETTEPE ÜNV_PCT_2023_11709	Approved	Approved
O1023586	PAMUKKALE ÜNİVERSİTESİ HASTANESİ_ALZEHIMER TEST	Approved	Approved
O1018444	Erzurum Servis Anlaşması_2022_1056456	Approved	Disapproved
O1018444	Erzurum Servis Anlaşması_2022_1056456	Approved	Approved
O1018444	Erzurum Servis Anlaşması_2022_1056456	Approved	Cancelled
O1023181	GÜZELYALI HST	Completed	Approved
O1020882	ANK ÜNVERSİTESİ_RTD_ İFA_DT_08122023	Completed	Approved
O1020882	ANK ÜNVERSİTESİ_RTD_ İFA_DT_08122023	Completed	Cancelled
O1025757	BAŞARI HASTANESİ_CC_IM_06012026	Approved	Approved
O1025941	2025_2507265_BEYHEKİM DH_IHC	Won	Approved
O1025941	2025_2507265_BEYHEKİM DH_IHC	Won	Disapproved
O1020629	IĞDIR İSM_SWA_2023_1064557	Cancelled	Cancelled
O1020629	IĞDIR İSM_SWA_2023_1064557	Cancelled	Cancelled
O1020629	IĞDIR İSM_SWA_2023_1064557	Cancelled	Cancelled
O1020629	IĞDIR İSM_SWA_2023_1064557	Cancelled	Approved
O1024795	VAN İSM_HPV_2025_1052590	Won	Approved
O1021449	19 Mayıs Genetik - 2024-05-03 - 100000 - EUR - İLMED İLAÇ ve MEDİKAL ÖZEL  LA (0061000027) - Turkey	Completed	Approved
O1017843	ATATÜRK ÜNV_ID_2022_915720	Approved	Disapproved
O1017843	ATATÜRK ÜNV_ID_2022_915720	Approved	Approved
O1017130	CENTRO LAB_RMD_COBAS 6800 30052022	Approved	Approved
O1025089	İSTANBUL ÜNİVERSİTESİ CERRAHPAŞA_RTD_EGFR_2025_1425105	Approved	Disapproved
O1025089	İSTANBUL ÜNİVERSİTESİ CERRAHPAŞA_RTD_EGFR_2025_1425105	Approved	Approved
O1020724	VERA HASTANESİ_CC_18112023	Completed	Approved
O1018522	AKDENİZ ÜNİVERSİTESİ_RMD_2022_1291927	Approved	Approved
O1023483	19 Mayıs Her2&Chr17 DT - 2025-02-28 - 8100000 TRY - ONDOKUZ MAYIS ÜNV. SAĞ.UYG.ARŞ (0061000540) Turkey	Completed	Approved
O1016794	ANTALYA İSM_ID_2022_246214	Approved	Approved
O1023034	Clone of NECMETTİN ERBAKAN ÜNV_SWA_2024_1399760	Completed	Approved
O1026501	2026_425180_SAKARYA EAH_SPESİFİK IM	Approved	Approved
O1020493	AKDENİZ ÜNİVERSİTESİ_TORCH_2023_1055877	Approved	Approved
O1019068	İZMİR İSM_RTD ONK_2022_1499704	Approved	Approved
O1021294	GÜLHANE EAH_CC_IM_COAG_UR_PAZARLIK_2024_147604	Won	Reset
O1021294	GÜLHANE EAH_CC_IM_COAG_UR_PAZARLIK_2024_147604	Won	Approved
O1026364	YAKIN DOĞU ÜNİVERSİTESİ_BG_17032026	Approved	Approved
O1019005	GÖLBAŞI DH_ID_2023_106660	Approved	Approved
O1017431	ERCİYES ÜNİVERSİTESİ_İZOLASYON PROJE_19072022	Approved	Approved
O1026177	2026_114495_BİLECİK İSM_CC_IM_Cihaz_Satış	Approved	Approved
O1027286	Clone of 2026_810031_ANKARA HALK SAĞLIĞI_RMD2	Approved	Approved
O1023555	MEDDEM HASTANESİ_SWA_31012025	Approved	Approved
O1022712	KARAMAN İSM_IM_2024_1279691	Approved	Approved
O1021356	İRMET HASTANESİ_SWA_2602204	Approved	Approved
O1019578	GE_Megalab Project - 2023-12-01 - 210000 - EUR - Mirco Ltd. (0061000003) - Georgia	Approved	Approved
O1017613	100.Yıl CC - 2022-10-31 - 600000 - TRY - NEMESİS TIBBİ LAB.MED.ELEK. İN (0061005250) - Turkey	Approved	Approved
O1018534	GİSBİR HASTANESİ_CC_IM_23122022	Approved	Approved
O1019678	SAKARYA EAH_RTD_IHK_2023_466933	Approved	Approved
O1021249	DR. ABDURRAHMAN YURTASLAN_RTD_DT_05022024	Completed	Approved
O1022033	KANUNİ SULTAN SÜLEYMAN EAH_RTD_IHC_2024_767864	Approved	Approved
O1018096	AFYONKOCATEPE ÜNİVERSİTESİ_ID_TORCH_2022_1197671	Won	Approved
O1025131	MERSİN ÜNİ 82870 DT DAB - 2025-10-30 - 9500000 TRY - MERSİN ÜNİVERSİTESİ REKTÖRLÜĞÜ (0061004230) Turkey	Won	Approved
O1017592	HATAY GIDA KONTROL LAB_QPCR_220812	In Progress	Reset
O1025690	MEDİFEMA HASTANESİ_SWA_07012026	Approved	Approved
O1027413	2026_1081742_1.KISIM_CC_IM_ID_ISPARTA İSM_Instrument Sale Offer	Approved	Approved
O1025524	Clone of ASM_RTD_2025 IHC_30062025	Won	Approved
O1019593	TRAKYA ÜNİVERSİTESİ_RMD_PCR_2023	Approved	Approved
O1019593	TRAKYA ÜNİVERSİTESİ_RMD_PCR_2023	Approved	Cancelled
O1023372	MEMORIAL_RTD SEQ_ALTERNATİF 1_14012025	Approved	Disapproved
O1023372	MEMORIAL_RTD SEQ_ALTERNATİF 1_14012025	Approved	Approved
O1027730	2026_1423589_5.KISIM_ID_ANTALYA İSM_CİHAZ SATIŞ_v2	Approved	Approved
O1021349	KÜTAHYA EVLİYA ÇELEBİ HASTANESİ_ID_DT_19022024	In Progress	Cancelled
O1017732	ERDURAN LABORATUVARI_CC_IM_07092022	Approved	Approved
O1026254	Olbamed SWA - 2026-03-26 - 75000 EUR - DETAY LAB. CİH. SAN. VE TİC. A (0061000026) Turkey	Approved	Approved
O1017333	ARDAHAN DH_DT_22C_IM	Completed	Approved
O1027444	METABİO_2026_Temmuz	Won	Approved
O1021837	GAZİ ÜNİVERSİTESİ_RTD_HC_DT_27052024	Completed	Approved
O1020042	Antikor Anlaşması - 2023-08-17 - 720000 - TRY - EPİFARMA KİMYASAL VE TIBBİ ÜRÜ (0061004345) - Turkey	Won	Approved
O1017286	Mesin Ism Ek Cihaz - 2022-06-15 - 250000 - TRY - DETAY LAB. CİH. SAN. VE TİC. A (0061000026) - Turkey	Won	Approved
O1020929	İZMİR ATATÜRK EAH_RMD_VIROLOJİ_PAZARLIK_2023_1475656	Completed	Approved
O1027312	2026_1081742_1.KISIM_CC_IM_ID_ISPARTA İSM_Instrument Sale Offer	Approved	Approved
O1027110	Clone of Clone of_10062026_MEMORIAL MOLEKÜLER - 2026-05-14 - 100000 EUR - ÖZGÜN KİMYEVİ MADDE TIBBİ MALZ (0061000040) Turkey	Approved	Approved
O1020726	KOCAELİ ÜNİVERSİTESİ_CC_IM_2023_1179378	Completed	Approved
O1021150	PAMUKKALE ÜNİVERSİTESİ_BAP ALIMI_23012024	Won	Approved
O1019207	ÖZEL ATAKENT GRUBU_CC_IM_10032023	Approved	Approved
O1018813	Özel Omega Pro_Coa - 2024-03-01 - 400000 - TRY - DETAY LAB. CİH. SAN. VE TİC. A (0061000026) - Turkey	Approved	Approved
O1027836	2026_1527836_CC_IM_NECMETTİN ERBAKAN ÜNİVERSİTESİ_CİHAZ SATIŞ	Approved	Approved
O1021187	Ordu MedicalPark 24 - 2024-02-29 - 57000 - EUR - MLP SAĞLIK HİZMETLERİ AŞ ORDU  (0061000653) - Turkey	Completed	Approved
O1023754	Ş.Urfa_İSM_ek_402_kira - 2025-03-01 - 25000 EUR - DİYAR-MED SAĞLIK ÜRÜNLERİ SAN. (0061000054) Turkey	Won	Approved
O1026980	paü 2026TIPF012 - 2026-06-22 - 3440000 TRY - PAMUKKALE ÜNİVERSİTESİ BİLİMSE (0061000541) Turkey	Won	Approved
O1019164	TRT GENEL MÜD._CC_230306	Completed	Approved
O1023170	BEYLİKDÜZÜ MEDİCANA_IM_24122024	In Progress	Started
O1025289	ERK DIAGNOSTIK OZEL SAGLIK_RTD_23102025	Won	Reset
O1025289	ERK DIAGNOSTIK OZEL SAGLIK_RTD_23102025	Won	Approved
O1025289	ERK DIAGNOSTIK OZEL SAGLIK_RTD_23102025	Won	Cancelled
O1019842	ZONGULDAK KADIN DOĞUM HASTANESİ_CC_IM_2023_595099	Won	Approved
O1026887	ERK DIA PROBES MASTER - 2026-06-25 - 500000 TRY - ERK DIAGNOSTIK OZEL SAGLIK HIZ (0061006093) Turkey	Won	Approved
O1025161	ETLİK PPP ODS - 2025-03-03 - 13200 EUR - TECHNO HEALTH LAB.DİAGNOSTİK S (0061003872) Turkey	Cancelled	Approved
O1016783	SAMSUN ÖZEL LİV HOSPİTAL_CC_IM_ID_211213	Won	Approved
O1027227	2026_1015254_HPV_DİCLE ÜNV	Won	Approved
O1023736	ELAZIĞ FIRAT ÜNİ İN SİTU - 2025-03-12 - 1000000 TRY - FIRAT ÜNİVERSİTESİ HASTANESİ F (0061003864) Turkey	Won	Approved
O1019990	KATİP ÇELEBİ HASTANESİ_RTD_IHC_DT_13072023	Won	Approved
O1016789	Akrapol Hastanesi - 2022-05-31 - 15000000 - TRY - DİYAR-MED SAĞLIK ÜRÜNLERİ SAN. (0061000054) - Turkey	Approved	Approved
O1019213	HAYAT_SWA_2023	Approved	Approved
O1017824	ALANYA EAH_RTD_IHC_2022_956493	Won	Cancelled
O1017824	ALANYA EAH_RTD_IHC_2022_956493	Won	Approved
O1024287	Siirt Özel Hastanesi 2025 - 2025-07-29 - 160000 EUR - DİYAR-MED SAĞLIK ÜRÜNLERİ San. (ACC-0004052772) Turkey	Approved	Approved
O1026232	2026_268806_ESKİŞEHİR İSM_CC_IM	Won	Approved
O1026232	2026_268806_ESKİŞEHİR İSM_CC_IM	Won	Disapproved
O1019894	Soda San CC DVM - 2023-08-29 - 250000 - TRY - DETAY LAB. CİH. SAN. VE TİC. A (0061000026) - Turkey	Approved	Approved
O1027462	2026_783778_AĞRI İSM_ELİZA_CİHAZ SATIŞ	Approved	Approved
O1025044	MLL_PROJE ANLAŞMASI_RMD_23092025	Won	Approved
O1017420	MERSİN İSM İLÇELER_ID_2022_651779	Approved	Approved
O1022924	AKSARAY İSM_İLÇELER_BG_ 2024_1436680	Approved	Approved
O1023663	PAMUKKALE ÜNİVERSİTESİ_RTD_BAP ALIMI_17022025	Completed	Approved
O1019846	ÇİĞLİ EAH_RTD_ ISH_DT_13062023	Won	Approved
O1025071	ASTELLAS BİOS_IHK_26092025	Approved	Approved
O1020709	BALIKESİR İSM_ID_2023_1099882	Completed	Approved
O1017360	Çerkeş DH Troponin - 2022-07-15 - 40000 - TRY - ÇANKIRI ÇERKEŞ DEVLET HASTANES (0061000336) - Turkey	Won	Approved
O1017570	ANTALYA İSM_RTD_17.KISIM_HC_2022_772798	Approved	Approved
O1027769	Clone of 2026_7 DIACORE EGEPAT - 2026-09-30 - 50000 EUR - DİACORE DİAGNOSTİK SİSTEMLER A (0061006157) Turkey	Approved	Approved
O1019731	19 Mayıs DISH D.T - 2023-06-16 - 1260000 - TRY - ONDOKUZ MAYIS ÜNV. SAĞ.UYG.ARŞ (0061000540) - Turkey	Won	Approved
O1018946	EtlikPPP_Technohealth_Acil_Cihaz Kira	Won	Approved
O1023288	BURSA PPP-ssbtk- SB - 2024-12-31 - 106750000 TRY - RÖNESANS İŞLETME HİZMETLERİ DA (0061005230) Turkey	In Progress	Cancelled
O1024715	SİVAS İSM_IHC_2025_1027222	Approved	Approved
O1021853	ISPARTA ISM İLÇELER_CC_IM_ID_2024_636832	Approved	Approved
O1022711	KARAMAN İSM_CC_ 2024_1279691	Approved	Approved
O1024661	Clone of KOÇ ÜNİVERSİTESİ HASTANESİ_SWA_10062025	Approved	Reset
O1024661	Clone of KOÇ ÜNİVERSİTESİ HASTANESİ_SWA_10062025	Approved	Approved
O1024661	Clone of KOÇ ÜNİVERSİTESİ HASTANESİ_SWA_10062025	Approved	Reset
O1024661	Clone of KOÇ ÜNİVERSİTESİ HASTANESİ_SWA_10062025	Approved	Approved
O1027505	2026/1376936_DİYARBAKIR İSM_Pazarlık_IM_3 aylık	Won	Approved
O1023806	MERSİN ÜNİ HER2 30 TEST - 2025-03-19 - 2000000 TRY - MERSİN ÜNİVERSİTESİ REKTÖRLÜĞÜ (0061004230) Turkey	Approved	Approved
O1020830	DT DAB - 2023-12-25 - 4800000 - TRY - VAN BÖLGE EĞİTİM VE ARAŞTIRMA  (0061004046) - Turkey	Won	Approved
O1025990	ESPİYE DH CİHAZ KİRASI - 2026-02-15 - 50000 EUR - İLMED İLAÇ ve MEDİKAL ÖZEL  LA (0061000027) Turkey	Won	Approved
O1020341	Clone of DERİNCE EAH DT	Won	Approved
O1020595	AFYON SAĞLIK BİLİMLERİ ÜNİVERSİTESİ_BAP ALIMI_UR_23102023	Approved	Approved
O1019062	Güven Has. UR - 2023-03-31 - 110000 - TRY - DETAY LAB. CİH. SAN. VE TİC. A (0061000026) - Turkey	Won	Approved
O1016877	KTÜ Viroloji 2022_387495- 2022-04-30 - 800000 - TRY - KARADENİZ TEKNİK ÜNV. SAĞ. UYG (0061000375) - Turkey	Won	Cancelled
O1016877	KTÜ Viroloji 2022_387495- 2022-04-30 - 800000 - TRY - KARADENİZ TEKNİK ÜNV. SAĞ. UYG (0061000375) - Turkey	Won	Approved
O1021701	BALIKESİR_İLÇE_IM_ID_2024_434391_ALTERNATİF 1_E601 SATIŞ	Approved	Approved
O1019991	SUAT SEREN HASTANESİ_RTD_IHC_DT_13072023	Won	Approved
O1019953	SAMSUN İSM İLÇE_CC_2023_605815	Approved	Approved
O1023498	ALANYA_RTD_DT_21012025	Completed	Approved
O1017545	TRAKYA ÜNİVERSİTESİ_RTD_HC_DT_08082022	Approved	Approved
O1023633	MEDİPOL HASTANESİ_RMD_VIROLOJİ_18022025	Approved	Approved
O1017069	Çerkeş Troponin - 2022-06-30 - 20000 - TRY - ÇANKIRI ÇERKEŞ DEVLET HASTANES (0061000336) - Turkey	Completed	Approved
O1022981	MUĞLA İSM_COAG_YM_ALTERNAİF 1_RR_19112024	Approved	Disapproved
O1022981	MUĞLA İSM_COAG_YM_ALTERNAİF 1_RR_19112024	Approved	Approved
O1022981	MUĞLA İSM_COAG_YM_ALTERNAİF 1_RR_19112024	Approved	Cancelled
O1021073	MEDİPOL ACIBADEM_COBAS PURE KİRA_12012024	Won	Approved
O1023446	AMERİKAN HASTANESİ_GLUCOMETRE_POC_21012025	Cancelled	Disapproved
O1018086	CELAL BAYAR ÜNİVERSİTESİ_RTD_DT_HER2_20102022	Won	Approved
O1022097	Gazi Ünv. S.Horomon 22/f - 2024-09-30 - 10000000 TRY - GAZİ ÜNİVERSİTESİ TIP FAKÜLTES (0061000084) Turkey	Won	Approved
O1023841	MOZAİK HASTANESİ_SWA	Won	Approved
O1021731	İSTANBUL ÜNİVERSİTESİ ÇAPA_ID_ALTERNATİF 1_W/O SWA INFINITY_2024_487281	Approved	Cancelled
O1021731	İSTANBUL ÜNİVERSİTESİ ÇAPA_ID_ALTERNATİF 1_W/O SWA INFINITY_2024_487281	Approved	Disapproved
O1021731	İSTANBUL ÜNİVERSİTESİ ÇAPA_ID_ALTERNATİF 1_W/O SWA INFINITY_2024_487281	Approved	Disapproved
O1021731	İSTANBUL ÜNİVERSİTESİ ÇAPA_ID_ALTERNATİF 1_W/O SWA INFINITY_2024_487281	Approved	Approved
O1019668	Mersin Üni Dt HBC - 2023-05-31 - 500000 - TRY - DETAY LAB. CİH. SAN. VE TİC. A (0061000026) - Turkey	Won	Approved
O1026812	Atatürk BAP Anlaşması - 2026-05-31 - 14500 EUR - ÖZGÜL EĞİTİM SAĞLIK HİZ. MED.  (0061000500) Turkey	Won	Approved
O1026812	Atatürk BAP Anlaşması - 2026-05-31 - 14500 EUR - ÖZGÜL EĞİTİM SAĞLIK HİZ. MED.  (0061000500) Turkey	Won	Cancelled
O1026745	2026_577001_SİNOP İSM_CC	Approved	Approved
O1026745	2026_577001_SİNOP İSM_CC	Approved	Disapproved
O1020713	KOÇ ÜNİVERSİTESİ_BGAS_28112023	Approved	Cancelled
O1020713	KOÇ ÜNİVERSİTESİ_BGAS_28112023	Approved	Approved
O1020713	KOÇ ÜNİVERSİTESİ_BGAS_28112023	Approved	Cancelled
O1027822	2026_1418685_7.KISIM_CC_IM_ANTALYA İSM_ALANYA_KEPEZ DH_DC_v3	Approved	Approved
O1027679	2026_1388519 ÇOMÜ_PRE & SWA - SATIŞ	Approved	Cancelled
O1027679	2026_1388519 ÇOMÜ_PRE & SWA - SATIŞ	Approved	Approved
O1021845	IĞDIR HSL_CC_IM_ID_2024_565296	Approved	Disapproved
O1021845	IĞDIR HSL_CC_IM_ID_2024_565296	Approved	Disapproved
O1021845	IĞDIR HSL_CC_IM_ID_2024_565296	Approved	Approved
O1025830	ISPARTA SÜLEYMAN DEMİREL ÜNİ_UR_2025_2227010	Approved	Approved
O1027118	ÖZEL DAVİVA ÇORLU 2H_SWA_15062026	Approved	Approved
O1022373	ARDAHAN ISM CC DT2 - 2024-09-30 - 207166 TRY - ARDAHAN DEVLET HASTANESİ (0061000398) Turkey	Won	Approved
O1023023	MANAVGAT DH_RTD_DT_28112024	Completed	Approved
O1022891	ULUDAĞ UNİVERSİTESİ_RTD_2024_1337131	Completed	Cancelled
O1022891	ULUDAĞ UNİVERSİTESİ_RTD_2024_1337131	Completed	Approved
O1022891	ULUDAĞ UNİVERSİTESİ_RTD_2024_1337131	Completed	Cancelled
O1020682	ÇAYCUMA DH_GLUKOMETRE_PAZARLIK_2023_1236978	Won	Approved
O1018465	BURTOM LABORATUVARI_CC_IM_ALTERNATİF 1_RR COBAS 6000_11122022	Approved	Approved
O1020970	Clone of EGE ÜNİVERSİTESİ_RTD_ISH_DT_21122023	Won	Approved
O1018890	AKSARAY ÜNİVERSİTESİ_RTD_HPV_DT_30012023	Won	Approved
O1025878	Endocrinology Center	Approved	Disapproved
O1025878	Endocrinology Center	Approved	Approved
O1024391	ÇUKUROVA ÜNİ 1500 DAB DT - 2025-06-26 - 9000000 TRY - ÇUKUROVA ÜNİV. BALCALI TIP FAK (0061000548) Turkey	Won	Approved
O1027484	2025_1812563_ERZİNCAN İSM_IM_ID	Approved	Approved
O1026239	2026_313589  GAZİANTEP İSM_ID	Approved	Approved
O1027084	ETLİK PPP IHK ANTİKOR - 2026-06-30 - 100000 EUR - TECHNO HEALTH LAB.DİAGNOSTİK S (0061003872) Turkey	In Progress	Disapproved
O1027084	ETLİK PPP IHK ANTİKOR - 2026-06-30 - 100000 EUR - TECHNO HEALTH LAB.DİAGNOSTİK S (0061003872) Turkey	In Progress	Approved
O1022368	ANTALYA İSM_RMD_9.KISIM ANTALYA EAH_ŞEHİR HASTANESİ_2024_974670	Approved	Approved
O1017889	Clone KARAMAN İSM_ID_2022_956578	Approved	Approved
O1022058	Clone of FATİH SULTAN MEHMET EAH_RTD_IHC_SISH_2024_583017	Won	Approved
O1023038	Clone of MEYDAN HASTANELERİ_CC_IM_30102024	Approved	Approved
O1016996	ERCİYES ÜNV_ID_2022_496850	Won	Approved
O1023930	DİCLE ÜNİ İMMÜNFLORASAN - 2025-04-22 - 4000000 TRY - DİCLE ÜNİVERSİTESİ TIP FAKÜLTE (0061003909) Turkey	Won	Approved
O1022273	Clone of İZMİR MEDİKAL POINT_GLUKOMETRE_COBAS PULSE_18072024	Approved	Approved
O1023094	KOCAELİ İSM_IM_ID_2024_1458444	Approved	Approved
O1023094	KOCAELİ İSM_IM_ID_2024_1458444	Approved	Disapproved
O1017610	ANTALYA İSM EAH_CC_IM_PREANALİTİK_2022_772326	Approved	Approved
O1019950	ELİTİUM NEW CC_23062023	Completed	Approved
O1021846	BALIKESİR ATATÜRK DH_RTD_IHC_2024_696918	Won	Approved
O1024171	GAZİYAŞARGİL EAH_İHK_2025_468468	Won	Approved
O1025126	Clone of LETGEN Zirai Karantina_MP_24092025	Won	Approved
O1019733	DEVREK DH_CC_PAZARLIK_2023_531539	Won	Approved
O1025204	BEYHEKİM EAH_IM_2025_1624930	Approved	Approved
O1025448	DR.ABDURRAHMAN YURTASLAN ONKOLOJİ HST_BG_2025_1793781	Approved	Cancelled
O1025448	DR.ABDURRAHMAN YURTASLAN ONKOLOJİ HST_BG_2025_1793781	Approved	Approved
O1025448	DR.ABDURRAHMAN YURTASLAN ONKOLOJİ HST_BG_2025_1793781	Approved	Cancelled
O1027792	AKBANK_UR_04092026	Approved	Approved
O1027682	ÖZEL A LİFE HAS_SWA_28082026	Approved	Approved
O1027682	ÖZEL A LİFE HAS_SWA_28082026	Approved	Disapproved
O1024249	Clone of İSLAB-2 E801 KİRA ANLAŞMASI_REV2_20052025	In Progress	Disapproved
O1017678	ÖZEL MEDİFEMA HASTANESİ_CC_IM_01092022	Approved	Approved
O1022169	GÜVEN HASTANESİ_RTD_Her2 DT_16072024	Won	Approved
O1023874	MARDİN DT 1000 TEST ANT - 2025-04-02 - 8500000 TRY - MARDİN DEVLET HASTANESİ (0061005325) Turkey	Won	Approved
O1024835	KOÇ ÜNİVERSİTESİ_GLUKOMETRE_27082025	Approved	Approved
O1018157	DR.ABDURRAHMAN YURTASLAN ONKOLOJİ HASTANESİ_RTD_PAZARLIK_5.KISIM_IHC_2022_1143616	Approved	Approved
O1020701	GÜLHANE EAH_KAN BANKASI_2023_1122355	Approved	Approved
O1025341	KÜTAHYA EVLİYA ÇELEBİ EAH_IM+ID_KISIM 15_2025_1702473	In Progress	Cancelled
O1017459	KOCAELİ ÜNİVERSİTESİ_HK_2022_605224	Completed	Cancelled
O1017459	KOCAELİ ÜNİVERSİTESİ_HK_2022_605224	Completed	Approved
O1020533	GOP_SWA_2023_1037304	Completed	Approved
O1020626	ULUDAĞ ÜNİVERSİTESİ DİRİM TIP_MULTIPLATE_2023_1021046	Won	Approved
O1025981	Nişantaşı Hosp. - 2026-02-25 - 100000 EUR - ALGEN TIBBİ ÜRN. VE SAĞ. HİZM. SAN. TİC. A.Ş. Turkey	Approved	Approved
O1024774	Clone of GAZİANTEP_PCR - 2025-08-31 - 500000 EUR - TECHNO HEALTH LAB.DİAGNOSTİK S (0061003872) Turkey	Approved	Approved
O1025029	BAŞAKŞEHİRPPP DANIŞMANLIK - 2025-11-30 - 30000 EUR - DİACORE DİAGNOSTİK SİSTEMLER A (0061006157) Turkey	Won	Approved
O1024822	ÇUKUROVA ÜNİ 1500 DAB DT_18082025	Won	Approved
O1027696	UZ_Endocrinology Center_26082026	Approved	Disapproved
O1027696	UZ_Endocrinology Center_26082026	Approved	Approved
O1027696	UZ_Endocrinology Center_26082026	Approved	Disapproved
O1025305	GAZİANTEP İSM_CC_IM_2025_1608213	Approved	Approved
O1021564	KARABÜK İSM_CC_IM_UR_COA_2024_292560	Approved	Cancelled
O1021564	KARABÜK İSM_CC_IM_UR_COA_2024_292560	Approved	Approved
O1022873	TINAZTEPE GALEN_COAG_07112024	Approved	Approved
O1025212	Gülhane EAH_ID+PCR_2025_1438091	Approved	Cancelled
O1025212	Gülhane EAH_ID+PCR_2025_1438091	Approved	Disapproved
O1025212	Gülhane EAH_ID+PCR_2025_1438091	Approved	Cancelled
O1025212	Gülhane EAH_ID+PCR_2025_1438091	Approved	Disapproved
O1025212	Gülhane EAH_ID+PCR_2025_1438091	Approved	Approved
O1018037	ÖZEL VİROMED LAB_CC_IM_221015	Completed	Disapproved
O1018037	ÖZEL VİROMED LAB_CC_IM_221015	Completed	Approved
O1018037	ÖZEL VİROMED LAB_CC_IM_221015	Completed	Reset
O1017033	CENTRO LAB_RMD_COBAS 6800 KİRA_10052022	In Progress	Reset
O1024275	Alab Koagülasyon - 2026-08-03 - 100000 EUR - LOKMAN HEKİM AKAY TIBBİ HİZ.Tİ (0061004603) Turkey	Approved	Disapproved
O1024275	Alab Koagülasyon - 2026-08-03 - 100000 EUR - LOKMAN HEKİM AKAY TIBBİ HİZ.Tİ (0061004603) Turkey	Approved	Approved
O1021697	ERÜ BAP - 2024-05-31 - 0 TRY - ERCİYES ÜNİVERSİTESİ BİLİMSEL  (0061000245) Turkey	Completed	Approved
O1023970	ÖZEL MEDİBAFRA HST - 2025-04-15 - 160000 EUR - İLMED İLAÇ ve MEDİKAL ÖZEL  LA (0061000027) Turkey	Won	Disapproved
O1023970	ÖZEL MEDİBAFRA HST - 2025-04-15 - 160000 EUR - İLMED İLAÇ ve MEDİKAL ÖZEL  LA (0061000027) Turkey	Won	Approved
O1024668	İstanbul Hospital_Özgün_CC_IM_20250725	Approved	Disapproved
O1024668	İstanbul Hospital_Özgün_CC_IM_20250725	Approved	Approved
O1022339	ELLİTİUM HASTANESİ_CC_27082024	Won	Approved
O1023968	ÖZEL HOSPİTALPARK - 2025-04-15 - 320000 EUR - İLMED İLAÇ ve MEDİKAL ÖZEL  LA (0061000027) Turkey	Won	Approved
O1020516	BEYHEKİM EAH_IM_2023_969417	Approved	Disapproved
O1020516	BEYHEKİM EAH_IM_2023_969417	Approved	Approved
O1020253	KTÜ_PD-L1_2023_886142	Won	Approved
O1019264	<KGs>_<Aqualab NEW23>_<2023>	Approved	Approved
O1017310	Clone of ANTALYA EAH_RTD_HC_PAZARLIK_2022_608098	Won	Approved
O1027833	BİLECİK EAH IHC 2026 DT - 2026-10-31 - 12000000 TRY - BİLECİK EĞİTİM VE ARAŞTIRMA HA (0061006156) Turkey	Won	Approved
O1025971	ATAKENT HAST_SWA - 2026-05-30 - 450000 EUR - DEVA KİMYA SANAYİ VE TİCARET L (0061000074) Turkey	Won	Approved
O1022469	TURGUT ÖZAL TIP MERKEZİ_HPV_2024_941500	Approved	Approved
O1022852	MARDİN DH DT - 2024-11-01 - 9000000 TRY - MARDİN DEVLET HASTANESİ (0061005325) Turkey	Completed	Approved
O1020001	MEMORİAL_CARDIAC_12072023	Completed	Approved
O1023977	TRAKYA ÜNVERSİTES,_RTD_HC_2025_296334	Won	Approved
O1025543	SATIŞ_BRS_BSK GLUKOMETRE PULSE - 2025-12-31 - 1500000 EUR - DİACORE DİAGNOSTİK SİSTEMLER A (0061006157) Turkey	Cancelled	Approved
O1017239	BAHÇECİ TIP MERKEZLERİ_CC_IM_15062022	Won	Approved
O1022802	PATHERN LABORATUVARI_RTD_IHC_30102024	Approved	Reset
O1022802	PATHERN LABORATUVARI_RTD_IHC_30102024	Approved	Reset
O1025760	KAHRAMANMARAŞ İSM_ID_2025_2100558	Approved	Approved
O1025322	ZONGULDAK BEÜ_RTD_IHC_PAZARLIK_2025_1822839	Won	Approved
O1026672	2026_500897_IHC_GAZİANTEP İSM	Approved	Approved
O1017587	UZ_ Haemalab Blood bank (IDT)	Approved	Cancelled
O1017587	UZ_ Haemalab Blood bank (IDT)	Approved	Approved
O1025767	KAHRAMANMARAŞ İSM_COAG_İLÇELER_2025_2100558	Approved	Approved
O1021877	AKDENİZ ÜNİVERSİTESİ_RMD_2024_565500	Approved	Approved
O1022110	ANKARA HALK SAĞLIK_PCR_2024_751323	Completed	Reset
O1022110	ANKARA HALK SAĞLIK_PCR_2024_751323	Completed	Approved
O1019398	Clone of Clone of GAZİ ÜNİVERSİTESİ_RTD_EBER DT_23032023	Won	Approved
O1023840	SUAT SEREN RTD_DT_11032025	Won	Approved
O1027845	Clone of AÜ Doğrudan Alım1 -2026.08.31 TRY - ANKARA ÜNİVERSİTESİ SAĞL UYG A (0061000126) Turkey	Won	Approved
O1021331	GAZİANTEP_HSM_PAZARLIK_2024_162943	Completed	Approved
O1017505	Clone of GAZİANTEP_İSM_CC_IM - 2022-08-08	In Progress	Reset
O1027618	KOZA SAĞLIK GRUBU_SWA - 2026-10-15 - 450000 EUR - DEVA KİMYA SANAYİ VE TİCARET L (0061000074) Turkey	Approved	Approved
O1026861	FLORA LAB_IM_09032026	Won	Approved
O1024897	Clone of MERSİN ÜNİ DT HIV 384 - 2025-09-18 - 9000000 TRY - MERSİN ÜNİVERSİTESİ REKTÖRLÜĞÜ (0061004230) Turkey	Approved	Approved
O1017148	ÖZEL EGE PATOLOJİ_RTD_02062022	In Progress	Started
O1019105	DR. NAFİZ KÖREZ SİNCAN DH_IM_2023_105016	Approved	Approved
O1022709	MEDİFEMA İZMİR CC IM_21102024	Completed	Approved
O1022709	MEDİFEMA İZMİR CC IM_21102024	Completed	Reset
O1020031	KZ_Blood bank project Reagent rental (PP6 - NAT) 4.90 (452'160 donations)	Won	Approved
O1026967	2026_900466_ID_MERSİN İSM ERDEMLİ DH_PAZARLIK	Won	Approved
O1027407	2026_1182870_RMD_ORDU İSM EAH	Approved	Approved
O1026667	2026_603240_SWA_PAZARLIK_SUAT SEREN EAH	Won	Approved
O1019476	TOBB ETÜ_SWA_2023 - 2023-06-01 - 2500000 - TRY - TOBB ETÜ SAĞLIK EĞİTİMİ UYGULA (0061000153) - Turkey	Completed	Approved
O1020885	PAMUKKALE ÜNİVERSİTESİ_RTD_BAP_08122023	Won	Approved
O1017419	MERSİN İSM İLÇELER_IM_2022_651779	Won	Approved
O1020278	MARKASI_CC_IM_ID - 2023-11-01 - 3000000 - TRY - DETAY LAB. CİH. SAN. VE TİC. A (0061000026) - Turkey	Approved	Approved
O1026478	2026_218711_KASTAMONU İSM_CC	Approved	Approved
O1020897	ÖRNEK TM_CC_IM_18122023	Approved	Approved
O1026050	BULENT E UNI 2026 DT ANT1 _04022026	Won	Approved
O1021488	DETAY_ÖZEL ERCİYES - 2024-04-30 - 0 - EUR - DETAY LAB. CİH. SAN. VE TİC. A (0061000026) - Turkey	Won	Approved
O1027725	Selçukj DT 105270 - 2026-09-15 - 50000 EUR - DETAY LAB. CİH. SAN. VE TİC. A (0061000026) Turkey	Won	Approved
O1023310	Silifke Olbamed - 2025-01-31 - 50000 EUR - DETAY LAB. CİH. SAN. VE TİC. A (0061000026) Turkey	Approved	Approved
O1027948	GAZİ ÜNİV_BİOS_PAS_22092026	Won	Approved
O1025283	Mersin Üni Hav DT - 2025-10-30 - 50000 EUR - DETAY LAB. CİH. SAN. VE TİC. A (0061000026) Turkey	Approved	Approved
O1016833	DİCLE UNV_HK_2022_281031 - 2022-06-20 - 750000 - TRY - DICLE UNV TIP (0061002669) - Turkey	Approved	Approved
O1019309	EGE ÜNİVERSİTESİ_NAT_DT_22032023	Won	Approved
O1027041	LABMED_ÖZEL KURUMLAR_5 YILLIK_SWA_COAG_10062026	In Progress	Disapproved
O1020260	DERİNCE EAH DT	Won	Approved
O1024407	Güven SWA - 2025-07-31 - 800000 EUR - DETAY LAB. CİH. SAN. VE TİC. A (0061000026) Turkey	Won	Approved
O1024407	Güven SWA - 2025-07-31 - 800000 EUR - DETAY LAB. CİH. SAN. VE TİC. A (0061000026) Turkey	Won	Disapproved
O1025423	LETGEN BİYO URFA DOLLVET - 2025-12-25 - 2000000 TRY - LETGEN BİYOTEKNOLOJİ LABORATUV (0061005075) Turkey	Won	Approved
O1019905	Mersin DT HİV - 2023-07-19 - 150000 - TRY - DETAY LAB. CİH. SAN. VE TİC. A (0061000026) - Turkey	Approved	Approved
O1026649	2026_561964_IĞDIR DH_ID	Approved	Approved
O1026649	2026_561964_IĞDIR DH_ID	Approved	Disapproved
O1022472	Clone of BURSA İSM_SWA PRE & POST_2024_919989	Approved	Approved
O1022472	Clone of BURSA İSM_SWA PRE & POST_2024_919989	Approved	Disapproved
O1023126	CUMHURİYET ÜNV_IHC_2024_1608291	Completed	Approved
O1022468	Clone of BAYINDIR_RTD_ IHK_30082024	Approved	Approved
O1025022	VAN YY ÜNİ_HPV_2025_1319610	Approved	Disapproved
O1025022	VAN YY ÜNİ_HPV_2025_1319610	Approved	Approved
O1019204	ŞEREFLİKOÇHİSAR DH_CC_IM_UR_2023_190869	Won	Approved
O1019508	İSTANBUL ÜNİVERSİTESİ CERRAHPAŞA TF_IHC_2023_328568	Completed	Approved
O1019508	İSTANBUL ÜNİVERSİTESİ CERRAHPAŞA TF_IHC_2023_328568	Completed	Disapproved
O1021014	SİVRİHİSAR DH_1 AYLIK DT_02012024	Approved	Reset
O1021852	ISPARTA ISM HALK SAĞLIĞI_CC_IM_ID_2024_636832	Approved	Approved
O1020412	DT HPV Alımı - 2023-11-20 - 1200000 - TRY - TURGUT ÖZAL TIP MERKEZİ UYG. V (0061003658) - Turkey	Won	Approved
O1025768	K.MARAŞ İSM_BGAS_2025_2100558	Approved	Approved
O1021486	BALIKESİR ÜNİVERSİTESİ_RTD_IHC_1 AYLIK_DT_15032024	Completed	Approved
O1019884	ÇANAKKALE İSM_UR_2023_590924	Approved	Approved
O1017874	ANKARA İSM_IM_2022_801234	Approved	Approved
O1023299	Clone of HATAY İSM_SWA_2024_1489821	Completed	Cancelled
O1023299	Clone of HATAY İSM_SWA_2024_1489821	Completed	Approved
O1023299	Clone of HATAY İSM_SWA_2024_1489821	Completed	Disapproved
O1026511	ERK DIA PD-L1 - 2026-04-29 - 500000 TRY - ERK DIAGNOSTIK OZEL SAGLIK HIZ (0061006093) Turkey	Won	Approved
O1017361	Clone of İSTANBUL ÜNİVERSİTESİ ÇAPA_RTD_IHC_2022_489827	Won	Approved
O1027752	2026_1571370_GAZİ ÜNİV_SWA_KISIM 1	Approved	Approved
O1025976	2026_101868_ GOP_SWA 2.PAZARLIK	Won	Approved
O1022350	ERCİYES ÜNİVERSİTESİ_RTD_IHC_2024_890466	Completed	Approved
O1024673	MERSİN ÜNİ 81652 DT 550 - 2025-08-28 - 5000000 TRY - MERSİN ÜNİVERSİTESİ REKTÖRLÜĞÜ (0061004230) Turkey	Approved	Approved
O1022749	GARANTİ BANKASI_CC_22102024	Completed	Approved
O1026021	Mersin üni DT 85519 - 2026-02-26 - 20000 EUR - DETAY LAB. CİH. SAN. VE TİC. A (0061000026) Turkey	Approved	Approved
O1022901	ERZURUM ATATÜRK ÜNV_SPESİFİK IM_ 2024_1394050	Approved	Cancelled
O1022901	ERZURUM ATATÜRK ÜNV_SPESİFİK IM_ 2024_1394050	Approved	Disapproved
O1022901	ERZURUM ATATÜRK ÜNV_SPESİFİK IM_ 2024_1394050	Approved	Approved
O1023556	ATATÜRK ÜNV_SPESİFİK IM_2024_1897211	Won	Approved
O1017533	ÖZEL ERCİYES SWA - 2022-10-31 - 1400000 - TRY - KAYSERİ ERCİYES SAĞLIK HİZMETL (0061005212) - Turkey	Won	Approved
O1025694	AFYON İSM_16.KISIM_ID_2025_2032490	Approved	Approved
O1026165	Mersin Üni ID DT 1 - 2026-03-03 - 90000 EUR - DETAY LAB. CİH. SAN. VE TİC. A (0061000026) Turkey	Won	Approved
O1027921	2026_1589318_ETİMESGUT DH_IHC	Approved	Approved
O1021843	ÇERKES DH_IM_2024_807308	In Progress	Cancelled
O1021843	ÇERKES DH_IM_2024_807308	In Progress	Disapproved
O1025337	AFYON ÜNİV_KISIM 1_MAKRO ELİSA_2025_1753456	Won	Approved
O1016910	K.MARAŞ_İSM_ID_2022_306193 - 2022-07-01 - 4000000 - TRY - KAHRAMANMARAŞ NECİP FAZIL ŞEHİ (0061001590) - Turkey	Completed	Approved
O1016910	K.MARAŞ_İSM_ID_2022_306193 - 2022-07-01 - 4000000 - TRY - KAHRAMANMARAŞ NECİP FAZIL ŞEHİ (0061001590) - Turkey	Completed	Cancelled
O1020910	DENİZLİ CERRAHİ HASTANESİ_CC_IM_21122023	Approved	Approved
O1021936	BALIKESİR İSM_RTD_IHC_2024_624496	Approved	Approved
O1026889	2026_825999_ID_EDREMİT DH	Won	Approved
O1022479	DİYARBAKIR İSM_CC_IM_2024_1091271	Completed	Approved
O1020403	Detay&Fark Sağlık SİVAS İSM_IHC_2023_878533	Approved	Approved
O1019753	KONYA NUMUNE HASTANESİ_IM_2023_410281	Completed	Reset
O1019753	KONYA NUMUNE HASTANESİ_IM_2023_410281	Completed	Approved
O1024942	Niğde İsm_2025_1393164_ HbA1c	Approved	Approved
O1023263	YÜREĞİR DH 750 TEST İHK - 2025-01-24 - 6300000 TRY - ADANA YÜREĞİR DEVLET HASTANESİ (0061005249) Turkey	Approved	Disapproved
O1023263	YÜREĞİR DH 750 TEST İHK - 2025-01-24 - 6300000 TRY - ADANA YÜREĞİR DEVLET HASTANESİ (0061005249) Turkey	Approved	Approved
O1021969	BANDIRMA EAH_CC PAZARLIK_2024_779470	Won	Approved
O1016888	ANTALYA İL SAĞLIK MÜDÜRLÜĞÜ_IHC_IN SITU_15.KISIM_2022_246214	Approved	Approved
O1025125	Centro_2026 - 2026-02-19 - 1300000 EUR - BİRUNİ TIBBİ ÜRÜNLER YÖN.ORG.  (0061005096) Turkey	Won	Approved
O1025675	Clone of Clone of CENTRO_PREANALİTİK_BAKIM_27082025	Approved	Approved
O1026176	2026_169060_TEKİRDAĞ HS_SWA	Approved	Approved
O1021444	SURP PIRGIÇ ERMENİ HASTANESİ_CC_IM_25032024	Approved	Reset
O1021444	SURP PIRGIÇ ERMENİ HASTANESİ_CC_IM_25032024	Approved	Approved
O1027843	AÜ Doğrudan Alım5 -2026.08.31 TRY - ANKARA ÜNİVERSİTESİ SAĞL UYG A (0061000126) Turkey	Won	Approved
O1021230	Clone of Clone of DENİZLİ CERRAHİ HASTANESİ_CC_IM_21122023	Completed	Approved
O1017235	Clone of VİTALE HASTANESİ_PREEKLAMPSİ_08042022	Approved	Approved
O1024803	ELIPS GIDA KONT - 2025-09-30 - 120000 EUR - ELİPS SAĞLIK ÜRÜNLERİ İTH.VE İ (0061000064) Turkey	Approved	Approved
O1024949	İZMİR İSM_CC_5.KISIM_2025_1235598	Approved	Approved
O1024949	İZMİR İSM_CC_5.KISIM_2025_1235598	Approved	Cancelled
O1024949	İZMİR İSM_CC_5.KISIM_2025_1235598	Approved	Cancelled
O1024949	İZMİR İSM_CC_5.KISIM_2025_1235598	Approved	Cancelled
O1024838	GAZİ ÜNİVERSİTESİ_RTD_DT-2_20082025	Cancelled	Cancelled
O1024838	GAZİ ÜNİVERSİTESİ_RTD_DT-2_20082025	Cancelled	Cancelled
O1024838	GAZİ ÜNİVERSİTESİ_RTD_DT-2_20082025	Cancelled	Approved
O1023253	TOBB ETÜ_SWA_Revize	Approved	Approved
O1017797	GEN ERA_RTD_SEQ SARF_15092022	Completed	Approved
O1018878	Mozaik  Hast UR - 2023-03-08 - 80000 - TRY - DETAY LAB. CİH. SAN. VE TİC. A (0061000026) - Turkey	Won	Approved
O1019064	SİSTEM TIP LABORATUVARI_CC_IM_27022023	Approved	Approved
O1025758	KAHRAMANMARAŞ İSM_CC_IM_2025_2100558	Approved	Approved
O1026647	MEDIHOUSE TM_CC_IM	Won	Approved
O1021579	KAYA MEDİKAL KEMER YAŞAM HASTANESİ_CC_03042024	Approved	Approved
O1023716	MARDİN DH DT 1000 DAB - 2025-03-12 - 5000000 TRY - MARDİN DEVLET HASTANESİ (0061005325) Turkey	Won	Approved
O1017787	ANTALYA ATATÜRK DH_RTD_IHC_2022_943342	Won	Approved
O1024927	ÇORUM EAH_ID_2025_1202817	Won	Disapproved
O1024927	ÇORUM EAH_ID_2025_1202817	Won	Approved
O1023613	Clone of BİOLAB_SWA_10022025	Won	Approved
O1023613	Clone of BİOLAB_SWA_10022025	Won	Disapproved
O1019568	ANKARA ÜNİVERSİTESİ_RTD_IHC_2023_333188	Completed	Approved
O1026205	2026_193030 MARDİN İSM_İLÇELER_CC_IM	Approved	Approved
O1023881	Gazi Ünv:BAP_Hatice Hanım - 2025-06-30 - 232000 TRY - GAZİ ÜNİVERSİTESİ REKTÖRLÜĞÜ B (0061000184) Turkey	Won	Approved
O1017276	İSTANBUL ÜNİVERSİTESİ ÇAPA_RTD_ANTIKOR_panTRK_2022_489827	Won	Approved
O1019691	HACETTEPE ÜNV_PCT_2023_394097	Approved	Approved
O1027196	BURTOM LAB._CC_IM_24 AY	Approved	Approved
O1026535	Epifarma her2 - 2026-06-01 - 3600000 TRY - EPİFARMA LABORATUVAR ÜRÜNLERİ  (0061004345) Turkey	Won	Approved
O1026059	Data Lab._IM - 2026-02-27 - 35600 EUR - ALGEN TIBBİ ÜRÜNLER VE SAĞLIK  (0061000032) Turkey	Won	Approved
O1017233	ÇORUM İSM_İLÇE_KİRA_CC	Approved	Approved
O1018640	Ilgaz Troponin - 2023-01-31 - 15000 - TRY - T.C. SAĞLIK BAKANLIĞI ILGAZ DE (0061000319) - Turkey	Won	Approved
O1022949	KİLİS İSM_ID_2024_1428405	Approved	Approved
O1024237	ANKARA ÜNV_PAZARLIK_SPESİFİK IM_2025_620243	Won	Disapproved
O1024237	ANKARA ÜNV_PAZARLIK_SPESİFİK IM_2025_620243	Won	Cancelled
O1024237	ANKARA ÜNV_PAZARLIK_SPESİFİK IM_2025_620243	Won	Approved
O1019766	VİROMED Cihaz Kira - 2023-12-31 - 1000000 - TRY - ÖZKAYA LABORATUVAR SİST. SAĞ.  (0061000368) - Turkey	Approved	Approved
O1025193	AMERİKAN HASTANESİ_INFINTY_07102025	Approved	Approved
O1025193	AMERİKAN HASTANESİ_INFINTY_07102025	Approved	Cancelled
O1022607	TOBB ETÜ Accuchek İnform - 2026-01-01 - 1000 EUR - TOBB ETÜ SAĞLIK EĞİTİMİ UYGULA (0061000153) Turkey	Approved	Approved
O1023470	KIRŞEHİR İSM_COAG_2025_13884	Approved	Disapproved
O1023470	KIRŞEHİR İSM_COAG_2025_13884	Approved	Disapproved
O1023470	KIRŞEHİR İSM_COAG_2025_13884	Approved	Approved
O1019734	YDA - Konya PPP Glukometre - 2023-06-30 - 368766 - EUR - NUKLEUS SAĞLIK ÜRÜNLERİ TANI H (0061000175) - Turkey	Completed	Approved
O1021901	MUT DH_CC_2024_747522	Won	Approved
O1022775	IHC_SEYHAN DT - 2024-10-25 - 5000000 TRY - ADANA SEYHAN DEVLET HASTANESİ (0061000526) Turkey	Won	Approved
O1025518	Clone of HATAY MKÜ_İHK_2025_1425989	Won	Approved
O1025447	DR.ABDURRAHMAN YURTASLAN ONKOLOJİ HST_COAG_2025_1793781	Approved	Approved
O1017619	KTÜ ID_MS_2022_1150493	Completed	Disapproved
O1017619	KTÜ ID_MS_2022_1150493	Completed	Approved
O1017619	KTÜ ID_MS_2022_1150493	Completed	Cancelled
O1017619	KTÜ ID_MS_2022_1150493	Completed	Reset
O1022677	CENTRO LABORATUVARLARI_SWA_21102024	Approved	Approved
O1018087	BURSA İSM_SWA_PRE-POST ANALİTİK_2022_924792	Approved	Disapproved
O1018087	BURSA İSM_SWA_PRE-POST ANALİTİK_2022_924792	Approved	Cancelled
O1018087	BURSA İSM_SWA_PRE-POST ANALİTİK_2022_924792	Approved	Approved
O1026950	Ankara Onkoloji_Her2_DT_15052026	Won	Cancelled
O1026950	Ankara Onkoloji_Her2_DT_15052026	Won	Approved
O1025620	DİACORE BAŞAKŞEHİR PPP - 2025-11-30 - 9000000 EUR - DİACORE DİAGNOSTİK SİSTEMLER A (0061006157) Turkey	Won	Approved
O1024084	Clone of Clone of DOKUZ EYLÜL ÜNİVERSİTESİ_RTD_ISH_10.12. VE 13.KALEMLER_2024_1902102	Won	Approved
O1020828	Adana Sistem SWA - 2023-12-27 - 250000 - EUR - DETAY LAB. CİH. SAN. VE TİC. A (0061000026) - Turkey	Completed	Approved
O1021366	AKDENİZ ÜNİVERSİTESİ_TURBIDIMETRİ_2024_71247	Completed	Approved
O1024012	KOCAELİ ÜNİVERSİTESİ_RTD_DT_11042025	Approved	Approved
O1026251	FLORENCE NIGHTINGALE - 2025-12-31 - 1100000 EUR - ÖZGÜN KİMYEVİ MADDE TIBBİ MALZ (0061000040) Turkey_REV2_DC	Approved	Approved
O1019708	İSLAB 1_ASAF ATASEVEN_CORE KİRA_18052023	Won	Approved
O1017225	KEPEZ DH_ID_PAZARLIK_2022_585879	Won	Approved
O1018085	İFA Benchmark XT - 2022-11-28 - 216000 - TRY - DİYARBAKIR GAZİ YAŞARGİL EĞİTİ (0061004308) - Turkey	Won	Reset
O1018085	İFA Benchmark XT - 2022-11-28 - 216000 - TRY - DİYARBAKIR GAZİ YAŞARGİL EĞİTİ (0061004308) - Turkey	Won	Cancelled
O1018085	İFA Benchmark XT - 2022-11-28 - 216000 - TRY - DİYARBAKIR GAZİ YAŞARGİL EĞİTİ (0061004308) - Turkey	Won	Approved
O1018362	AYDIN İSM_ID_2022_799708	Approved	Approved
O1027096	BURTOM LAB._CC_IM_12 AY	Won	Approved
O1026289	Letgen Probes Master - 2026-03-30 - 9720000 EUR - LETGEN BİYOTEKNOLOJİ LABORATUV (0061005075) Turkey	Won	Approved
O1022371	ARDAHAN İSM CC DT1 - 2024-09-30 - 199216 TRY - ARDAHAN DEVLET HASTANESİ (0061000398) Turkey	Cancelled	Approved
O1021427	İHK & ISH Anlaşması - 2024-04-29 - 30000 - EUR - İRFAN BAYRAM ÖZEL İRFAN BAYRAM (0061005821) - Turkey	Completed	Approved
O1024624	ANTALYA DÖŞEMEALTI DH_COAG_2025_958090	Approved	Approved
O1025122	ÇORUM İSM_İLÇELER_COAG_2025_1420884	Approved	Approved
O1025140	AYDIN ŞH_BGAS_2025_1426978	Approved	Approved
O1026207	REFERANS LABORATUVARI_SWA_02032026	Approved	Approved
O1021643	EDİRNE İSM_8.KISIM_ID_2024_453299	Approved	Approved
O1020502	SAMSUN İSM_İLÇELER_CARD_2021040737	Approved	Approved
O1020769	BAYBURT İSM_IM_ID_2023_1156655	Approved	Cancelled
O1020769	BAYBURT İSM_IM_ID_2023_1156655	Approved	Cancelled
O1020769	BAYBURT İSM_IM_ID_2023_1156655	Approved	Approved
O1020429	TEST ONAY PPP	Cancelled	Disapproved
O1026376	2026_376994  GAZİANTEP ÜNV_UR	Approved	Approved
O1018900	BÜLENT ECEVİT ÜNİVERSİTESİ_RTD_177 NOLU ALIM_DT_31012023	Won	Approved
O1026524	Clone of_GOP SWA 4.PAZARLIK	Approved	Approved
O1017564	AVC LAB_RTD_LCS_DT_12082022	Won	Approved
O1023089	ANTALYA ATATÜRK DH_CARDIAC_2024_1515192	Completed	Approved
O1023762	KOCAELİ ÜNİVERSİTESİ_RTD_DT_IHC_27022025	Completed	Approved
O1026147	2026_297664 AFYON DH_PAZARLIK_IHC	Approved	Approved
O1027388	2026_1194361_ANKARA ÜNV_IHC_HC	Approved	Reset
O1027388	2026_1194361_ANKARA ÜNV_IHC_HC	Approved	Approved
O1024912	İZMİR İSM._IM_6.KISIM_2025_1235598	Approved	Approved
O1024912	İZMİR İSM._IM_6.KISIM_2025_1235598	Approved	Cancelled
O1024912	İZMİR İSM._IM_6.KISIM_2025_1235598	Approved	Disapproved
O1024912	İZMİR İSM._IM_6.KISIM_2025_1235598	Approved	Cancelled
O1019242	DARICA FARABİ EAH_RTD_IHC_2023_168080	Approved	Approved
O1026300	EGE ÜNİ BAP 32990 muc5ac - 2026-03-23 - 144000 TRY - EGE ÜNİVERSİTESİ BAP GELİŞTİRM (0061004099) Turkey	Won	Approved
O1024456	MERSİN ÜNİ 2650 DAB DT - 2025-07-03 - 9500000 TRY - MERSİN ÜNİVERSİTESİ REKTÖRLÜĞÜ (0061004230) Turkey	Won	Approved
O1022419	Clone of AKDENİZ ÜNİVERSİTESİ_RMD_2024_565500	Completed	Approved
O1027029	Clone of Ankara Onkoloji_Her2_DT_15052026	Won	Approved
O1019058	Dual ISH DT - 2023-02-24 - 1080000 - TRY - KARADENİZ TEKNİK ÜNV. SAĞ. UYG (0061000375) - Turkey	Won	Approved
O1017521	BOZOK UNIVERSITESI_ID_2022_835985	Won	Approved
O1023245	DÜZEN LABORATUVARLARI_UR_24122024	Won	Approved
O1025037	GAZİ ÜNİVERSİTESİ_Anti-HBS DT_18092025	Won	Approved
O1017393	Clone of ISPARTA İSM HALK SAĞLIĞI_CC_IM_ID_2022_686782	Approved	Approved
O1022405	ANTALYA İSM_RTD_1.KISIM_HC_2024_966813	Approved	Approved
O1026472	Akbank - 2026-03-19 - 95000 EUR - ALGEN TIBBİ ÜRÜNLER VE SAĞLIK  (0061000032) Turkey	Won	Approved
O1026939	Gazi Üniv_DT_1184_14052026	Won	Disapproved
O1026939	Gazi Üniv_DT_1184_14052026	Won	Cancelled
O1026939	Gazi Üniv_DT_1184_14052026	Won	Approved
O1023731	GAZİ ÜNİVERSİTESİ_RTD_DT 80643_24022025	Completed	Approved
O1025092	MANİSA HS_SWA_2025_1350758	Approved	Approved
O1025092	MANİSA HS_SWA_2025_1350758	Approved	Cancelled
O1025092	MANİSA HS_SWA_2025_1350758	Approved	Cancelled
O1021576	KAYA MEDİKAL KORKUTELİ YAŞAM HASTANESİ_CC_IM_0204	Completed	Approved
O1021576	KAYA MEDİKAL KORKUTELİ YAŞAM HASTANESİ_CC_IM_0204	Completed	Cancelled
O1018839	Q_PCR METABİO - 2023-02-28 - 400000 - TRY - ROCHE DİAGNOSTİCS TURKEY A.Ş A (0061000055) - Turkey	Completed	Approved
O1018839	Q_PCR METABİO - 2023-02-28 - 400000 - TRY - ROCHE DİAGNOSTİCS TURKEY A.Ş A (0061000055) - Turkey	Completed	Reset
O1019562	TRAKYA ÜNİVERSİTESİ_COAG_2023_355752	Approved	Cancelled
O1019562	TRAKYA ÜNİVERSİTESİ_COAG_2023_355752	Approved	Approved
O1019562	TRAKYA ÜNİVERSİTESİ_COAG_2023_355752	Approved	Cancelled
O1024598	KANUNİ EAH_RTD_2025_964768	Approved	Approved
O1024598	KANUNİ EAH_RTD_2025_964768	Approved	Disapproved
O1027076	ÖZEL ADANA ÖMÜR HASTANESİ_CC_IM_12062026	Won	Approved
O1025440	Clone of MANAVGAT DH_IHC_2025_1930966	Approved	Cancelled
O1025440	Clone of MANAVGAT DH_IHC_2025_1930966	Approved	Approved
O1025662	BALIKESİR İSM_ID_2025_1869627 Instrument Sale Model	Approved	Approved
O1027552	LABMED_E411 SATIŞ	Approved	Approved
O1023542	DERİNCE EAH_RTD_DT_30012025	Completed	Approved
O1018802	PENDİK GEBZE YÜZYIL HASTANELERİ_COAG_17012023	Won	Approved
O1021064	İZMİR TEPECİK EAH_RTD_IHC_2023_1525088	Completed	Approved
O1020520	BEYHEKİM EAH_COAG_2023_969417	Approved	Approved
O1021028	ADANA İSM_GLU_2023_1441147	Won	Approved
O1024991	Clone of Niğde İsm_2025_1393164_ HbA1c 2025/1469042	Approved	Approved
O1025853	MERSİN ÜNV_ID_2025/2181518	Won	Approved
O1017271	İSTANBUL ÜNİVERSİTESİ ÇAPA_RTD_ANTİKOR BRAF_2022_489827	Won	Approved
O1023653	İSTANBUL ÜNİVERSİTESİ_RTD_LAMDA_2025_183139	Approved	Approved
O1019320	PROD_Deneme_Team	In Progress	Initial
O1020950	KARADENİZ EREĞLİ_DH_GLUKOMETRE_DT_19122023	Won	Approved
O1020950	KARADENİZ EREĞLİ_DH_GLUKOMETRE_DT_19122023	Won	Cancelled
O1027220	Clone of Clone of 2026_719099 BALIKESİR İSM_ID	Approved	Approved
O1017376	İSTANBUL ÜNİVERSİTESİ_ÇAPA_ISD_2022_817964	Approved	Cancelled
O1017376	İSTANBUL ÜNİVERSİTESİ_ÇAPA_ISD_2022_817964	Approved	Approved
O1022023	ŞEBİN KARAHİSAR DH_CC_IM_2024_769977	Won	Approved
O1027305	2026_1037117_1.KISIM_SWA_AKSARAY İSM_Reagents+CCC	Approved	Approved
O1024163	DERİNCE EAH_RTD_IHC_DT_06052025	Won	Approved
O1026433	ACIBADEM_RTD_16032026	Approved	Approved
O1020452	SELÇUK ÜNV_CC_2022_230718_DT	Won	Approved
O1027760	GALEN LAB_ELİK KLİNİK_DORA HOSPITAL_CC_IM_03092026	Approved	Approved
O1025217	İZMİR ATATÜRK EAH_ID_2025_1684889	Approved	Approved
O1022015	Clone of Mersin Üni Her2 DT Alım - 2024-07-15 - 2550000 TRY - MERSİN ÜNİVERSİTESİ REKTÖRLÜĞÜ (0061004230) Turkey	Approved	Approved
O1017191	GAZİ ÜNİVERSİTESİ_BAP_RTD_DT_07062022	Won	Approved
O1023726	EPİFARMA_2025 BAP_21022025	Won	Approved
O1017209	KKTC ASKERİ HASTANESİ_CC_YAKLAŞIK MALİYET_14062022	Approved	Approved
O1022383	ANTALYA İSM_ANTALYA ŞEHİR HASTANESİ_6.KISIM_CC_IM_2024_945797	Approved	Approved
O1023560	VAN YÜZÜNCÜYIL ÜNV_ID_2025_64516	Approved	Approved
O1021026	ADANA İSM_UR_2023_1441147	Won	Approved
O1021026	ADANA İSM_UR_2023_1441147	Won	Reset
O1027547	VAN EAH MOLEKÜLER DT ALIM - 2026-09-10 - 100000 TRY - VAN BÖLGE EĞİTİM VE ARAŞTIRMA  (0061004046) Turkey	Won	Approved
O1025754	GAZİANTEP HSM_CC_IM_ID_UR_PAZARLIK_2025_2398729	Won	Approved
O1023822	HİPOKRAT LABORATUVARI_CC_IM_14032025	Won	Disapproved
O1023822	HİPOKRAT LABORATUVARI_CC_IM_14032025	Won	Approved
O1027975	ÇAPA_DT_PMS2_28092026	Approved	Approved
O1018752	Özel 7M Hastanesi - 2023-02-28 - 1100000 - TRY - AKÇAABAT ÖZEL 7M HASTANESİ (0061005280) - Turkey	Completed	Approved
O1018099	YEDİTEPE ÜNİVERSİTESİ_CC_IM_21102022	Completed	Approved
O1017706	DETAGEN_RTD_10000 TEST_01092022	Won	Approved
O1019856	KOCAELİ ÜNİVERSİTESİ_RTD_FITC DT_12062023	Won	Approved
O1024528	AMASYA İSM_CC_2025_868484	Approved	Approved
O1024528	AMASYA İSM_CC_2025_868484	Approved	Disapproved
O1016926	ANKARA ÜNİVERSİTESİ_RTD_IHK_DT_26042022	Won	Approved
O1017499	Clone of İSTANBUL ÜNİVERSİTESİ CERRAHPAŞA_EBER_DT_26072022	Approved	Approved
O1019813	DÜZCE ÜNİVERSİTESİ_RTD_DT_1000 TEST_07062023	Won	Approved
O1017916	DİCLE ÜNV_NGS KAPA_2022_897884	Approved	Approved
O1025647	Clone of ÖZEL YAŞAR HASTANESİ_CC_IM_ID_24112025	Approved	Approved
O1025894	KORU SWA -3 Yıllık_ 2026-01-31 - 600000 EUR - ERER EĞİTİM VE SAĞLIK KURUMLAR (0061000508) Turkey	Won	Approved
O1017187	SAMSUN İSM_ID_2022_436435	Approved	Approved
O1022249	YÜREĞİR DH_2024_916285_IHC	Approved	Approved
O1019419	GAZİ ÜNİVERSİTESİ_RTD CONGO RED_230409	Approved	Approved
O1018588	BAHAT HASTANESİ_CC_22122022	Approved	Cancelled
O1018588	BAHAT HASTANESİ_CC_22122022	Approved	Approved
O1023015	İMPERİAL SWA-2	Approved	Approved
O1024263	KONYA NUMUNE HASTANESİ_ID_2025_694492	Approved	Approved
O1026020	Mersin Üni 84515 - 2026-02-26 - 60000 EUR - DETAY LAB. CİH. SAN. VE TİC. A (0061000026) Turkey	Won	Approved
O1016602	Clone of TEST/SİVAS İSM SWA - 2022-05-02 - 32000000 - TRY - SİVAS İL SAĞ.MÜD. SİVAS NUMUNE (0061003725) - Turkey	In Progress	Cancelled
O1022968	ARTVİN İSM_SWA_2024_1512972	Completed	Disapproved
O1022968	ARTVİN İSM_SWA_2024_1512972	Completed	Approved
O1022968	ARTVİN İSM_SWA_2024_1512972	Completed	Cancelled
O1022968	ARTVİN İSM_SWA_2024_1512972	Completed	Cancelled
O1026849	2026_662121_COAG_İSLAB-2	In Progress	Cancelled
O1025964	ACIBADEM HASTANELERİ_2026_SWA PURE_14112025	Approved	Approved
O1025964	ACIBADEM HASTANELERİ_2026_SWA PURE_14112025	Approved	Cancelled
O1023820	BOZOK ÜNV_COAG_2025_294751	Approved	Approved
O1017661	AÜ ÖZEL KLON DT - 2022-09-30 - 180000 - TRY - ANKARA ÜNİVERSİTESİ İBNİ SİNA  (0061000126) - Turkey	Won	Approved
O1020051	BOZOK ÜNV_SWA_2023_839327	Completed	Approved
O1027517	2026_8 DIACORE ADBASKENT - 2026-09-30 - 50000 EUR - DİACORE DİAGNOSTİK SİSTEMLER A (0061006157) Turkey	Approved	Approved
O1020909	Gazi Ünv_S.Hormon_2 - 2024-01-01 - 3000000 - TRY - GAZİ ÜNİVERSİTESİ TIP FAKÜLTES (0061000084) - Turkey	Completed	Approved
O1024846	A.KEMAL BELVİRANLI_BG_2025_1248502	In Progress	Disapproved
O1017569	İHK & ISH DT Alımı	Won	Approved
O1019008	BOZYAKA EAH_CC IM_2023_100210	Approved	Approved
O1020066	MARDİN İSM_PAZARLIK_2023_751131	Won	Approved
O1027474	ÖZEL ADANA SİSTEM TIP_SWA_27072026	Won	Approved
O1022658	VİROMED Merkez LAB - 2026-01-10 - 500000 EUR - ÖZKAYA LABORATUVAR SİST. SAĞ.  (0061000368) Turkey	Approved	Approved
O1017096	DETAGEN_RTD SEQ_ALTERNATİF 2_25052022	Won	Approved
O1027163	TRABZON KANUNİ EAH_RMD_VİROLOJİ_ENTIP	Approved	Approved
O1026523	Clone of  GOP SWA DT_5 2026_03_31	Won	Approved
O1025744	BEHÇET UZ EAH_SWA_PAZARLIK_2025_2271984	Won	Approved
O1027551	AYDIN ŞEHİR HST_PRO KİRA - 2026-10-31 - 90000 EUR - NUKLEUS SAĞLIK HİZMETLERİ A.Ş. (0061000175) Turkey	Approved	Approved
O1022647	QPCR - ÖZGÜL MEDİKAL - 2024-12-31 - 12800 EUR - ÖZGÜL EĞİTİM SAĞLIK HİZ. MED.  (0061000500) Turkey	Won	Reset
O1022647	QPCR - ÖZGÜL MEDİKAL - 2024-12-31 - 12800 EUR - ÖZGÜL EĞİTİM SAĞLIK HİZ. MED.  (0061000500) Turkey	Won	Reset
O1022647	QPCR - ÖZGÜL MEDİKAL - 2024-12-31 - 12800 EUR - ÖZGÜL EĞİTİM SAĞLIK HİZ. MED.  (0061000500) Turkey	Won	Approved
O1018549	ÖZEL ATASAM HAST. - 2022-12-31 - 2500000 - TRY - ÖZEL ATASAM HAST (0061002542) - Turkey	Completed	Approved
O1018549	ÖZEL ATASAM HAST. - 2022-12-31 - 2500000 - TRY - ÖZEL ATASAM HAST (0061002542) - Turkey	Completed	Reset
O1026653	TRABZON KANUNİ EAH_RTD_2026_608455	Won	Approved
O1026653	TRABZON KANUNİ EAH_RTD_2026_608455	Won	Disapproved
O1020847	İMPERİAL SWA-1	Approved	Approved
O1020847	İMPERİAL SWA-1	Approved	Cancelled
O1023318	GAZİ ÜNİVERSİTESİ_RTD_DT_78759_07012025	Completed	Approved
O1027208	DİACORE BAŞAKŞEHİR PPP  IHK Cihaz Kira	Approved	Approved
O1021202	İZMİR EŞREFPAŞA BELEDİYESİ_CC_IM_2024_8310	Approved	Cancelled
O1021202	İZMİR EŞREFPAŞA BELEDİYESİ_CC_IM_2024_8310	Approved	Approved
O1020772	ATATÜRK EAH_RTD_HC_2023_1247774	Approved	Approved
O1026738	2026_662121_3.KISIM_SWA_MD_İSLAB_3	In Progress	Cancelled
O1026738	2026_662121_3.KISIM_SWA_MD_İSLAB_3	In Progress	Cancelled
O1026738	2026_662121_3.KISIM_SWA_MD_İSLAB_3	In Progress	Cancelled
O1023433	Adana Sistem Swa - 2025-02-26 - 50000 EUR - DETAY LAB. CİH. SAN. VE TİC. A (0061000026) Turkey	Approved	Cancelled
O1023433	Adana Sistem Swa - 2025-02-26 - 50000 EUR - DETAY LAB. CİH. SAN. VE TİC. A (0061000026) Turkey	Approved	Approved
O1022043	Guncel of Bursa PPP 3 Aylık İHK-HPV - 2024-06-30 - 70000 EUR - ADA ANALİZ VE DANIŞMANLIK TİC. (0061005094) Turkey	In Progress	Cancelled
O1017517	Clone of LABMED_KKTC HASTANELERİ_IM_08062022	Completed	Approved
O1018176	QPCR Teklifimiz - 2022-11-01 - 200000 - TRY - Life Biotek Medikal (ACC-0004104148) - Turkey	Won	Approved
O1020040	EGE ÜNİVERSİTESİ_NAT_YM_19072023	Won	Approved
O1017772	CUMHURİYET ÜNV_2022_866349	Completed	Approved
O1017772	CUMHURİYET ÜNV_2022_866349	Completed	Disapproved
O1017772	CUMHURİYET ÜNV_2022_866349	Completed	Cancelled
O1025207	BEYHEKİM EAH_ID_2025_1624930	Approved	Approved
O1025207	BEYHEKİM EAH_ID_2025_1624930	Approved	Disapproved
O1019662	ABAT HASTANESİ_CC_IM_16052023	Approved	Approved
O1018528	GÖLCÜK DH_IHC_2022_1342014	Completed	Approved
O1027020	2025_2010085_SAMSUN İSM_ p701 Kira	Approved	Approved
O1023058	Clone of Clone of KONYA SELÇUK ÜNİVERSİTESİ_RTD_SEQ_2024_1405386	Won	Approved
O1025129	İzmir PPP Navify - 2025-10-31 - 2250750 TRY - NUKLEUS SAĞLIK HİZMETLERİ A.Ş. (0061000175) Turkey	In Progress	Disapproved
O1020353	KKTC_ANALİZ LABORATUVARI_IM_ID_20092023	Won	Approved
O1020336	SİVAS İSM_IHC_2023_878533	Completed	Approved
O1026958	2026_894846_IĞDIR DH_CC_PAZARLIK	Won	Approved
O1017925	KKTC UZMAN LABORATUVARI_IM_ID_05102022	Completed	Approved
O1021627	DR. ABUDRRAHMAN YURTASLAN_RTD_Alk_DT_04042024	Won	Disapproved
O1021627	DR. ABUDRRAHMAN YURTASLAN_RTD_Alk_DT_04042024	Won	Approved
O1026482	2026_504031 ATATÜRK ŞH_ID_PAZARLIK	Approved	Approved
O1023241	CENTRO LABORATUVARLARI_SWA_ALTERNATİF 2_MEVCUT CİHAZLAR_18122024	Approved	Approved
O1023685	ALANYA EAH_RTD_IHC_PAZARLIK_2025_249462	Won	Approved
O1020684	GOP ÜNİVERSİTESİ_SWA_3.PAZARLIK_1 AYLIK_2023_1270214	Won	Reset
O1020684	GOP ÜNİVERSİTESİ_SWA_3.PAZARLIK_1 AYLIK_2023_1270214	Won	Approved
O1022574	Özel 19 Mayıs Hast. SWA - 2024-10-31 - 200000 EUR - DEVA KİMYA SANAYİ VE TİCARET L (0061000074) Turkey	Won	Approved
O1019304	MAMAK DH_CC_2023_230837	Approved	Approved
O1017400	YAŞAM HASTANESİ_GLUCOMETRE_07072022	Approved	Approved
O1026698	2026_378249_TORCH_ULUDAĞ ÜNV	Approved	Approved
O1022205	AKSARAY ÜNİVERSİTESİ EAH_RTD_IHC_2024_875469	Approved	Approved
O1026548	YENİ HAYAT TM_C111_01042026	Approved	Approved
O1020960	ESKİŞEHİR ANADOLU HASTANESİ_CC_IM_25122023	Approved	Approved
O1020960	ESKİŞEHİR ANADOLU HASTANESİ_CC_IM_25122023	Approved	Reset
O1019767	Clone of TRAKYA ÜNİVERSİTESİ_HBV_DT_29052023	Won	Approved
O1024121	ADANA İSM_İLÇELER_GLU_2025_492216 Labotest	Won	Approved
O1026106	2026_120668 BAYBURT İSM_CC_IM_ID	Approved	Approved
O1026106	2026_120668 BAYBURT İSM_CC_IM_ID	Approved	Disapproved
O1026106	2026_120668 BAYBURT İSM_CC_IM_ID	Approved	Reset
O1026106	2026_120668 BAYBURT İSM_CC_IM_ID	Approved	Cancelled
O1026106	2026_120668 BAYBURT İSM_CC_IM_ID	Approved	Disapproved
O1026106	2026_120668 BAYBURT İSM_CC_IM_ID	Approved	Cancelled
O1019278	ESKİŞEHİR OSMANGAZİ ÜNİVERSİTESİ_CC_IM_2023_189403	Completed	Approved
O1020302	KTÜ_SISH_2023_939246	Won	Approved
O1019414	MUĞLA İSM_CİHAZ KİRASI_09042023	Won	Approved
O1022876	YÜREĞİR DH_İHK_2024_1427363	Approved	Approved
O1023165	<KG>_<ADB, t711>_<2024>	Approved	Approved
O1020272	Clone of DT EGFR ALIMI - 2023-09-25 - 900000 - TRY - TURGUT ÖZAL TIP MERKEZİ UYG. V (0061003658) - Turkey	Won	Cancelled
O1020272	Clone of DT EGFR ALIMI - 2023-09-25 - 900000 - TRY - TURGUT ÖZAL TIP MERKEZİ UYG. V (0061003658) - Turkey	Won	Cancelled
O1020272	Clone of DT EGFR ALIMI - 2023-09-25 - 900000 - TRY - TURGUT ÖZAL TIP MERKEZİ UYG. V (0061003658) - Turkey	Won	Approved
O1019972	2000_TIP MERKEZİ_CC_18072023	Approved	Approved
O1020846	Clone of ACIBADEM_İSTANBUL_BURSA_ESKİŞEHİR_CC_IM_ID_26092023	Completed	Approved
O1016826	Toros Selime Coag - 2022-04-22 - 190000 - TRY - DETAY LAB. CİH. SAN. VE TİC. A (0061000026) - Turkey	Won	Approved
O1021025	ADANA İSM_COAG_2023_1441147	Completed	Approved
O1020404	QPCR TEKLİFİMİZ - 2023-10-18 - 200000 - TRY - DİYAR-MED SAĞLIK ÜRÜNLERİ SAN. (0061000054) - Turkey	Completed	Approved
O1023396	TOBB ETÜ_SWA_Son_Revize	Approved	Approved
O1018866	Gazi ÜnvALZHEIMER DT - 2023-08-01 - 200000 - TRY - GAZİ ÜNİVERSİTESİ TIP FAKÜLTES (0061000084) - Turkey	Won	Approved
O1018866	Gazi ÜnvALZHEIMER DT - 2023-08-01 - 200000 - TRY - GAZİ ÜNİVERSİTESİ TIP FAKÜLTES (0061000084) - Turkey	Won	Reset
O1017270	İSTANBUL ÜNİVERSİTESİ ÇAPA_RTD_ANTİKOR_2022_489827	Won	Approved
O1023983	KORU Hastanesi_Cihaz Kira - 2026-04-30 - 0 EUR - ERER EĞİTİM VE SAĞLIK KURUMLAR (0061000508) Turkey	Approved	Approved
O1023983	KORU Hastanesi_Cihaz Kira - 2026-04-30 - 0 EUR - ERER EĞİTİM VE SAĞLIK KURUMLAR (0061000508) Turkey	Approved	Cancelled
O1024141	QPCR Teklifimiz - 2025-05-16 - 36000 EUR - Life Biotek Medikal (ACC-0004104148) Turkey	Won	Approved
O1021054	<KZ>_<ASTANA_UDP>_<2024>	Approved	Approved
O1021054	<KZ>_<ASTANA_UDP>_<2024>	Approved	Cancelled
O1021054	<KZ>_<ASTANA_UDP>_<2024>	Approved	Cancelled
O1018793	TETRA LAB_CC_13012023	Approved	Approved
O1019619	MERSİN ÜNİVERSİTESİ_ID_2023_375969	Completed	Approved
O1024625	DÖŞEMEALTI DH_BGAS_2025_958090	Approved	Approved
O1023576	Clone of DOKUZ EYLÜL ÜNİVERSİTESİ_RTD_ISH_10.12. VE 13.KALEMLER_2024_1902102	Approved	Approved
O1020140	OMÜ_PCR_2023_683938	Approved	Approved
O1027774	2026_1418685_7.KISIM_CC_IM_ANTALYA İSM_ALANYA_KEPEZ DH_DC	In Progress	Disapproved
O1023468	SUAT SEREN HASTANESİ_RTD_DT_OCAK 25_21012025	Completed	Approved
O1027724	Selçukj DT 105269 - 2026-09-15 - 50000 EUR - DETAY LAB. CİH. SAN. VE TİC. A (0061000026) Turkey	Won	Approved
O1016981	BORNOVA VETERİNERLİK_SEQ_26042022	Won	Approved
O1026313	ÖZEL AMASYA KOLMED_09032026	Won	Approved
O1027233	Clone of İSLAB 3_MOL_4 aylık alım	Won	Approved
O1026092	DÜZEN MOLEKÜLER - 2026-02-10 - 5000000 - TRY - DÜZEN BİYOLOJİK BİLİMLER ARAŞT (0061000024) - Turkey	Won	Approved
O1026813	ANKARA ÜNİV_DT_RTD	Won	Disapproved
O1026813	ANKARA ÜNİV_DT_RTD	Won	Approved
O1026813	ANKARA ÜNİV_DT_RTD	Won	Cancelled
O1019206	ÖZEL ROYAL HASTANESİ_UR_U411_10032023	Won	Approved
O1026001	Ena Lab_IM_29012026	Approved	Approved
O1020324	ÇAPA_PDL1 - 2023-10-16 - 18000 - EUR - EPİFARMA KİMYASAL VE TIBBİ ÜRÜ (0061004345) - Turkey	Won	Approved
O1022959	KİLİS İSM_UR_2024_1428405	Approved	Disapproved
O1022959	KİLİS İSM_UR_2024_1428405	Approved	Approved
O1022304	Roche ilaç Ant Eğt PD-L1 - 2024-08-26 - 1296000 TRY - ROCHE MUSTAHZARLARI SAN.A.Ş (0061005670) Turkey	Won	Approved
O1022298	ÇANKAYA HST_CC_IM	Approved	Disapproved
O1022298	ÇANKAYA HST_CC_IM	Approved	Approved
O1026694	Clone of GAZİ ÜNİV_DT_10022026	Won	Approved
O1025252	HACETTEPE UNIV_ID + Fertilite_KISIM 49_2025_1497824	Approved	Approved
O1021454	Clone of ÇİĞLİ EAH_RMD_2024_164902	In Progress	Started
O1021454	Clone of ÇİĞLİ EAH_RMD_2024_164902	In Progress	Cancelled
O1020730	KÜTAHYA İSM_ID_TORCH_PAZARLIK_2023_1258825	Completed	Approved
O1019869	İSTANBUL ÜNİVERSİTESİ ÇAPA_RTD_IHK_2023_523733	Completed	Approved
O1017946	Cobas BRAF - 2022-10-31 - 100000 - TRY - Life Biotek Medikal (ACC-0004104148) - Turkey	Won	Reset
O1017946	Cobas BRAF - 2022-10-31 - 100000 - TRY - Life Biotek Medikal (ACC-0004104148) - Turkey	Won	Cancelled
O1017946	Cobas BRAF - 2022-10-31 - 100000 - TRY - Life Biotek Medikal (ACC-0004104148) - Turkey	Won	Approved
O1023476	E-LAB_SWA_28012025	Won	Approved
O1025631	SİVAS CUMHURİYET ÜNİVERSİTESİ_RTD_HC_2025_2037522	Won	Approved
O1026167	AHENK LAB._SWA_20022026	Approved	Approved
O1025614	KARS İSM_BG_2025_2131625	Approved	Approved
O1027385	MERSİN ÜNİ 86970 HER2 DT - 2026-08-27 - 1000000 TRY - MERSİN ÜNİVERSİTESİ REKTÖRLÜĞÜ (0061004230) Turkey	Won	Approved
O1020655	Clone of ACIBADEM HASTANESİ_RTD_29092023	Completed	Approved
O1017585	ANTALYA ATATÜRK DH_IM_2022_772334	Approved	Approved
O1026946	2026_696806_CERRAHPAŞA ÜNİV_IHC	Won	Approved
O1027561	Gaziantep PPP navify PLH - 2026-09-15 - 11200 EUR - BİOGENLAB Genel Laboratuvar Hi (0061006259) Turkey	Won	Approved
O1025070	YALOVA ISM_RTD_IHC_2025_1476705	Won	Approved
O1026760	EGE ÜNİ 2026-1811-2129 - 2026-05-18 - 335000 TRY - EGE ÜNİVERSİTESİ UYGULAMA VE A (0061003806) Turkey	Won	Approved
O1026760	EGE ÜNİ 2026-1811-2129 - 2026-05-18 - 335000 TRY - EGE ÜNİVERSİTESİ UYGULAMA VE A (0061003806) Turkey	Won	Disapproved
O1023375	Clone of TOBB ETÜ Accuchek İnform - 2026-01-01 - 1000 EUR - TOBB ETÜ SAĞLIK EĞİTİMİ UYGULA (0061000153) Turkey	Won	Approved
O1022129	ANKARA ÜNİVERSİTESİ_RTD_IHC_DT_08072024	Won	Approved
O1018080	GAZİ Ünv. HPV-HIV DT - 2022-12-31 - 0 - TRY - GAZİ ÜNİVERSİTESİ TIP FAKÜLTES (0061000084) - Turkey	Won	Approved
O1022001	Clone of HER2 IHC DT - 2024-06-28 - 4500000 TRY - KARTAL DR.LÜTFİ KIRDAR ŞEHİR H (0061000545) Turkey	Approved	Approved
O1018353	ANT ATATÜRK DH_2022_1253905	Approved	Approved
O1021763	Mersin Üni Hiv DT - 2024-05-28 - 6000 EUR - DETAY LAB. CİH. SAN. VE TİC. A (0061000026) Turkey	Won	Approved
O1025062	Clone of GAZİ ÜNİVERSİTESİ_RTD_DT-2_REV_2_20082025	Won	Approved
O1023543	ÖZEL BURTOM LAB._AUTO UR_30012025	Approved	Approved
O1024056	Clone of ACIBADEM_2 KURUM_MASLAK_MERKEZ_CC_IM_V2_16042025	Won	Approved
O1016751	TOBB ETÜ_CC_IM_2022	Completed	Approved
O1017476	DİCLE UNV TIP_DT_İHK_HK_220827	Won	Approved
O1023750	KARAMAN HSL_ID_2025_168645	Approved	Approved
O1026143	Eskişehir PPP İHK Yeni Dönem- 2025-11-30 - 110000 EUR - ÖZGÜN KİMYEVİ MADDE TIBBİ MALZ (0061000040) Turkey	Won	Approved
O1021048	ÜMRANİYE EAH_RTD_IHC_PAZARLIK_2024_8367	Won	Approved
O1019910	MEDICINE HOSPITAL_CC_IM_21062023	Approved	Approved
O1019910	MEDICINE HOSPITAL_CC_IM_21062023	Approved	Cancelled
O1027705	2026_1483748_ANKARA ÜNV_KARDİYAK	Won	Approved
O1023140	AZ_BB_NAT-LS_2025 - Labservis Ltd. (0061000004) - Azerbaijan	In Progress	Approved
O1016837	RENTEK DİYALİZ_CC_11042022	Approved	Approved
O1018559	MANİSA GRAND HOSPITAL_IM_ID_23122022	Won	Approved
O1018559	MANİSA GRAND HOSPITAL_IM_ID_23122022	Won	Reset
O1017077	ABG_INVITROLAB_CC_IM_25052022	Won	Approved
O1022566	Suat Seren Pd-L1 Eylül - 2024-10-07 - 3024000 TRY - DR.SUAT SEREN GÖĞÜS HAST. VE C (0061005057) Turkey	Won	Approved
O1027873	2026_1686015 KAHRAMANMARAŞ_İSM_ID_PAZARLIK	Approved	Approved
O1020921	GÜNEY HASTANESİ_CC_IM_21122023	Approved	Approved
O1022496	OKMEYDANI EAH_HK_2024/1032550	Completed	Approved
O1018910	NİŞANTAŞI PATOLOJİ GRUBU_RTD DAB ALIMI_01022023	Won	Approved
O1021438	Kemal_BYNDR_CC_IM_ID - 2024-05-01 - 1000000 - TRY - GÜNEY TIP TIBBİ CİH.KİM.MADD.L (0061000029) - Turkey	Approved	Approved
O1023945	BURTOM LABORATUVARI_CC_IM_28032025	Approved	Cancelled
O1023945	BURTOM LABORATUVARI_CC_IM_28032025	Approved	Approved
O1022382	ANTALYA EAH_5.KISIM_CC_IM_2024_945797	Approved	Approved
O1022382	ANTALYA EAH_5.KISIM_CC_IM_2024_945797	Approved	Cancelled
O1022940	ERZURUM ATATÜRK ÜNV_IHC_2024_1431859	Completed	Cancelled
O1022940	ERZURUM ATATÜRK ÜNV_IHC_2024_1431859	Completed	Approved
O1016909	İZMİR EKOL HASTANESİ_ID_19042022	Approved	Approved
O1020833	Clone of DÜZEN SWA - 2023-11-30 - 1000000 - EUR - DÜZEN BİYOLOJİK BİLİMLER ARAŞT (0061000024) - Turkey	Completed	Approved
O1026705	2026_613368_36.KISIM_ONDOKUZ MAYIS ÜNİVERSİTESİ_RMD_HPV	Approved	Disapproved
O1026705	2026_613368_36.KISIM_ONDOKUZ MAYIS ÜNİVERSİTESİ_RMD_HPV	Approved	Approved
O1020552	İSLAB 3_CC_IM_ID_RMD_2023_1089656_DETAY_PAZARLIK	Won	Approved
O1017496	Etlik PPP Glukometre - 2022-09-01 - 240000 - TRY - TECHNO HEALTH LAB.DİAGNOSTİK S (0061003872) - Turkey	Won	Approved
O1019865	EGE ÜNİVERSİTESİ_ğRTD_IHC_DT14062023	Approved	Approved
O1024532	AMASYA İSM_COAG_2025_868484	Approved	Approved
O1024532	AMASYA İSM_COAG_2025_868484	Approved	Cancelled
O1024532	AMASYA İSM_COAG_2025_868484	Approved	Disapproved
O1024532	AMASYA İSM_COAG_2025_868484	Approved	Disapproved
O1024532	AMASYA İSM_COAG_2025_868484	Approved	Disapproved
O1017477	FIRAT ÜNİVERSİTESİ HASTANESİ_ANTİKOR_CISH_2022_671942	Completed	Approved
O1021538	Medikalpoint_Core - 2024-04-01 - 5000 - EUR - GÜNEY TIP TIBBİ CİH.KİM.MADD.L (0061000029) - Turkey	Won	Approved
O1017205	EGE ÜNİVERSİTESİ_TÜRBİDİNETRİK PARAMETRE İLAVESİ_2021_522243	Approved	Approved
O1017205	EGE ÜNİVERSİTESİ_TÜRBİDİNETRİK PARAMETRE İLAVESİ_2021_522243	Approved	Cancelled
O1020492	İZMİR İSM_RTD_ONKOLOJİ_2023_848639	Approved	Cancelled
O1020492	İZMİR İSM_RTD_ONKOLOJİ_2023_848639	Approved	Cancelled
O1020492	İZMİR İSM_RTD_ONKOLOJİ_2023_848639	Approved	Approved
O1019325	TEPECİK EAH_RTD_EBER_DT_27032023	Won	Approved
O1020779	OSMANGAZİ_CRP_DT_18112023	Completed	Approved
O1016899	Q_PCR ELİPS 15.04.22 - 2022-04-30 - 50000 - TRY - Tabak,Aykut (0061990270) - Turkey	Approved	Approved
O1020931	MEDİGOLD_CC_IM_21122023	Approved	Approved
O1018757	Clone of GENTAN_SEQ CGP KİT ALIMI_21122022	Won	Approved
O1019290	KORKUTELİ MEDİ YAŞAM HASTANESİ_CC_IM_21032023	Won	Approved
O1017541	<KZ>_<SRL>Laboratory <2022>	Approved	Cancelled
O1017541	<KZ>_<SRL>Laboratory <2022>	Approved	Disapproved
O1017541	<KZ>_<SRL>Laboratory <2022>	Approved	Disapproved
O1017541	<KZ>_<SRL>Laboratory <2022>	Approved	Approved
O1027905	Selçuk Üni DT 105716 - 2026-10-20 - 90000 EUR - DETAY LAB. CİH. SAN. VE TİC. A (0061000026) Turkey	Approved	Approved
O1026281	2026_149644_BURDUR İSM_CC_V2_DC_CİHAZ SATIŞ	Approved	Approved
O1022562	Gazi_75499 - 2024-11-21 - 245000 TRY - GAZİ ÜNİVERSİTESİ TIP FAKÜLTES (0061000084) Turkey	Won	Approved
O1022846	Clone of BALIKESİR ATATÜRK DH_RTD_IHC_2024_1215117	Approved	Approved
O1018942	GAZİ ÜNİVERSİTESİ_PATOLOJİ MOLEKÜLER_3.KISIM_2023/39077	Approved	Approved
O1023909	Clone of İMPERİAL SWA_cobas pro	Approved	Approved
O1027092	ANKARA ÜNİV_DT_HC_IHC_09062026	Won	Approved
O1022141	Clone of EDİRNE SULTAN 1.MURAT_ID_DT_04072024	Won	Approved
O1022141	Clone of EDİRNE SULTAN 1.MURAT_ID_DT_04072024	Won	Cancelled
O1025790	KARAMAN İSM_COAG_2025_2280182	Approved	Approved
O1027072	KARTAL EAH_COBAS PRO E801_COBAS 5800_08062026	In Progress	Disapproved
O1026553	Ahenk Lab_Cihaz Kirası_Pro	Won	Approved
O1024281	GEBZE YÜZYIL HASTANESİ_SWA_30052025	Won	Approved
O1017924	KKTC_REFERANS LAB_IM_ID_04102022	Completed	Cancelled
O1017924	KKTC_REFERANS LAB_IM_ID_04102022	Completed	Approved
O1027598	ETLİK PPP Navify Modules - 2026-09-15 - 100000 EUR - TECHNO HEALTH LAB.DİAGNOSTİK S (0061003872) Turkey	Approved	Approved
O1020212	Clone of GAZİ ÜNİVERSİTESİ_RTD_HC_3.KISIM_2023_764923	Approved	Approved
O1026892	AK HAYAT 2026_662121_3.KISIM_İSLAB_3_RMD	Approved	Approved
O1019640	ORTADOĞU HASTANESİ_CC_IM	Approved	Approved
O1019725	GÜVEN HASTANESİ_RTD_Her2_DT_24052023	Won	Approved
O1022951	KİLİS İSM_CC_2024_1428405	Won	Approved
O1027277	2026_1076507_ISPARTA İSM HALK SAĞLIĞI_SWA	Approved	Approved
O1018560	Clone of BEZMİ ALEM VAKIF ÜNİVERSİTESİ_RTD_IHK&HK&IFA&ISH_16122022	Completed	Approved
O1020594	AFYON SAĞLIK BİLİMLERİ ÜNİVERSİTESİ_BAP ALIMI_IGE_23102023	Approved	Approved
O1026085	2026_355056_SÜLEYMAN DEMİREL ÜNİV_ID_PAZARLIK	Approved	Approved
O1019283	GE_AIDSCenter Tender - 2023-04-17 - 303500 - EUR - Mirco Ltd. (0061000003) - Georgia	Won	Approved
O1021110	Medikalpoint_SWA_24 - 2024-02-01 - 500000 - TRY - GÜNEY TIP TIBBİ CİH.KİM.MADD.L (0061000029) - Turkey	Completed	Approved
O1023690	NECMETTİN ERBAKAN ÜNİVERSİTESİ_RTS_SEQ_21022025	Approved	Approved
O1020854	AFYONKARAHİSAR İSM_PCR_2024_8310	Approved	Approved
O1025925	YEŞİLYURT HPV DT ocak - 2026-02-02 - 5712000 TRY - TC SAĞLIK BAK.KATİP ÇELEBİ ÜNİ (0061005059) Turkey	Won	Disapproved
O1025925	YEŞİLYURT HPV DT ocak - 2026-02-02 - 5712000 TRY - TC SAĞLIK BAK.KATİP ÇELEBİ ÜNİ (0061005059) Turkey	Won	Approved
O1026993	Cumhuriyet Ünv. NGS - 2026-07-31 - 250000 EUR - NUCLEUS GENETİK ÜRÜNLERİ ANONİ (0061005513) Turkey	Approved	Approved
O1025929	2025_2388117_İSTANBUL İSM_FATİH KHB_IHC_HC	Won	Approved
O1025929	2025_2388117_İSTANBUL İSM_FATİH KHB_IHC_HC	Won	Cancelled
O1019038	ÇUKUROVA ÜNV_SP_2023_12740	Approved	Approved
O1019038	ÇUKUROVA ÜNV_SP_2023_12740	Approved	Reset
O1019089	EGE ÜNİVERSİTESİ_RTD BAP ALIMI_23022023	Won	Approved
O1018286	GÜVEN HASTANESİ_RTD_HER2_10112022	Won	Approved
O1018491	GİRESUN İSM_CC_IM_ID_2022_1236205	Approved	Approved
O1018491	GİRESUN İSM_CC_IM_ID_2022_1236205	Approved	Disapproved
O1017047	ERZİNCAN EAH IHC_2022_371375	Approved	Approved
O1024255	GAZİANTEP ÜNİVERSİTESİ_CC_IM_2025_675705	Approved	Cancelled
O1024255	GAZİANTEP ÜNİVERSİTESİ_CC_IM_2025_675705	Approved	Approved
O1027538	2026_1345922 BAYBURT İSM_CC_IM_ID	Approved	Disapproved
O1027538	2026_1345922 BAYBURT İSM_CC_IM_ID	Approved	Approved
O1023823	TOSUN LAB_IM_14032025	Approved	Approved
O1025498	ŞİŞLİ ETFAL EAH_HK_2025_1824588	Approved	Disapproved
O1025498	ŞİŞLİ ETFAL EAH_HK_2025_1824588	Approved	Approved
O1019663	Gazi Ünv Kortizol DT - 2023-12-31 - 10000 - TRY - GAZİ ÜNİVERSİTESİ TIP FAKÜLTES (0061000084) - Turkey	Won	Approved
O1021359	İSTANBUL SANCAKTEPE EAH_RTD_IHC_DT_500 TEST_21022024	Approved	Approved
O1023982	ATATURK SEHIR HASTANESİ_RTD_DT_PDL_03042025	Won	Approved
O1018531	BEZMİ ALEM VAKIF ÜNİVERSİTESİ_RTD_IHK&HK&IFA&ISH_16122022	Approved	Approved
O1022307	CUMHURİYET ÜNV_2024_922513_24.KALEM PD-L1	Approved	Approved
O1020494	BİRİNCİ HASTANESİ_CC_IM_18102023	Approved	Approved
O1018833	LETGEN GENEL ANLAŞMA_Q PCR_20012023	Completed	Approved
O1025869	KURUL LAB_KONYA VETERİNER_12012026	Won	Approved
O1023915	Clone of AKDENİZ ÜNİVERSİTESİ_TURBIDIMETRİ_1.KISIM A GRUBU_2025_144954	Approved	Approved
O1025430	ERCİYES ÜNİV_KISIM 64_2025_1528793	Won	Approved
O1025430	ERCİYES ÜNİV_KISIM 64_2025_1528793	Won	Disapproved
O1020696	AFYOKARAHİSAR ÜNİVERSİTESİ_UR_2023_1155002	Approved	Approved
O1019202	29 MAYIS DH_IM_2023_171248	Approved	Approved
O1025510	BOLU ABANT İZZET BAYSAL EAH_RTD_IHC_HC_RT PCR_2025_1878630	Won	Approved
O1019420	BEHÇET UZ ÇOCUK HASTANESİ_CC_IM_PAZARLIK_2023_364454	Approved	Approved
O1027678	2026_1415926 ŞIRNAK İSM_CC_CAR	Approved	Approved
O1020829	İSTANBUL İSM FATİH KHB_HK_2023_1202751	Completed	Approved
O1024696	Clone of Clone of KOÇ ÜNİVERSİTESİ HASTANESİ_SWA_10062025	Approved	Reset
O1024696	Clone of Clone of KOÇ ÜNİVERSİTESİ HASTANESİ_SWA_10062025	Approved	Approved
O1023960	Mersin Ek Kira 2025 - 2025-04-24 - 40000 EUR - DETAY LAB. CİH. SAN. VE TİC. A (0061000026) Turkey	Won	Approved
O1019143	GAZİ ÜNİVERSİTESİ_RTD_ANTİKOR_DT_03032023	Won	Approved
O1019143	GAZİ ÜNİVERSİTESİ_RTD_ANTİKOR_DT_03032023	Won	Reset
O1020129	BUCA TIP MERKEZİ_CC_07082023	Approved	Approved
O1024073	Clone of ANTALYA EAH_RTD_HC_PAZARLIK_2025_543257	Won	Approved
O1020448	NEVŞEHİR İSM_SWA_2023_964681	Approved	Approved
O1022572	Ege Üni 5252 DT Pd-L1 Ros - 2024-10-07 - 2052000 TRY - EGE ÜNİVERSİTESİ UYGULAMA VE A (0061003806) Turkey	Won	Approved
O1024467	Clone of İSLAB 5_RMD_6 AYLIK_COBAS 5800_16062025	Approved	Approved
O1024467	Clone of İSLAB 5_RMD_6 AYLIK_COBAS 5800_16062025	Approved	Cancelled
O1024467	Clone of İSLAB 5_RMD_6 AYLIK_COBAS 5800_16062025	Approved	Cancelled
O1027520	Çukurova Üni DT229414 - 2026-08-26 - 1000 EUR - DETAY LAB. CİH. SAN. VE TİC. A (0061000026) Turkey	Won	Approved
O1025435	KORU SWA - 2026-01-31 - 600000 EUR - ERER EĞİTİM VE SAĞLIK KURUMLAR (0061000508) Turkey	Approved	Cancelled
O1025435	KORU SWA - 2026-01-31 - 600000 EUR - ERER EĞİTİM VE SAĞLIK KURUMLAR (0061000508) Turkey	Approved	Approved
O1018907	KARAMAN İSM_IM_ID_2023_30759	Approved	Approved
O1017604	ANTALYA İSM_RMD_10.KISIM_PCR_2022_772798	Approved	Approved
O1021832	GEBZE PRİME HASTANESİ_CC_IM_27052024	Completed	Cancelled
O1021832	GEBZE PRİME HASTANESİ_CC_IM_27052024	Completed	Cancelled
O1021832	GEBZE PRİME HASTANESİ_CC_IM_27052024	Completed	Approved
O1021832	GEBZE PRİME HASTANESİ_CC_IM_27052024	Completed	Cancelled
O1021832	GEBZE PRİME HASTANESİ_CC_IM_27052024	Completed	Cancelled
O1018915	BARTIN DH_IHC_2023_57177	Won	Approved
O1026550	2026_590517_KANUNİ EAH_RTD_PAZARLIK	Won	Approved
O1019471	BULGU LAB_SWA_2023	Completed	Approved
O1021107	Clone of BODRUM AMERİKAN HASTANESİ_CC_IM_02012024	Completed	Approved
O1016672	DİYARBAKIR İSM_HS_CC_IM_2022_356332	Approved	Approved
O1023695	DR.ABDURRAHMAN YURTASLAN ONKOLOJİ HASTANESİ_RTD_14.KALEM_HER2_2025_89768	Won	Approved
O1018725	AKSARAY EAH_CC-IM_CİHAZSIZ_2022_1433761	Approved	Approved
O1027455	ANKARA ONKOLOJİ_kappalambda_eber_24072026	Won	Approved
O1026327	SELÇUK_ID_DT_10032026	Won	Approved
O1017151	IĞDIR HSL 22C DT - 2022-06-30 - 1374594.84 - TRY - IĞDIR İL SAĞLIK MÜDÜRLÜĞÜ (0061005725) - Turkey	Completed	Approved
O1017417	MERSİN İSM_TOROS TARSUS DH_UR_2022_651779	Won	Approved
O1025664	ADU DT HBV 5438 - 2025-12-22 - 7560000 TRY - ADNAN MENDERES ÜNİVERSİTESİ RE (0061004341) Turkey	Won	Approved
O1019887	ACIBADEM KENT HASTANESİ_UR_18062023	Approved	Approved
O1020178	Mersin CMV DT PCR - 2023-09-20 - 3000000 - TRY - MERSİN ÜNİVERSİTESİ REKTÖRLÜĞÜ (0061004230) - Turkey	Won	Approved
O1017340	GELİŞİM LABORATUVARI_LC480 KİRA_28062022	Approved	Approved
O1019497	BAYBURT İSM_CC_IM_ID_2023_328534		Approved
O1026132	KOCAELİ ÜNVERSİTESİ_SWA_2025_1672758	In Progress	Disapproved
O1018724	AKSARAY EAH_ID_2022_1433761	Approved	Approved
O1024807	BEZMİ ALEM VAKIF ÜNİVERSİTESİ_RTD_15082025	Approved	Approved
O1023704	SUREYYAPASA EAH_RTD_IHC_DT_21022025	Completed	Approved
O1019494	ETLİK_TECHNO_NGS - 2023-05-31 - 3000 - EUR - TECHNO HEALTH LAB.DİAGNOSTİK S (0061003872) - Turkey	Won	Cancelled
O1019494	ETLİK_TECHNO_NGS - 2023-05-31 - 3000 - EUR - TECHNO HEALTH LAB.DİAGNOSTİK S (0061003872) - Turkey	Won	Approved
O1018068	ESENLER AVICENNA HASTANESİ_CC_IM_18102022	Completed	Approved
O1018068	ESENLER AVICENNA HASTANESİ_CC_IM_18102022	Completed	Disapproved
O1022179	ERZURUM EAH_IHK_2024_869147	Approved	Approved
O1021430	GELİŞİM LABORATUVARI_LC480_KİRA_07032024	Won	Approved
O1020117	Braf & İzolasyon - 2023-09-04 - 480000 - TRY - Life Biotek Medikal (ACC-0004104148) - Turkey	Won	Approved
O1020164	ZONGULDAK BÜLENT ECEVİT ÜNİVERSİTESİ_IM_SİFİLİS_DT_1008	Won	Approved
O1025209	Clone of ACIBADEM HASTANESİ_MULTIPLATE_Kit&Sarf_22092025	Won	Approved
O1023558	ATATÜRK ÜNV_SWA_2024_1897211	Approved	Disapproved
O1023558	ATATÜRK ÜNV_SWA_2024_1897211	Approved	Cancelled
O1023558	ATATÜRK ÜNV_SWA_2024_1897211	Approved	Disapproved
O1023558	ATATÜRK ÜNV_SWA_2024_1897211	Approved	Approved
O1023558	ATATÜRK ÜNV_SWA_2024_1897211	Approved	Cancelled
O1018518	SARIYER TIP MERKEZİ_CC_21122022	Completed	Approved
O1026417	PENDİK DH 750 DT_13032026	Won	Approved
O1027450	TRAKYA BÖLGE ÖZEL HASTANELER_2H_SWA_V2_06072026	Approved	Approved
O1026916	2026_655213_SP IM_İNÖNÜ ÜNİVERSİTESİ	Approved	Approved
O1019326	AYDIN HS_CC_IM_ID_2023_254509	Approved	Approved
O1020380	İZMİR İSM_6.GRUP_ID_2023_869383	Approved	Approved
O1018372	CUMHURİYET ÜNV_SWA_2023_364257	Approved	Approved
O1023422	HATAY İSM_PAZARLIK_BG_2024_1741098	Completed	Approved
O1027228	2H HASTANELER GRUBU_SWA_17062026	Approved	Approved
O1027228	2H HASTANELER GRUBU_SWA_17062026	Approved	Cancelled
O1027228	2H HASTANELER GRUBU_SWA_17062026	Approved	Disapproved
O1022792	AFYONKARAHİSAR SBÜ_RMD_4.KISIM_2024_1485994	Completed	Disapproved
O1022792	AFYONKARAHİSAR SBÜ_RMD_4.KISIM_2024_1485994	Completed	Approved
O1019659	BUCA EAH_RTD_HC_2023_402281	Approved	Approved
O1019613	KOCAELİ İSM_IM_ID_4.KISIM_2023_313449	Lost	Cancelled
O1019613	KOCAELİ İSM_IM_ID_4.KISIM_2023_313449	Lost	Approved
O1022820	EGE ÜNİVERSİTESİ_CC_IM_PRE_POST_2024_1205260	Approved	Approved
O1022820	EGE ÜNİVERSİTESİ_CC_IM_PRE_POST_2024_1205260	Approved	Disapproved
O1020527	ZONGULDAK İSM_GLUKOMETRE_2023_1007834	Completed	Approved
O1022611	SAKARYA İSM_RTD_HC_2024_1142760	Approved	Approved
O1024824	DİACORE BAŞAKŞEHİR PPP - 2025-11-30 - 9000000 EUR - DİACORE DİAGNOSTİK SİSTEMLER A (0061006157) Turkey	Cancelled	Cancelled
O1024824	DİACORE BAŞAKŞEHİR PPP - 2025-11-30 - 9000000 EUR - DİACORE DİAGNOSTİK SİSTEMLER A (0061006157) Turkey	Cancelled	Cancelled
O1024824	DİACORE BAŞAKŞEHİR PPP - 2025-11-30 - 9000000 EUR - DİACORE DİAGNOSTİK SİSTEMLER A (0061006157) Turkey	Cancelled	Approved
O1024824	DİACORE BAŞAKŞEHİR PPP - 2025-11-30 - 9000000 EUR - DİACORE DİAGNOSTİK SİSTEMLER A (0061006157) Turkey	Cancelled	Cancelled
O1023682	BİNGÖL İSM_IM_PAZARLIK_2025_243328	Approved	Approved
O1021162	AVICENNA ESENLER HASTANESİ_CC_IM_25012024	Won	Approved
O1025003	SİVAS İSM_CC_IM_COAG_24 AY_2025_1317613	Approved	Approved
O1025003	SİVAS İSM_CC_IM_COAG_24 AY_2025_1317613	Approved	Reset
O1022508	BALIKESİR İSM_IM_2024_1078223	In Progress	Disapproved
O1027214	ÇANAKKALE ONSEKİZ MART ÜNİVERSİTESİ_SWA_DT	Cancelled	Disapproved
O1027214	ÇANAKKALE ONSEKİZ MART ÜNİVERSİTESİ_SWA_DT	Cancelled	Approved
O1021190	Clone of AKBANK_CC_IM_ALTERNATİF 1_REV_29012024	Approved	Approved
O1024224	MARDİN DT 1000 TEST ANTİ - 2025-05-29 - 6600000 TRY - MARDİN DEVLET HASTANESİ (0061005325) Turkey	Won	Approved
O1021803	SUAT SEREN_RTD_PD-L1 ALK_DT_23052024	Completed	Approved
O1026621	2026_625945_ID_BANDIRMA EAH_PAZARLIK	Won	Approved
O1026621	2026_625945_ID_BANDIRMA EAH_PAZARLIK	Won	Disapproved
O1027924	SAMSUN MLP_PATOLOJİ_24092026	Approved	Approved
O1022143	MEMORIAL HASTANESİ_IM CARDIAC_22072024	Completed	Approved
O1018688	MUĞLA HS_AUTO UR_2022_1355188	Approved	Approved
O1020800	LÖSEV HASTANESİ_RTD_IHC_04122023	Completed	Approved
O1017497	Auto renewal - 2022-09-26 - 15000 - TRY - ÖZGÜL EĞİTİM SAĞLIK HİZ. MED.  (0061000500) - Turkey	Won	Approved
O1020193	BİNGÖL DH_RTD_İHK_2023_765607	Completed	Approved
O1018807	Clone of ERCİYES ÜNİVERSİTESİ_RTD_BAP ALIMI_29122022	Won	Approved
O1020981	ÜSKÜDAR DH_RTD_IHK 3 AYLIK DT_REVİZE 500 TEST_25122023	Completed	Approved
O1017207	EGE ÜNİVERSİTESİ_RTD_Pd-L1_08062022	Won	Approved
O1027122	AVCILAR DAVİVA HASTANESİ_2H_SWA_16062026	Approved	Approved
O1027122	AVCILAR DAVİVA HASTANESİ_2H_SWA_16062026	Approved	Cancelled
O1025825	ERDEMLİ DH_ID_PAZARLIK_2025_2445727	Approved	Approved
O1023124	Atatürk Ünv_ISD - 2025-03-31 - 80000 EUR - NUKLEUS SAĞLIK ÜRÜNLERİ TANI H (0061000175) Turkey	Won	Approved
O1020192	KIRIKKALE ÜNİVERSİTESİ_UR_DT_15082023	Won	Approved
O1019137	KAYA MEDİKAL ANTALYA_CC_IM_06032023	In Progress	Disapproved
O1021748	BALIKESİR İSM_CC_2024_434391	Approved	Approved
O1025477	ÇANKIRI İSM_SWA_2025_1853350	Approved	Approved
O1017571	ANTALYA İSM_RTD_13.KISIM MOLEKÜLER ONKOLOJİ_2022_772798	Won	Approved
O1024858	Cumhurbaşkanlığı_Caoguche - 2025-09-30 - 100000 TRY - T.C. CUMHURBAŞKANLIĞI MİLLİ İS (0061000344) Turkey	Won	Approved
O1016578	GE_CobasPURE_Republican Hosp_MIRCO_2022	Approved	Approved
O1026734	2026_5 DIACORE APATOLOJI - 2026-06-30 - 120000 EUR - DİACORE DİAGNOSTİK SİSTEMLER A (0061006157) Turkey	Approved	Reset
O1026674	Clone of DORA LAB_RTD_DAB_03042026	Won	Approved
O1026674	Clone of DORA LAB_RTD_DAB_03042026	Won	Disapproved
O1022557	MANİSA İSM_UR_2024_1096707	Approved	Approved
O1023772	MERSİN ÜNİ HER2 DUAL ISH - 2025-03-12 - 3500000 TRY - MERSİN ÜNİVERSİTESİ REKTÖRLÜĞÜ (0061004230) Turkey	Approved	Cancelled
O1023772	MERSİN ÜNİ HER2 DUAL ISH - 2025-03-12 - 3500000 TRY - MERSİN ÜNİVERSİTESİ REKTÖRLÜĞÜ (0061004230) Turkey	Approved	Approved
O1024262	KONYA NUMUNE HASTANESİ_IM_2025_694492	Approved	Approved
O1017061	ÖZE AKDENİZ ŞİFA HASTANELERİ_CC_IM_ID_16052022	Approved	Approved
O1023904	DİCLE ÜNİ_HPV_2025_418355	Approved	Approved
O1025158	dash	In Progress	Started
O1022412	İSTANBUL ÜNİVERSİTESİ ÇAPA_RTD_HC_2024_769907	Completed	Approved
O1026479	2026_218711_KASTAMONU İSM_COAG	Approved	Approved
O1020738	Clone of HACETTEPE ÜNİVERSİTESİ_RTD_SIRA NO_414_IHK_2023_542110	Completed	Approved
O1017380	Clone of EGELAB_CC_IM_ID_23062022	Won	Approved
O1024829	ÇAPA_RMD_CMV DT_19082025	Approved	Approved
O1026683	ÖZEL SAMSUN ATASAM_27042026	Won	Disapproved
O1026683	ÖZEL SAMSUN ATASAM_27042026	Won	Cancelled
O1026683	ÖZEL SAMSUN ATASAM_27042026	Won	Approved
O1019956	SAMSUN İSM_MERKEZ_PCR_2023_605815	Approved	Reset
O1020437	GOP ÜNİVERSİTESİ_SWA_PAZARLIK_1 AYLIK_2023_1049055	Won	Approved
O1020437	GOP ÜNİVERSİTESİ_SWA_PAZARLIK_1 AYLIK_2023_1049055	Won	Reset
O1023091	ANTALYA ATATÜRK DH_IM_2024_1515192	Approved	Approved
O1016847	KARTAL KIZILAY LAB_BGAS_10042022	Approved	Approved
O1021615	MLL ÖZDEN ÖZER_RTD_IHK_05042024	Completed	Approved
O1016939	COA_ÖZELMEDİKAR 2022 - 2022-05-31 - 450000 - TRY - ÖZEL MEDİKAR HAST (0061003063) - Turkey	Approved	Approved
O1026238	2026_268806_ESKİŞEHİR İSM_GLUKOMETRE	Won	Disapproved
O1026238	2026_268806_ESKİŞEHİR İSM_GLUKOMETRE	Won	Approved
O1026130	2026_121922 _ÇOMÜ_ID - KİRA	Approved	Approved
O1026807	2026_662121_SWA_PCR_İSLAB-1	In Progress	Cancelled
O1027605	ÖZEL ANTAKYA SAĞLIK MOZAİK_COAG_31082026	Approved	Approved
O1023111	MANİSA İSM_RTD_IHC_2024_1541026	Approved	Approved
O1018436	BALIKESİR ÜNİVERSİTESİ_ID_2022_1195205	Approved	Cancelled
O1018436	BALIKESİR ÜNİVERSİTESİ_ID_2022_1195205	Approved	Approved
O1026890	BURSA PPP IHC Antikor - Yeni Dönem	Approved	Approved
O1023106	ARTVİN İSM_PAZARLIK_2024_1667151	Completed	Cancelled
O1023106	ARTVİN İSM_PAZARLIK_2024_1667151	Completed	Disapproved
O1023106	ARTVİN İSM_PAZARLIK_2024_1667151	Completed	Approved
O1020330	ETLİK PPP_YEDEKPARÇA - 42076890.19258 - TECHNO HEALTH LAB.DİAGNOSTİK S (0061003872) - Turkey	Won	Cancelled
O1020330	ETLİK PPP_YEDEKPARÇA - 42076890.19258 - TECHNO HEALTH LAB.DİAGNOSTİK S (0061003872) - Turkey	Won	Approved
O1025015	BÜLENT ECEVİT ÜNİVERSİTESİ_RTD_ANTİKOR DC_17092025	Won	Approved
O1019987	EGE ÜNİVERSİTESİ_RTD  BAP_12072023	Approved	Approved
O1021593	BAŞARI HASTANESİ_E411 KİRALIK_01042024	Approved	Reset
O1021593	BAŞARI HASTANESİ_E411 KİRALIK_01042024	Approved	Approved
O1026074	Centro u411 Cihaz Kira - 2026-03-30 - 20000 EUR - MERKEZ ANALİTİK SAĞLIK HİZ. VE (0061000080) Turkey	Approved	Approved
O1017516	MERCK ÇALIŞMA - 2022-09-30 - 500000 - TRY - NESİLLER GENETİK TANI VE BİLGİ (0061004271) - Turkey	Approved	Cancelled
O1017516	MERCK ÇALIŞMA - 2022-09-30 - 500000 - TRY - NESİLLER GENETİK TANI VE BİLGİ (0061004271) - Turkey	Approved	Disapproved
O1017516	MERCK ÇALIŞMA - 2022-09-30 - 500000 - TRY - NESİLLER GENETİK TANI VE BİLGİ (0061004271) - Turkey	Approved	Cancelled
O1017516	MERCK ÇALIŞMA - 2022-09-30 - 500000 - TRY - NESİLLER GENETİK TANI VE BİLGİ (0061004271) - Turkey	Approved	Approved
O1023093	ANTALYA ATATÜRK DH_ID_2024_1515192	Approved	Approved
O1016934	SAMSUN EAH_PCR_2022_398822_ 250422 - 2022-04-30 - 2200000 - TRY - SAMSUN EĞT. VE ARŞ. HAST. (0061000549) - Turkey	Won	Approved
O1018027	BAĞCILAR EAH_IHC_DT_12102022	Approved	Approved
O1024939	Ultra_MR_Gözde_04092025	Approved	Approved
O1024302	EGELAB SPESİFİK IM _03062025	Approved	Approved
O1024334	İRFAN BAYRAM MUA KİT ALIM - 2025-06-26 - 2500000 TRY - İRFAN BAYRAM ÖZEL İRFAN BAYRAM (0061005821) Turkey	Won	Reset
O1024334	İRFAN BAYRAM MUA KİT ALIM - 2025-06-26 - 2500000 TRY - İRFAN BAYRAM ÖZEL İRFAN BAYRAM (0061005821) Turkey	Won	Cancelled
O1024334	İRFAN BAYRAM MUA KİT ALIM - 2025-06-26 - 2500000 TRY - İRFAN BAYRAM ÖZEL İRFAN BAYRAM (0061005821) Turkey	Won	Approved
O1019979	KZ_Orkhun Medical SWA project (cash sale)	Completed	Approved
O1018959	KARABÜK İSM_ID_2022_1351768	Approved	Cancelled
O1018959	KARABÜK İSM_ID_2022_1351768	Approved	Approved
O1018959	KARABÜK İSM_ID_2022_1351768	Approved	Cancelled
O1024544	MN_HPV project_Reference lab - c5800 system	Approved	Approved
O1025346	Clone of ALSANCAK DH._ID_DC_2025_1658734	Approved	Approved
O1024205	TRAKYA ÜNİVERSİTESİ_DT_LDL_16052025	Won	Approved
O1020206	Clone of KATİP ÇELEBİ HASTANESİ_RTD_IHC_DT_17082023	Won	Approved
O1019810	SUAT SEREN GÖĞÜS HASTALIKALRI HASTANESİ_CC_IM_2023_505151	Won	Approved
O1022398	GAZİANTEP_ÜNİ_PCR_2024_1031508	Approved	Approved
O1024656	İZMİR İSM._13.KISIM_BGAS_2025_896673	Approved	Approved
O1018797	AYBER MEDİKAL_IM_ID_17012023	Approved	Approved
O1026149	Clone of  GOP SWA DT_2 2026_02_19	Won	Disapproved
O1026149	Clone of  GOP SWA DT_2 2026_02_19	Won	Approved
O1018853	Huzur_Med_CC_IM - 2023-02-24 - 1500000 - TRY - DİYAR-MED SAĞLIK ÜRÜNLERİ San. (ACC-0004052772) - Turkey	Completed	Approved
O1021997	CENTRO PREANALİTİK BAKIM_25062024	Won	Approved
O1022842	MEDİCALPARK EK CİHAZ KİRA - 2024-11-01 - 45360 EUR - İLMED İLAÇ ve MEDİKAL ÖZEL  LA (0061000027) Turkey	Approved	Approved
O1020213	Clone of GAZİ ÜNİVERSİTESİ_RTD_HC_3.KISIM_2023_764923	Approved	Approved
O1016970	Kocaeli Ünv. HK D.T - 2022-05-20 - 1764000 - TRY - KOCAELİ ÜNİVERSİTESİ DÖNER SER (0061004238) - Turkey	Won	Reset
O1016970	Kocaeli Ünv. HK D.T - 2022-05-20 - 1764000 - TRY - KOCAELİ ÜNİVERSİTESİ DÖNER SER (0061004238) - Turkey	Won	Approved
O1021925	İSTANBUL İSM GÜNEY KHB_RTD_HC_2024_711085	Approved	Approved
O1027759	ANKARA ÜNİV_DT 8_IHC_HC_01092026	Won	Approved
O1020908	Gazi S.Hormon_DT1 - 2024-01-01 - 200000 - TRY - GAZİ ÜNİVERSİTESİ TIP FAKÜLTES (0061000084) - Turkey	Completed	Approved
O1019658	MANİSA CELAL BAYAR ÜNİVERSİTESİ_RMD_2023_355102	Approved	Approved
O1023708	ÇANAKKALE İSM_COAG_ALTERNATİF 2_SATIŞ_2025_83856	Approved	Disapproved
O1023708	ÇANAKKALE İSM_COAG_ALTERNATİF 2_SATIŞ_2025_83856	Approved	Approved
O1019237	AHENK LABORATUVARI_PREANALİTİK_14032023	Completed	Approved
O1016944	Clone of ANTALYA İL SAĞLIK MÜDÜRLÜĞÜ_MOLEKÜLER ONKOLOJİ_13.KISIM_2002_246214	Approved	Approved
O1026974	2026_724570_1.KISIM_CC_MERSİN İSM İLÇELER_KİRALIK	Approved	Approved
O1022029	Clone of ÜSKÜDAR DH_RTD_IHC_2024_674650	Completed	Approved
O1019221	Clone of İZMİR İSM_CC_IM_14.KISIM_2023_100210	Approved	Approved
O1020363	DÜZEN LABORATUVARI_CARDIAC_22092023	Won	Approved
O1017342	Clone of İSLAB 2 GATA EAH_CİHAZ KİRASI C501_13062022	Won	Approved
O1019503	GAZİ ÜNİVERSİTESİ_RTD_DT_24042023	Approved	Approved
O1026918	2026_675969_2.KISIM A GRUBU_TÜRB._KİRALIK_AKDENİZ ÜNİVERSİTESİ	Approved	Approved
O1026918	2026_675969_2.KISIM A GRUBU_TÜRB._KİRALIK_AKDENİZ ÜNİVERSİTESİ	Approved	Disapproved
O1025610	GÜLHANE EAH_Kan Bankası_2025_1919793	Approved	Cancelled
O1025610	GÜLHANE EAH_Kan Bankası_2025_1919793	Approved	Approved
O1017802	ANTALYA ATATÜRK DH_CARDIAC_PAZARLIK_2022_943342	Won	Approved
O1022713	BAŞARI HASTANESİ_CC_IM_21102024	Completed	Cancelled
O1022713	BAŞARI HASTANESİ_CC_IM_21102024	Completed	Approved
O1025952	<KZ>_<OncoPCR AUM>_<2026>	Won	Approved
O1019385	SAKARYA EAH_PCT_PAZARLIK_2023_349217	Won	Approved
O1020526	ZONGULDAK İSM_ID_CARDIAC_2023_1007834	Completed	Approved
O1017875	ANKARA İSM_ID_2022_801234	Approved	Approved
O1025723	Clone of GOP_UR_2025_2100295	Approved	Approved
O1021469	MEDİVİTA HASTANESİ_CC_IM_12032024	Completed	Approved
O1018282	ÇİĞLİ DH_RTD_CISH_DT_10112022	Won	Approved
O1017414	MERSİN İSM TOROS TARSUS DH_SWA_2022_651779	Won	Approved
O1017414	MERSİN İSM TOROS TARSUS DH_SWA_2022_651779	Won	Disapproved
O1024678	CENTRO_DİJİTAL_28072025	Approved	Approved
O1024586	02102025_UZ_CAU_SWA_2025	Approved	Approved
O1020481	İZMİR İSM_RTD_3.KISIM_HC_2023_848639	Approved	Approved
O1025778	Clone of CENTRO_PREANALİTİK SARF MALZEMELERİ_27082025	Won	Approved
O1018081	ANTALYA HS_CC_IM_ID_2022_1031783	Approved	Approved
O1018570	MAGUSA TIP MERKEZİ_CC_23122022	Completed	Approved
O1027108	2026_853981_GAZİ ÜNİV_RTD_HC_IHC	In Progress	Approved
O1025895	Trakya LPA_DT - 2026-02-18 - 200000 TRY - TRAKYA ÜNİVERSİTESİ DÖNER SERM (0061000192) Turkey	Won	Approved
O1025895	Trakya LPA_DT - 2026-02-18 - 200000 TRY - TRAKYA ÜNİVERSİTESİ DÖNER SERM (0061000192) Turkey	Won	Cancelled
O1026305	2026_299958 SEYHAN DH_IHC	Approved	Approved
O1018379	ONDOKUZ MAYIS ÜNV_CC_IM_2022_1156688	Approved	Approved
O1018379	ONDOKUZ MAYIS ÜNV_CC_IM_2022_1156688	Approved	Cancelled
O1018379	ONDOKUZ MAYIS ÜNV_CC_IM_2022_1156688	Approved	Reset
O1021799	GAZİ ÜNİVERSİTESİ_RTD_KİT ALIMI_23052024	Approved	Approved
O1017620	GEN ERA_RTD_SEQ SARF_19082022	Approved	Approved
O1017280	KEPEZ DH_RTD_IHC_PAZARLIK_2022_611517	Won	Approved
O1023142	GAZİ ÜNİVERSİTESİ_HC_DT_4088_10122024	Approved	Approved
O1026498	2025_2422723_ORDU DH_EK CİHAZ	Won	Approved
O1021530	ACIBADEM HASTANELERİ_SWA PURE_19032024	Approved	Cancelled
O1021530	ACIBADEM HASTANELERİ_SWA PURE_19032024	Approved	Approved
O1022406	ANTALYA İSM_RTD_3.KISIM_ONKOLOJİ_2024_966813	Approved	Approved
O1025642	FLORENCE NIGHTINGALE - 2025-12-31 - 1100000 EUR - ÖZGÜN KİMYEVİ MADDE TIBBİ MALZ (0061000040) Turkey	Approved	Approved
O1021388	ÖZEL MEDİKAR HST - 2024-02-29 - 130000 - EUR - İLMED İLAÇ ve MEDİKAL ÖZEL  LA (0061000027) - Turkey	Completed	Approved
O1025280	EDİRNE İSM_ID_2025_1721972	Approved	Cancelled
O1025280	EDİRNE İSM_ID_2025_1721972	Approved	Cancelled
O1025280	EDİRNE İSM_ID_2025_1721972	Approved	Approved
O1021952	Clone of ANKARA EAH_CC_IM_COAG_UR_2024_446841	In Progress	Disapproved
O1024767	NEVŞEHİR İSM_BG_2025_1068304	Approved	Approved
O1024554	Clone of İSLAB 2MOLEKÜLER_SARTRON BİYOTEKNOLOJİ_2025_739894	Approved	Approved
O1027412	Kazakhstan: AIDS centers project_WCPr	Approved	Disapproved
O1027412	Kazakhstan: AIDS centers project_WCPr	Approved	Cancelled
O1027412	Kazakhstan: AIDS centers project_WCPr	Approved	Approved
O1024129	Kemal_Bayındır_SWA - 2025-07-01 - 150000 EUR - GÜNEY TIP TIBBİ CİH.KİM.MADD.L (0061000029) Turkey	Approved	Approved
O1021179	KOÇ ÜNİVERSİTESİ_PREANALİTİK_09022024	Won	Approved
O1027573	TRAKYA BÖLGE ÖZEL HASTANELER_2H_SWA_V3_12082026	Approved	Approved
O1017849	FİNİKE DH_IM_ID_PAZARLIK_2022_973158	Won	Approved
O1024101	TANSAN_CC_29042025	Won	Approved
O1017180	KAŞ DH_IM_ID_PAZARLIK_2022_555446	Won	Approved
O1026237	Düzen Lab_SWA_06032026	Approved	Approved
O1027533	433_2026_KKTC BAKANLIK_CC_RR_26082026	Approved	Approved
O1026292	Clone of PATHERN LABORATUVARI_IHC	Won	Approved
O1017792	Ultra_MR_Gözde - 2022-11-01 - 3000000 - TRY - DİYAR-MED SAĞLIK ÜRÜNLERİ SAN. (0061000054) - Turkey	Completed	Approved
O1027645	2026_1437877 KAHRAMANMARAŞ İSM_ID	Approved	Approved
O1021403	TRAKYA ÜNİVERSİTESİ_proBNP_DT_01032024	In Progress	Cancelled
O1021403	TRAKYA ÜNİVERSİTESİ_proBNP_DT_01032024	In Progress	Cancelled
O1023161	HATAY İSM_BG_2024_1489821	Won	Approved
O1023740	GÜRLIFE_CC_IM_26022025	Approved	Disapproved
O1023740	GÜRLIFE_CC_IM_26022025	Approved	Approved
O1023740	GÜRLIFE_CC_IM_26022025	Approved	Reset
O1027763	CEYHAN ÇINAR HASTANESİ_SWA_04092026	Approved	Approved
O1022000	ANKARA ÜNV_HPV_2024_714957	Approved	Approved
O1017291	AKDENİZ ÜN_ TORCH - 2022-08-26 - 650000 - TRY - ÖZGÜN KİMYEVİ MADDE TIB. MAL.S (0061005421) - Turkey	Approved	Approved
O1026258	ORDU ÖZEL SEVGİ HASTANESİ	Won	Disapproved
O1026258	ORDU ÖZEL SEVGİ HASTANESİ	Won	Disapproved
O1026258	ORDU ÖZEL SEVGİ HASTANESİ	Won	Reset
O1026258	ORDU ÖZEL SEVGİ HASTANESİ	Won	Approved
O1017144	Yakın Doğu Proje - 2022-06-24 - 0 - TRY - NEAR EAST UNIVERSITY LTD (0061000219) - Cyprus	Won	Approved
O1025864	Özel Meydan Tıp Mer_SWA_05012026	Approved	Approved
O1027349	Clone of 2026_190999 SÜLEYMAN DEMİREL ÜNV_RMD	Won	Approved
O1023003	UZ_HPV MoH project (5800 + 6800)	Approved	Approved
O1023003	UZ_HPV MoH project (5800 + 6800)	Approved	Disapproved
O1026298	Bursa & Basaksehir PPP GLUKOMETRE PULSE - 2025-12-31 - 1500000 EUR - DİACORE DİAGNOSTİK SİSTEMLER A (0061006157) Turkey	Won	Disapproved
O1026298	Bursa & Basaksehir PPP GLUKOMETRE PULSE - 2025-12-31 - 1500000 EUR - DİACORE DİAGNOSTİK SİSTEMLER A (0061006157) Turkey	Won	Approved
O1025721	SUAT SEREN EAH_SWA_2025_2319111	Won	Approved
O1026175	ALGEN BALKAN DERMAN - 2026-05-05 - 62551 EUR - ALGEN TIBBİ ÜRÜNLER VE SAĞLIK  (0061000032) Turkey	Approved	Approved
O1018119	QPCR GENEL ANLAŞMA - 2022-10-31 - 230000 - TRY - Life Biotek Medikal (ACC-0004104148) - Turkey	Won	Approved
O1017511	YILDIRIM BEYZIT ÜNİVERSİTESİ EAH_RTD_DT_04082022	Approved	Approved
O1018466	BURTOM LABORATUVARI_CC_IM_ALTERNATİF 3_PRO_11122022	Won	Approved
O1026168	AHENK VERTİCAL CCM P701_27022026	Approved	Approved
O1019298	DÜZCE ÜNİVERSİTESİ_TACROLIMUS_DT_22032023	Won	Approved
O1019758	PROF. DR. CEMİL TAŞCIOĞLU ŞEHİR HASTANESİ_RTD_IHC_2023_470617	Completed	Approved
O1022666	DİYARBAKIR HS_PAZARLIK_CC_IM_2024_1325139	Won	Approved
O1019423	TRAKYA ÜNİVERSİTESİ_VİT D_DT_10042023	Won	Approved
O1023969	ÖZEL ATASAM HST - 2025-04-15 - 220000 EUR - İLMED İLAÇ ve MEDİKAL ÖZEL  LA (0061000027) Turkey	Won	Approved
O1022615	Utkan_M.Point_CC_IM 2025 - 2024-10-25 - 160000 EUR - DİYAR-MED SAĞLIK ÜRÜNLERİ San. (ACC-0004052772) Turkey	Approved	Approved
O1025710	Lokman Hekim ALAB_SWA - 2026-01-30 - 2500000 EUR - LOKMAN HEKİM AKAY TIBBİ HİZ.Tİ (0061004603) Turkey	Approved	Disapproved
O1025710	Lokman Hekim ALAB_SWA - 2026-01-30 - 2500000 EUR - LOKMAN HEKİM AKAY TIBBİ HİZ.Tİ (0061004603) Turkey	Approved	Approved
O1026486	2026_449411 İZMİR BUCA EAH PAZARLIK_CC_IM-REVİZE	Won	Approved
O1027123	2H HASTANELER GRUBU_SWA_17062026	In Progress	Cancelled
O1027123	2H HASTANELER GRUBU_SWA_17062026	In Progress	Cancelled
O1027123	2H HASTANELER GRUBU_SWA_17062026	In Progress	Cancelled
O1027123	2H HASTANELER GRUBU_SWA_17062026	In Progress	Cancelled
O1027123	2H HASTANELER GRUBU_SWA_17062026	In Progress	Cancelled
O1018401	UŞAK İSM_COAG_2022_1140589	Approved	Approved
O1022661	ADANA İSM_UR_2024_1202163	Approved	Approved
O1024882	Seyhan Ortadoğu_SWA_28082025	Won	Approved
O1024882	Seyhan Ortadoğu_SWA_28082025	Won	Disapproved
O1019466	OKMEYDANI IHK DT - 2023-05-31 - 4200000 - TRY - EPİFARMA KİMYASAL VE TIBBİ ÜRÜ (0061004345) - Turkey	Approved	Approved
O1022334	ÖZEL ORTADOĞU HASTANESİ_CC_IM-1	Approved	Approved
O1022184	ANTALYA ZİRAİ KARANTİNE_SEQ_18072024	Approved	Approved
O1027027	2026_846740_İSTANBUL ÜNİVERSİTESİ_ÇAPA_ID	Approved	Approved
O1020391	DT DAB Alımı - 2023-10-23 - 4800000 - TRY - VAN BÖLGE EĞİTİM VE ARAŞTIRMA  (0061004046) - Turkey	Won	Approved
O1018053	BLUE KLİNİK_CC_IM_17102022	Completed	Approved
O1025211	SAMSUN İSM_PAZARLIK_IM_2025_1741009	Approved	Disapproved
O1025211	SAMSUN İSM_PAZARLIK_IM_2025_1741009	Approved	Approved
O1025558	Clone of Clone of AFYON KOCATEPE ÜNİV_2025_1726994_Kısım 2_Pre_CC_IM	In Progress	Disapproved
O1021574	İzmir PPP ODS - 2024-04-30 - 4200 - EUR - NUKLEUS SAĞLIK ÜRÜNLERİ TANI H (0061000175) - Turkey	Won	Cancelled
O1021574	İzmir PPP ODS - 2024-04-30 - 4200 - EUR - NUKLEUS SAĞLIK ÜRÜNLERİ TANI H (0061000175) - Turkey	Won	Approved
O1019787	EGE ÜN_ CC IM_2023_487820	Approved	Reset
O1019787	EGE ÜN_ CC IM_2023_487820	Approved	Started
O1025019	LETGEN_SEQ_SZA KAPA_17092025	Won	Approved
O1021867	Şanmed_SWA - 2024-10-01 - 100000 EUR - DİYAR-MED SAĞLIK ÜRÜNLERİ SAN. (0061000054) Turkey	Completed	Approved
O1023765	MUĞLA EAH_RTD_HC_2025_220546	Won	Approved
O1027005	Clone of 2026_6 DIACORE ANKBASKENT - 2026-06-30 - 252000 EUR - DİACORE DİAGNOSTİK SİSTEMLER A (0061006157) Turkey	Approved	Approved
O1027015	2026_724570_2.KISIM_IM_MERSİN İSM İLÇELER_V2_CİHAZ SATIŞ	Approved	Approved
O1027237	2026_810031_ANKARA HALK SAĞLIĞI_RMD2	Approved	Approved
O1027883	2026_1618302_KARABÜK EAH_ID	Approved	Approved
O1026724	Antalya EAH_DT_Podoplanin_24042026	Won	Approved
O1018172	KAYSERİ PPP EK GRUPLAR - 2022-12-31 - 13000000 - TRY - NUKLEUS SAĞLIK ÜRÜNLERİ TANI H (0061000175) - Turkey	In Progress	Started
O1026687	BANDIRMA EAH ID_ D.TEMİN - 2026-04-15 - 60000 EUR - DEVA KİMYA SANAYİ VE TİCARET L (0061000074) Turkey	Won	Approved
O1027602	2026_1301764_1.KISIM_SWA_HATAY MKÜ	Approved	Approved
O1023880	SÜLEYMAN DEMİREL ÜNİVERSİTESİ_RTD_HC_2025_138058	Approved	Approved
O1023880	SÜLEYMAN DEMİREL ÜNİVERSİTESİ_RTD_HC_2025_138058	Approved	Disapproved
O1022034	TRAKYA ÜNİVERSİTESİ_BGAS_2024_778188	Approved	Approved
O1019730	KARATEKİN SWA - 2023-06-30 - 1500000 - TRY - AR SAĞLIK İŞLET. VE TIBBİ CİH. (0061000388) - Turkey	Approved	Approved
O1025680	Emsey - 2026-01-29 - 220000 EUR - ALGEN TIBBİ ÜRÜNLER VE SAĞLIK  (0061000032) Turkey	Won	Approved
O1026432	2026_97307 ÇANAKKALE İSM İLÇE_COAG	Approved	Approved
O1027785	LETGEN_ANTALYA ZİRAİ_CİHAZ SATIŞ_04092026	Approved	Approved
O1027711	2026_1423589_ANTALYA İSM_ANTALYA EAH_MOL_KISIM 10	Approved	Approved
O1018441	AFYON KOCATEPE ÜNİVERSİTESİ_GLUKOMETRE_2022_1196934	Won	Approved
O1026195	EGE ÜNİ 2026-1370 DAB - 2026-03-16 - 11970000 TRY - EGE ÜNİVERSİTESİ UYGULAMA VE A (0061003806) Turkey	Won	Approved
O1017918	DAP Antikor BAP - 2022-10-20 - 20750 - TRY - ÖZGÜL EĞİTİM SAĞLIK HİZ. MED.  (0061000500) - Turkey	Won	Approved
O1020483	GENTAN_RTD  PREPARATION_10102023	Completed	Approved
O1024958	AHENK_PREANALİTİK_08092025	In Progress	Disapproved
O1024958	AHENK_PREANALİTİK_08092025	In Progress	Cancelled
O1017254	İNTERGEN_RTD_CFDNA_17062022	Approved	Approved
O1024170	Clone of MEDIHOUSE TM_CC_IM_V2_07052025	Won	Disapproved
O1024170	Clone of MEDIHOUSE TM_CC_IM_V2_07052025	Won	Approved
O1021399	Mozaik UR - 2024-03-26 - 3000 - EUR - DETAY LAB. CİH. SAN. VE TİC. A (0061000026) - Turkey	Approved	Approved
O1024157	ANKARA HS_PAZARLIK_SWA_2025_645609	Won	Approved
O1022903	DENİZLİ İSM_RTD_MEDİKAL DEĞER 2.KISIM_2024_1384878	Approved	Approved
O1016676	DONE GENETİK_RTD_ CGP_17032022	Won	Reset
O1016676	DONE GENETİK_RTD_ CGP_17032022	Won	Cancelled
O1016676	DONE GENETİK_RTD_ CGP_17032022	Won	Approved
O1017236	KTÜ_ID_PAZARLIK_2022_580670	Won	Approved
O1022274	Mersin Üni Her2 DT Alım - 2024-07-15 - 2550000 TRY - MERSİN ÜNİVERSİTESİ REKTÖRLÜĞÜ (0061004230) Turkey	In Progress	Disapproved
O1018220	DR. ABDURRAHMAN YURTASLAN ONKOLOJİ HASTANESİ_RTD_TEK KISIM_PAZARLIK_2022_1181431	Won	Approved
O1025429	Clone of TEKİRDAĞ İSM_SWA_COAG_PCR_HİZMET ALIMI_2025_1624546	Approved	Approved
O1027052	Özel Viromed Lab_SWA_08062026	Won	Approved
O1021721	SİNOP İSM_IM_2024_475039	Approved	Approved
O1021721	SİNOP İSM_IM_2024_475039	Approved	Cancelled
O1022649	KIRIKKALE ÜNV_COAG_2024_1262455	Approved	Disapproved
O1022649	KIRIKKALE ÜNV_COAG_2024_1262455	Approved	Disapproved
O1022649	KIRIKKALE ÜNV_COAG_2024_1262455	Approved	Approved
O1024994	Clone of MERSİN ÜNİ DT HIV 384 - 2025-09-18 - 9000000 TRY - MERSİN ÜNİVERSİTESİ REKTÖRLÜĞÜ (0061004230) Turkey	Won	Approved
O1022608	Koru Hastanesi Accuchek - 2026-01-01 - 1200 EUR - KORU HAST MER LAB (0061003476) Turkey	Approved	Disapproved
O1022608	Koru Hastanesi Accuchek - 2026-01-01 - 1200 EUR - KORU HAST MER LAB (0061003476) Turkey	Approved	Disapproved
O1022608	Koru Hastanesi Accuchek - 2026-01-01 - 1200 EUR - KORU HAST MER LAB (0061003476) Turkey	Approved	Cancelled
O1022608	Koru Hastanesi Accuchek - 2026-01-01 - 1200 EUR - KORU HAST MER LAB (0061003476) Turkey	Approved	Started
O1022608	Koru Hastanesi Accuchek - 2026-01-01 - 1200 EUR - KORU HAST MER LAB (0061003476) Turkey	Approved	Disapproved
O1022608	Koru Hastanesi Accuchek - 2026-01-01 - 1200 EUR - KORU HAST MER LAB (0061003476) Turkey	Approved	Reset
O1022608	Koru Hastanesi Accuchek - 2026-01-01 - 1200 EUR - KORU HAST MER LAB (0061003476) Turkey	Approved	Disapproved
O1022608	Koru Hastanesi Accuchek - 2026-01-01 - 1200 EUR - KORU HAST MER LAB (0061003476) Turkey	Approved	Disapproved
O1022608	Koru Hastanesi Accuchek - 2026-01-01 - 1200 EUR - KORU HAST MER LAB (0061003476) Turkey	Approved	Cancelled
O1022608	Koru Hastanesi Accuchek - 2026-01-01 - 1200 EUR - KORU HAST MER LAB (0061003476) Turkey	Approved	Cancelled
O1021840	MEDILIFE GRUBU_CC_IM_27052024	Won	Approved
O1019556	CUMHURİYET ÜNV_SWA_2023_429269	Won	Approved
O1027958	Selçuk Üni DT 105716 - 2026-10-20 - 90000 EUR - DETAY LAB. CİH. SAN. VE TİC. A (0061000026) Turkey	Approved	Approved
O1025983	2026_82084_ANTALYA EAH_IHC_Pazarlık	Won	Approved
O1017804	AKDENİZ ÜNİVERSİTESİ_GLUCOMETRE_2022_925784	Won	Cancelled
O1017804	AKDENİZ ÜNİVERSİTESİ_GLUCOMETRE_2022_925784	Won	Approved
O1017804	AKDENİZ ÜNİVERSİTESİ_GLUCOMETRE_2022_925784	Won	Cancelled
O1027737	2026_1503681 BURSA İSM_CC	Approved	Disapproved
O1027737	2026_1503681 BURSA İSM_CC	Approved	Approved
O1027737	2026_1503681 BURSA İSM_CC	Approved	Reset
O1024036	İSTANBUL ÜNİVERSİTESİ CERRAHPAŞA_RMD VİROLOJİ_2025_450974	Won	Approved
O1019698	HACETTEPE ÜNV_AMH_2023_394097	Approved	Approved
O1027073	OSM SEVGİ HASTANESİ_CC_IM_12062026	Won	Approved
O1022587	HACETTEPE ÜNİVERSİTESİ_RTD_SEQ_2024_1145093	Completed	Approved
O1022688	Sistem Tıp Mers Ur - 2025-01-30 - 5000 EUR - DETAY LAB. CİH. SAN. VE TİC. A (0061000026) Turkey	Won	Approved
O1026645	MERSİN ÜNİ HBV 85676 DT - 2026-05-14 - 500000 TRY - MERSİN ÜNİVERSİTESİ REKTÖRLÜĞÜ (0061004230) Turkey	Won	Approved
O1017234	ÇORUM İSM_İLÇE_KİRA_IM	Approved	Approved
O1025231	Clone of ANTALYA İSM_IHC_2025_1445640	Won	Cancelled
O1025231	Clone of ANTALYA İSM_IHC_2025_1445640	Won	Approved
O1017794	Sistem Tıp Koag - 2022-10-12 - 200000 - TRY - DETAY LAB. CİH. SAN. VE TİC. A (0061000026) - Turkey	Won	Approved
O1026112	2026_227042_SAMSUN HSL_SWA_PAZARLIK	Won	Approved
O1016864	BALIKESİR ÜNİVERSİTESİ_RTD_IHC_2022_404278	Won	Disapproved
O1016864	BALIKESİR ÜNİVERSİTESİ_RTD_IHC_2022_404278	Won	Approved
O1026866	ULUN LAB CC-IM BIOSYS LIMITED (0061005595) Cyprus	Won	Approved
O1023490	YALOVA İSM_SWA_PAZARLIK_2025_89721	Completed	Approved
O1022867	SÜTÇÜ İMAM ÜNV_ID_2025_139180	Approved	Cancelled
O1022867	SÜTÇÜ İMAM ÜNV_ID_2025_139180	Approved	Approved
O1025117	AYDIN ŞEHİR HASTANESİ_ID_2025_1426978	Approved	Approved
O1022428	Clone of MUSTAFA KEMAL ÜNİVERSİTESİ_SWA_2024_930449	Approved	Approved
O1019373	ECEABAT DH_CC_DT_03042023	In Progress	Started
O1024935	ULUDAĞ ÜNİVERSİTESİ_MULTIPLATE_2025_1295259	Approved	Approved
O1018687	MUĞLA HS_CC_IM_2022_1355188	Approved	Approved
O1018735	BİLECİK İSM CC_IM_ID_2022_1430509	Approved	Approved
O1021296	Ankara HS Coa. - 2024-03-31 - 10000 - EUR - ÖZGÜN KİMYEVİ MAD TIB MALZ DİY (0061005905) - Turkey	Won	Approved
O1019952	SAMSUN İSM_MERKEZ_IM_2023_605815	Completed	Reset
O1019952	SAMSUN İSM_MERKEZ_IM_2023_605815	Completed	Cancelled
O1019952	SAMSUN İSM_MERKEZ_IM_2023_605815	Completed	Approved
O1022601	Clone of Clone of Clone of BAYINDIR_RTD_ IHK_30082024	Completed	Approved
O1016839	MEDİAN SAĞLIK_UR_06042022	Won	Approved
O1025875	BULENT ECEVİT ÜNİVERSİTESİ_RTD_2025_2313243	Won	Disapproved
O1025875	BULENT ECEVİT ÜNİVERSİTESİ_RTD_2025_2313243	Won	Approved
O1023641	ÖZEL YAŞAR HASTANESİ_CC_IM_11022025	Won	Approved
O1023017	TEKİRDAĞ İSM_CC_IM_ID_COAG_RMD_HİZMET ALIMI_2024_1452907	Approved	Disapproved
O1023017	TEKİRDAĞ İSM_CC_IM_ID_COAG_RMD_HİZMET ALIMI_2024_1452907	Approved	Approved
O1017871	TRAKYA ÜNİVERSİTESİ_ID_2022_932528	Approved	Disapproved
O1017871	TRAKYA ÜNİVERSİTESİ_ID_2022_932528	Approved	Disapproved
O1017871	TRAKYA ÜNİVERSİTESİ_ID_2022_932528	Approved	Approved
O1017871	TRAKYA ÜNİVERSİTESİ_ID_2022_932528	Approved	Disapproved
O1027580	2026_1032557_ORDU ISM_SWA_PAZARLIK_DC	Won	Reset
O1027580	2026_1032557_ORDU ISM_SWA_PAZARLIK_DC	Won	Approved
O1025460	Medipoint - 2025-12-01 - 58000 EUR - ALGEN TIBBİ ÜRÜNLER VE SAĞLIK  (0061000032) Turkey	Approved	Approved
O1020110	ÇORUM İSM_CC_2023_688843	Approved	Approved
O1022100	Mersin Üni HBC DT - 2024-07-31 - 20000 EUR - DETAY LAB. CİH. SAN. VE TİC. A (0061000026) Turkey	Won	Approved
O1027265	Nucleus Genetik_Navify SMP_26062026	Won	Approved
O1023616	TEKİRDAĞ İSM_RTD_IHC_2025_78554	Approved	Approved
O1023616	TEKİRDAĞ İSM_RTD_IHC_2025_78554	Approved	Disapproved
O1022218	PAMUKKALE ÜNİVERSİTESİ_RTD_IHC_2024_841964	Completed	Approved
O1022218	PAMUKKALE ÜNİVERSİTESİ_RTD_IHC_2024_841964	Completed	Disapproved
O1020614	YAŞAM HASTANESİ_CC_IM_ID_24102023	Approved	Approved
O1018590	ANKARA ÜNİVERSİTESİ_ID_2022_1438901	Won	Reset
O1018590	ANKARA ÜNİVERSİTESİ_ID_2022_1438901	Won	Approved
O1019436	Clone of Clone of ZONGULDAK BÜLENT ECEVİT ÜNİVERSİTESİ_RTD_2023_34406	Completed	Cancelled
O1019436	Clone of Clone of ZONGULDAK BÜLENT ECEVİT ÜNİVERSİTESİ_RTD_2023_34406	Completed	Approved
O1019505	ERCİYES ÜNİVERSİTESİ_RTD_HC_2023_321746	Approved	Approved
O1022765	EGE PROJE ALIMI_RTD_21102024	Won	Approved
O1025787	2026_24846 AFYONKARAHİSAR ÜNİVERSİTESİ	Approved	Approved
O1025787	2026_24846 AFYONKARAHİSAR ÜNİVERSİTESİ	Approved	Disapproved
O1018694	MERAM DH_ID_2022_1428512	Approved	Approved
O1023203	Özel Sevgi Hast. SWA - 2025-02-28 - 920000 EUR - OR.JİN ÖZEL SAĞ.HİZ. MED.SAN.V (0061000434) Turkey	Won	Approved
O1022455	NucleusGen Heredıty panel - 2024-09-23 - 3600000 TRY - NUCLEUS GENETİK ÜRÜNLERİ ANONİ (0061005513) Turkey	Completed	Approved
O1022455	NucleusGen Heredıty panel - 2024-09-23 - 3600000 TRY - NUCLEUS GENETİK ÜRÜNLERİ ANONİ (0061005513) Turkey	Completed	Cancelled
O1027387	ERK DİA - ALK, ROS1 ALIMI - 2026-08-27 - 500000 TRY - ERK DIAGNOSTIK OZEL SAGLIK HIZ (0061006093) Turkey	Won	Approved
O1025367	EDİRNE İSM_CC_IM_2025_1721972	Approved	Approved
O1025367	EDİRNE İSM_CC_IM_2025_1721972	Approved	Cancelled
O1026862	Biyomik CC_IM	In Progress	Disapproved
O1018487	Medikal Değer BRAF - 2023-01-09 - 180000 - TRY - BİOS BİOMEDİKAL SİSTEMLER SAN. (0061000198) - Turkey	Won	Approved
O1022532	Gazi 73396 - 2024-11-28 - 451000 TRY - GAZİ ÜNİVERSİTESİ TIP FAKÜLTES (0061000084) Turkey	Won	Approved
O1017725	Ilgaz Troponin - 2022-09-30 - 22000 - TRY - T.C. SAĞLIK BAKANLIĞI ILGAZ DE (0061000319) - Turkey	Won	Approved
O1021390	AVCILAR HOSPITAL_CC_IM_04032024	Approved	Approved
O1023046	MEDİSTATE_COAG_16122024	Approved	Approved
O1025634	KARS İSM_IM_2025_2131625	Approved	Approved
O1025634	KARS İSM_IM_2025_2131625	Approved	Disapproved
O1025634	KARS İSM_IM_2025_2131625	Approved	Disapproved
O1018113	EGE ÜNİVERSİTESİ_RMD_VİROLOJİ_DT_24102022	Approved	Approved
O1022839	KIRKLARELİ İSM_BGAS_2024_1572137	Approved	Approved
O1022839	KIRKLARELİ İSM_BGAS_2024_1572137	Approved	Disapproved
O1026810	2026_662121_4.KISIM_SWA_MD_İSLAB_4	In Progress	Started
O1017344	Batman Medikal Park - 2022-07-14 - 120000 - TRY - DİYAR-MED SAĞLIK ÜRÜNLERİ San. (ACC-0004052772) - Turkey	Approved	Approved
O1021552	Clone of SİVAS İSM_SWA_2023_878533	Completed	Approved
O1025688	TURGUT NOYAN HER-2 50 - 2026-01-22 - 3000000 TRY - BAŞKENT ÜNİVERSİTESİ ADANA (0061000046) Turkey	Approved	Approved
O1023589	DARICA FARABI_RTD_ULTRADAB_DT_10022025	Completed	Approved
O1022786	SAYGI HASTANESİ_CC_IM_01112024	Approved	Approved
O1018485	İZMİR BOZYAKA EAH_CC_IM_PAZARLIK_2022_1349595	Won	Approved
O1020567	KASTAMONU MRKZ_ID_2023_996354	Approved	Approved
O1022108	ANTALYA İSM_DÖŞEMEALTI DH_ID_E402_2024_668142	Approved	Approved
O1018072	BURSA İSM_ID_2022_924792	Approved	Approved
O1018072	BURSA İSM_ID_2022_924792	Approved	Disapproved
O1018072	BURSA İSM_ID_2022_924792	Approved	Cancelled
O1018072	BURSA İSM_ID_2022_924792	Approved	Disapproved
O1020743	Çukurova BAP Alımı - 2024-01-15 - 720000 - TRY - BİOS BİOMEDİKAL SİSTEMLER SAN. (0061000198) - Turkey	Won	Approved
O1024392	DİCLE ÜNİ 250 DAB BAP PRO - 2025-06-26 - 1500000 TRY - DİCLE ÜNİVERSİTESİ BAP KOORD (0061003932) Turkey	Approved	Approved
O1025716	EDİRNE İSM_CC_IM_2025_2216286	Approved	Disapproved
O1025716	EDİRNE İSM_CC_IM_2025_2216286	Approved	Approved
O1023368	EGE ÜNİVERSİTESİ_NAT_07012025	Completed	Approved
O1023368	EGE ÜNİVERSİTESİ_NAT_07012025	Completed	Disapproved
O1017583	ANTALYA ATATÜRK DH_CARDIAC_2022_772334	Won	Approved
O1026462	2026_342472_TOKAT DEVLET_ID	Approved	Approved
O1027059	EREĞLİ ECHOMAR_SWA_12062026	Approved	Approved
O1020612	BİLECİK HS_CC_IM_ID_2023_1028223	Approved	Approved
O1020961	KIRŞEHİR İSM_RTD_IHC_2023_1406697	Approved	Approved
O1020961	KIRŞEHİR İSM_RTD_IHC_2023_1406697	Approved	Disapproved
O1021652	BURDUR İSM_ID_2024_418347	Approved	Approved
O1021245	KÜTAHYA İSM_ID_TORCH_PAZARLIK_2024_120217	In Progress	Cancelled
O1022317	Clone of GURLİFE_SWA_07052024	Approved	Approved
O1017065	ANADOLU VE  ESENTEPE HASTANELERİ_CC_IM_ID_20052022	Approved	Approved
O1027510	Clone of 2026_1310615 AYDIN ŞEHİR HST_PAZARLIK_IHC	Won	Approved
O1025181	HACETTEPE UNIV_Viroloji26&27_KISIM 39_2025_1497824	Approved	Approved
O1027471	2026_1135279 DENİZLİ İSM_ID	Approved	Approved
O1025045	Mardin Park_SWA_23092025	Won	Approved
O1025144	KTU_PAZARLIK_ID_MS_2025_1647994	Won	Approved
O1027684	2026_1412344 ŞANLIURFA HS_CC_IM	Approved	Approved
O1017300	EGELAB_CC_IM_ID_23062022	Approved	Approved
O1026710	Batman Belediyesi Sağlık - 2026-05-08 - 10000 EUR - DİYAR-MED SAĞLIK ÜRÜNLERİ SAN. (0061000054) Turkey	Approved	Approved
O1020831	REYAP HASTANELERİ_CC_IM_PRO_07122023	Approved	Approved
O1020937	ÇANKIRI ÇERKEŞ DEVLET HASTANESİ_2023_1485644	Completed	Approved
O1027931	ATATÜRK ŞEHİR HAST_ID DT - 2026-10-15 - 75000 EUR - DEVA KİMYA SANAYİ VE TİCARET L (0061000074) Turkey	Won	Approved
O1023813	YAPI KREDİ BANKASI_CC_IM_13032025	Won	Approved
O1017770	Clone of KARAMAN İSM_CC_2022_778388	Approved	Approved
O1020364	KOCAELİ İSM_RTD_IHC_2023_912455	Completed	Approved
O1017449	Clone of KONYA NUMUNE HASTANESİ_RTD_DT_19072022	Won	Approved
O1020672	TRABZON İSM_CC_IM_COG_UR_MS_2023_1146869	Approved	Cancelled
O1020672	TRABZON İSM_CC_IM_COG_UR_MS_2023_1146869	Approved	Cancelled
O1020672	TRABZON İSM_CC_IM_COG_UR_MS_2023_1146869	Approved	Approved
O1020378	KOCAELİ DERİNCE EAH_RTD_IHK_2023_996986	Won	Approved
O1017060	DOKUZ EYLÜL ÜNİVERSİTESİ_RTD_IHC_2022_446032	Won	Approved
O1027139	TANSAN_CC_12062026	Won	Approved
O1019823	Düzen Moleküler - 2023-07-31 - 5000000 - TRY - DÜZEN BİYOLOJİK BİLİMLER ARAŞT (0061000024) - Turkey	Completed	Reset
O1019823	Düzen Moleküler - 2023-07-31 - 5000000 - TRY - DÜZEN BİYOLOJİK BİLİMLER ARAŞT (0061000024) - Turkey	Completed	Approved
O1027017	BALIKLI RUM HASTANESİ_CC_IM_03062026	Won	Cancelled
O1027017	BALIKLI RUM HASTANESİ_CC_IM_03062026	Won	Approved
O1021328	Niğde DT Entıp - 2024-02-22 - 10000 - EUR - DETAY LAB. CİH. SAN. VE TİC. A (0061000026) - Turkey	Won	Approved
O1017711	RTD Proje DAP Alımı - 2022-10-31 - 360000 - TRY - LİFE BİOTEK MEDİKAL BİL TEK MO (0061005712) - Turkey	Won	Approved
O1025261	MERSİN İSM_İLÇELER_IM_2025_1595701	Approved	Approved
O1026907	2026_709366_KASTAMONU İSM İLÇE_CC	Approved	Disapproved
O1026907	2026_709366_KASTAMONU İSM İLÇE_CC	Approved	Cancelled
O1026907	2026_709366_KASTAMONU İSM İLÇE_CC	Approved	Cancelled
O1026907	2026_709366_KASTAMONU İSM İLÇE_CC	Approved	Approved
O1025172	AYDIN ŞH_RMD_MİKROBİYOLOJİ_2025_1426978	Approved	Approved
O1021363	DNA LABORATUVARI Z 480 KİRA_23022024	Won	Approved
O1024976	KIRKLARELİ İSM_2.KISIM_IM_ID_2025_1271041	Approved	Approved
O1017734	ESENCAN HASTANESİ_I400 CİHAZ KİRASI_07092022	Won	Approved
O1024092	KOCAELİ ÜNİVERSİTESİ_RTD_PAZARLIK_HC_2025_595694	Won	Approved
O1024197	BİNGÖL DH_IHK_2025_616110	Approved	Approved
O1021636	ANKARA ÜNV_PAZARLIK_HPV_2024_462031	Won	Approved
O1021636	ANKARA ÜNV_PAZARLIK_HPV_2024_462031	Won	Disapproved
O1025437	Akdeniz Üniv_İlaç Düzey_2025_1791026	Won	Approved
O1024225	BODRUM AMERİKAN HASTANESİ_CC_IM_15052025	Won	Approved
O1022219	MEMORIAL HASTANELERİ_GLUCOMETRE_26072024	Approved	Approved
O1024431	LETGEN Taqman ve kapa_20062025	Won	Approved
O1023640	TÜRKİYE HASTANESİ_CC_IM_17022025	Won	Approved
O1025295	MANAVGAT DH_IHC_2025_1815256	Approved	Approved
O1018332	ADNAN MENDERES ÜNİVERSİTESİ_RMD_2022_1174507	Approved	Approved
O1019804	Trial_Prod_Merve	In Progress	Initial
O1019611	KOCAELİ İSM_IM_ID3.KISIM_2023_313449	Lost	Cancelled
O1019611	KOCAELİ İSM_IM_ID3.KISIM_2023_313449	Lost	Cancelled
O1019611	KOCAELİ İSM_IM_ID3.KISIM_2023_313449	Lost	Approved
O1018756	GÜLHANE EAH_RTD_DAB_DT_10012023	Won	Approved
O1017826	test	In Progress	Initial
O1026108	Gelişim Lab. - 2026-03-18 - 219036 EUR - ALGEN TIBBİ ÜRÜNLER VE SAĞLIK  (0061000032) Turkey	Approved	Approved
O1023887	EGE ÜNİVERSİTESİ_NAT_2025_267175	Won	Approved
O1023887	EGE ÜNİVERSİTESİ_NAT_2025_267175	Won	Disapproved
O1027164	ENTIP_İSLAB 3_MOL_6 AYLIK ALIM	Approved	Cancelled
O1027164	ENTIP_İSLAB 3_MOL_6 AYLIK ALIM	Approved	Approved
O1026077	DÜZEN LABORATUVARI_H232_2026_2027	Approved	Cancelled
O1026077	DÜZEN LABORATUVARI_H232_2026_2027	Approved	Approved
O1021381	Clone of KAPA HyperPlus(96rx) - 2024-02-15 - 306000 - EUR - GEN ERA DİAGNOSTİK SAĞLIK HİZM (0061005563) - Turkey	Approved	Reset
O1027340	2026_1213375_TEKİRDAĞ HALK SAĞLIĞI_SWA_PAZARLIK	Won	Approved
O1027451	ERZURUM ATATÜRK ÜNİV_S.Hormon Pazarlık_16.07.2026	Won	Approved
O1017140	ÇORUM İSM_İLÇE_IM_2022_406967	Won	Approved
O1027560	Tekirdağ PPP navify PLH - 2026-09-15 - 500000 TRY - BİOGENLAB Genel Laboratuvar Hi (0061006259) Turkey	Won	Approved
O1026603	E-Lab - 2026-03-15 - 220000 EUR - ALGEN TIBBİ ÜRÜNLER VE SAĞLIK  (0061000032) Turkey_REV2_DC	Won	Approved
O1027189	Kurul Lab_Haziran 2026	Won	Approved
O1022627	NAMIK KEMAL DT İHK - 2024-10-30 - 600000 TRY - T.C. TEKİRDAĞ NAMIK KEMAL ÜNİV (0061000202) Turkey	Won	Approved
O1018138	ETLİK ZÜBEYDE HANIM HST_IM-ID_ 2022_1142513	Won	Approved
O1020360	CELAL BAYAR ÜNİVERSİTESİ_RTD_BAP ALIMI_19092023	Won	Approved
O1026998	2026_655213_SP IM_İNÖNÜ ÜNİVERSİTESİ	Approved	Approved
O1027817	2026_1666292 ERCİYES ÜNİV_PAZARLIK_SWA	Won	Approved
O1019453	KONYA İSM_İLÇELER_IM_ID_2023_310218	Approved	Approved
O1021500	İZMİR BOZYAKA EAH_3 AY SWA_2024_340406	Won	Approved
O1017107	SAMSUN İLÇE_CC_2022_436435	Won	Disapproved
O1017107	SAMSUN İLÇE_CC_2022_436435	Won	Cancelled
O1017107	SAMSUN İLÇE_CC_2022_436435	Won	Approved
O1023379	TRAKYA ÜNİVERSİTESİ_ID_2024_1766920	Won	Approved
O1027566	BAP Alımı - 2026-08-31 - 18420 EUR - ÖZGÜL EĞİTİM SAĞLIK HİZ. MED.  (0061000500) Turkey	Won	Approved
O1020688	DR.ABDURRAHMAN YURTASLAN ONKOLOJİ_CC_2023_1129986	Approved	Approved
O1021928	MEDICANA HASTANESİ_IM_10062024	Approved	Approved
O1027943	Samsun Ünv. BAP Alımı - 2026-10-31 - 26760 EUR - EPİFARMA LABORATUVAR ÜRÜNLERİ  (0061004345) Turkey	Won	Approved
O1023911	MUŞ İSM_CC_PAZARLIK_2025_438006	Won	Approved
O1026332	2026_305063_TRAKYA ÜNİVERSİTESİ_SEROLOJİ	Approved	Approved
O1021247	KIRŞEHİR İSM_RTD_IHC_2024_63538	Completed	Disapproved
O1021247	KIRŞEHİR İSM_RTD_IHC_2024_63538	Completed	Cancelled
O1021247	KIRŞEHİR İSM_RTD_IHC_2024_63538	Completed	Approved
O1019181	HACETTEPE ÜNV_SPESİFİK IM_2023_11709	Approved	Approved
O1023154	AFYON SBÜ_DT_12122024	In Progress	Started
O1023154	AFYON SBÜ_DT_12122024	In Progress	Disapproved
O1017816	AMASYA İSM_ COAG_2022_903115	Approved	Approved
O1026141	Selçık IM DT 2 - 2026-03-26 - 30000 EUR - DETAY LAB. CİH. SAN. VE TİC. A (0061000026) Turkey	Approved	Approved
O1023471	DOKUZ EYLÜL ÜNİVERSİTESİ_RTD_ISH_10.12. VE 13.KALEMLER_2024_1902102	Approved	Approved
O1027400	2026_1280027_ANKARA EAH_Pazarlık_SWA	Won	Approved
O1023276	İZMİR TEPECİK EAH._RMD_VİROLOJİ_2024_1674764	Approved	Approved
O1022090	ANKARA EAH_ID_2024_578806	Approved	Approved
O1018035	KTÜ ELİZA DT 121022 - 2022-12-29 - 170089 - TRY - KARADENİZ TEKNİK ÜNV. SAĞ. UYG (0061000375) - Turkey	Won	Approved
O1027777	2026_1418685_6.KISIM_CC_IM_ANTALYA İSM_ŞEHİR HASTANESİ_CİHAZ SATIŞ	In Progress	Disapproved
O1017091	ARDAHAN İSM_CC_IM_2022_682150	Completed	Approved
O1017091	ARDAHAN İSM_CC_IM_2022_682150	Completed	Reset
O1017091	ARDAHAN İSM_CC_IM_2022_682150	Completed	Disapproved
O1017091	ARDAHAN İSM_CC_IM_2022_682150	Completed	Cancelled
O1017091	ARDAHAN İSM_CC_IM_2022_682150	Completed	Disapproved
O1017091	ARDAHAN İSM_CC_IM_2022_682150	Completed	Disapproved
O1022952	ÇANAKKALE ONSEKİZ MART ÜNİVERSİTESİ_ID_2024_1412147	Approved	Approved
O1019897	DT Antikor Alımı - 2023-08-07 - 1800000 - TRY - DİYARBAKIR GAZİ YAŞARGİL EĞİTİ (0061004308) - Turkey	Won	Approved
O1027569	Çukurova DT 231374 - 2026-09-29 - 20000 EUR - DETAY LAB. CİH. SAN. VE TİC. A (0061000026) Turkey	Won	Approved
O1023341	TEPECİK EAH._RMD_VİROLOJİ_DT_07012025	Won	Approved
O1027181	2026_941748 DİYARBAKIR İSM_CC	Approved	Approved
O1024780	TIBLAB LABORATUVARI_SWA_PURE_07082025	Won	Approved
O1024780	TIBLAB LABORATUVARI_SWA_PURE_07082025	Won	Disapproved
O1017746	Meydan_H_Kangazı - 2022-10-17 - 2000000 - TRY - DİYAR-MED SAĞLIK ÜRÜNLERİ SAN. (0061000054) - Turkey	Approved	Approved
O1017488	ACIBADEM EGFR - 2022-08-15 - 250000 - TRY - DİAFARMA ECZA DEPOSU VE MEDİKA (0061005218) - Turkey	Won	Approved
O1019742	OKMEYDANI PROF.DR.CEMİL TAŞÇIOĞLU HASTANESİ_RTD_2023/533125	Won	Approved
O1027984	Clone of 2026_1540387 PAMUKKALE ÜNİVERSİTESİ_VİROLOJİ	Approved	Approved
O1027127	Clone of Gazi Üniv_BAP Projesi_05062026	Won	Approved
O1026843	AYDIN DH 2026-583 DT alım - 2026-05-08 - 5472000 TRY - AYDIN DEVLET HASTANESİ (0061003824) Turkey	Won	Approved
O1025286	BOZOK ÜNV_ID_PAZARLIK_2025_1839070	Cancelled	Approved
O1025286	BOZOK ÜNV_ID_PAZARLIK_2025_1839070	Cancelled	Disapproved
O1024314	DİCLE ÜNV_ID_2025_732179	Won	Approved
O1024750	SAMSUN İSM_CC_2025_1051365	Won	Cancelled
O1024750	SAMSUN İSM_CC_2025_1051365	Won	Disapproved
O1024750	SAMSUN İSM_CC_2025_1051365	Won	Approved
O1024887	OKMEYDANI EAH_HK_ALGEN_2025_1217311_03092025	Approved	Approved
O1021816	Nesiller Avenio - 2024-06-28 - 40000 EUR - NESİLLER GENETİK TANI VE BİLGİ (0061004271) Turkey	Approved	Approved
O1021816	Nesiller Avenio - 2024-06-28 - 40000 EUR - NESİLLER GENETİK TANI VE BİLGİ (0061004271) Turkey	Approved	Cancelled
O1023116	KADIKÖY BELEDİYESİ_SWA_2024_1636081	Approved	Approved
O1024821	Clone of MERSİN ÜNİ HER2 DUAL ISH - 2025-08-28 - 3000000 TRY - MERSİN ÜNİVERSİTESİ REKTÖRLÜĞÜ (0061004230) Turkey	Won	Approved
O1023312	EPC - 2025-01-31 - 50000 EUR - DETAY LAB. CİH. SAN. VE TİC. A (0061000026) Turkey	Approved	Approved
O1027788	2026_1482610_CUMHURİYET ÜNİ_SWA_CİHAZ SATIŞ	Approved	Approved
O1020361	DÜZEN LABORATUVARI_UR_20092023	Completed	Cancelled
O1020361	DÜZEN LABORATUVARI_UR_20092023	Completed	Approved
O1017777	TRAKYA ÜNİVERSİTESİ_RTD_HC_DT_15092022	Won	Approved
O1021253	Ö.Mardin İpekyolu - 2024-03-09 - 3000000 - TRY - DİYAR-MED SAĞLIK ÜRÜNLERİ SAN. (0061000054) - Turkey	Completed	Approved
O1025178	ÇORUM İLÇE_IM_2025_1420884	Won	Approved
O1020936	IĞDIR İSM_CC_IM_2023_1469023	Completed	Approved
O1022642	GİRESUN HSL CİHAZ KİRA - 2024-10-07 - 10000 EUR - İLMED İLAÇ ve MEDİKAL ÖZEL  LA (0061000027) Turkey	Won	Approved
O1020979	Clone of MANİSA HALK SAĞLIĞI_CC_IM_ID_2023_1179335	Won	Approved
O1027911	AÜ Doğrudan Alım7 -2026.08.31 TRY - ANKARA ÜNİVERSİTESİ SAĞL UYG A (0061000126) Turkey	In Progress	Reset
O1026096	2026_221131_GÜLHANE EAH_Pazarlık_CC_IM_UR_COAG	Won	Disapproved
O1026096	2026_221131_GÜLHANE EAH_Pazarlık_CC_IM_UR_COAG	Won	Approved
O1027708	TM_Balkan BB_NAT (pool of 6)	Approved	Approved
O1027708	TM_Balkan BB_NAT (pool of 6)	Approved	Disapproved
O1021149	ÜMRAN TM_CC_IM_25012024	Completed	Approved
O1020628	ULUDAĞ ÜNİVERSTESİ_MULTIPLATE_ALTERNATİF 2_2023_1021046	Approved	Approved
O1023898	iNAYET_TOPÇUOĞLU_PRO - 2025-05-01 - 200000 EUR - GÜNEY TIP TIBBİ CİH.KİM.MADD.L (0061000029) Turkey	Approved	Approved
O1017157	KAHRAMANMARAŞ İSM_CC_IM_DT_220531	Completed	Approved
O1017157	KAHRAMANMARAŞ İSM_CC_IM_DT_220531	Completed	Reset
O1024328	ALANYA EAH_HPV PROJE ALIMI_03062025	Approved	Approved
O1021668	SAKARYA HALK SAĞLIĞI_SWA_2024_473119	Approved	Approved
O1020883	STAR MEDICA_CC_IM_13122023	Completed	Approved
O1018499	ÖZEL MEDİCANA HST - 2022-12-31 - 3500000 - TRY - İLMED İLAÇ ve MEDİKAL ÖZEL  LA (0061000027) - Turkey	Approved	Approved
O1018499	ÖZEL MEDİCANA HST - 2022-12-31 - 3500000 - TRY - İLMED İLAÇ ve MEDİKAL ÖZEL  LA (0061000027) - Turkey	Approved	Disapproved
O1027179	Clone of 2026_719099 BALIKESİR İSM_ID	Approved	Approved
O1018553	ÖZEL ŞİFA HST. - 2022-12-31 - 1000000 - TRY - İLMED İLAÇ ve MEDİKAL ÖZEL  LA (0061000027) - Turkey	Won	Approved
O1019462	SAKARYA EAH_PCT_DT_17042023	Won	Approved
O1025967	TEKİRDAĞ PPP - 2026-03-31 - 14000000 TRY - ÖZGÜN KİMYEVİ MADDE TIBBİ MALZ (0061000040) Turkey	Approved	Approved
O1021691	İSTANBUL ÜNİVERSİTESİ ÇAPA_RTD_HC_2024_504559	Won	Cancelled
O1021691	İSTANBUL ÜNİVERSİTESİ ÇAPA_RTD_HC_2024_504559	Won	Approved
O1022164	MEu HBV RNA DT - 2024-07-31 - 1000000 TRY - MERSİN ÜNİVERSİTESİ REKTÖRLÜĞÜ (0061004230) Turkey	Approved	Approved
O1020845	ÇİĞLİ EAH_RTD_IHC_2023_1382922	Completed	Approved
O1026325	Akdeniz Üniv Cortisol - 2026-04-30 - 3000 EUR - ÖZGÜN KİMYEVİ MADDE TIB. MAL.S (0061005421) Turkey	Won	Approved
O1026547	2026_304545 DİYARBAKIR İSM_IM_DC_Cihaz satış	Approved	Approved
O1026547	2026_304545 DİYARBAKIR İSM_IM_DC_Cihaz satış	Approved	Cancelled
O1027473	2026_1335160_İ.Ü. CERRAHPAŞA_ ELİPS 2026 LC PRO INST	Approved	Approved
O1025260	MERSİN İSM_İLÇELER_CC_2025_1595701	Approved	Approved
O1019588	Clone of BEHÇET UZ ÇOCUK HASTANESİ_CC_IM_PAZARLIK_2023_364454	Won	Approved
O1022777	EGELAB_CC_IM_24102024	Completed	Approved
O1022777	EGELAB_CC_IM_24102024	Completed	Reset
O1022777	EGELAB_CC_IM_24102024	Completed	Cancelled
O1022777	EGELAB_CC_IM_24102024	Completed	Disapproved
O1021311	DT HPV Alımı - 2024-03-25 - 1320000 - TRY - TURGUT ÖZAL TIP MERKEZİ UYG. V (0061003658) - Turkey	Completed	Approved
O1021610	BATMAN İSM_İHK_ANTİKOR_2024_345172	Approved	Approved
O1017870	ULUDAĞ ÜNİVERSİTESİ_RTD_2022_944983	Won	Approved
O1017185	Eskişehir PPP İHK KİRA	Won	Approved
O1023440	İZMİR ATATÜRK EAH_RTD_IHC_PAZARLIK_2025_54448	In Progress	Disapproved
O1020317	Clone of FLORENCE NIGHTINGALE - 2023-12-05 - 1800000 - EUR - ÖZGÜN KİMYEVİ MADDE TIBBİ MALZ (0061000040) - Turkey	Approved	Approved
O1027758	432_2026_SP IM_KKTC SAĞLIK BAKANLIĞI	Approved	Approved
O1022807	ROYAL HASTANELERİ_ALTERNATİF 2_PRO PURE_05112024	Approved	Approved
O1027664	2026_1401297_SWA_HATAY İSM_CİHAZ SATIŞ	Approved	Approved
O1023095	Medline Glukometre - 2024-12-25 - 50000 EUR - DETAY LAB. CİH. SAN. VE TİC. A (0061000026) Turkey	Approved	Approved
O1019616	DERİNCE DH_RTD_IHC_05052023	Won	Approved
O1017865	DÜZEN LABORATUVARI_RMD_CT_NG PROJESİ_22092022	In Progress	Started
O1017865	DÜZEN LABORATUVARI_RMD_CT_NG PROJESİ_22092022	In Progress	Disapproved
O1019843	YDA -  KONYA PPP_SATIŞ MODELİ_EURO	Won	Approved
O1019843	YDA -  KONYA PPP_SATIŞ MODELİ_EURO	Won	Cancelled
O1023137	DATA LABORATUVARI_IM_22122024	Approved	Approved
O1023137	DATA LABORATUVARI_IM_22122024	Approved	Reset
O1018070	ELAZIĞ HSM_UR_2022_1000389	Approved	Approved
O1026463	2026_401153_DR.ALİ KEMAL BELVİRANLI_CC	Approved	Approved
O1026398	2026_420662_ANTALYA EAH_IHC	Won	Disapproved
O1026398	2026_420662_ANTALYA EAH_IHC	Won	Approved
O1024460	Clone of KIRKLARELİ İSM_2.KISIM_IM_ID_2025_588139	In Progress	Initial
O1021728	DENİZLİ HS_SWA_2024_480437	Completed	Approved
O1026026	Daviva Hosp. - 2026-03-24 - 150000 EUR - ALGEN TIBBİ ÜRÜNLER VE SAĞLIK  (0061000032) Turkey	Approved	Approved
O1026026	Daviva Hosp. - 2026-03-24 - 150000 EUR - ALGEN TIBBİ ÜRÜNLER VE SAĞLIK  (0061000032) Turkey	Approved	Disapproved
O1019850	TRAKYA ÜNİVERSİTESİ_RMD_MTBC,HIV RNA_DT_13062023	Approved	Approved
O1022380	ANTALYA İSM_PROTEİN_2024_974670	Approved	Approved
O1023994	MAY TOHUM_CİHAZSIZ_REV3_07042025	Won	Approved
O1021883	Clone of ERBAYRAKTAR_CC_IM_17052024	Completed	Approved
O1023921	ANTALYA İSM_3.KISIM_RTD ONKOLOJİ_2025_303978	Approved	Approved
O1023786	MMT AMERİKAN HASTANESİ_SWA_10032025	Approved	Approved
O1026426	2026_418897_IĞDIR DH_Pazarlık_IM	Won	Approved
O1024735	Clone of Clone of Clone of KOÇ ÜNİVERSİTESİ HASTANESİ_SWA_10062025	Won	Reset
O1024735	Clone of Clone of Clone of KOÇ ÜNİVERSİTESİ HASTANESİ_SWA_10062025	Won	Approved
O1027568	Çukurova DT 231372 - 2026-09-29 - 20000 EUR - DETAY LAB. CİH. SAN. VE TİC. A (0061000026) Turkey	Won	Approved
O1025998	Clone of İSLAB 2 MOLEKÜLER - 2026-02-04 - 150000 EUR - INVITROLAB SAĞL.TIBBI MALZ.ÜRT (0061000542) Turkey	Won	Approved
O1027653	ERK DIAGNOSTIK P1-GÖKDENZ - 2026-09-28 - 500000 TRY - ERK DIAGNOSTIK OZEL SAGLIK HIZ (0061006093) Turkey	Approved	Approved
O1018898	İZMİT SEKA DH_RTD_DT_31012023	Won	Approved
O1021402	A LIFE HOSP. SWA - 2024-05-31 - 500000 - EUR - NEMESİS TIBBİ LAB.MED.ELEK. İN (0061005250) - Turkey	Approved	Approved
O1027762	KOCAELİ ÜNİVERSİTESİ_CİHAZ SATIŞ_01092026	Approved	Approved
O1027762	KOCAELİ ÜNİVERSİTESİ_CİHAZ SATIŞ_01092026	Approved	Cancelled
O1027762	KOCAELİ ÜNİVERSİTESİ_CİHAZ SATIŞ_01092026	Approved	Disapproved
O1020997	AFYONKARAHİSAR ÜNİVERSİTESİ_CC TESTLERİ_27122023	Won	Approved
O1019307	CENTRO_PREANALİTİK BAKIM EURO_22032023	Completed	Approved
O1021847	Mut DH CC PAZARLIK - 2024-05-30 - 90000 EUR - DETAY LAB. CİH. SAN. VE TİC. A (0061000026) Turkey	Approved	Approved
O1022367	RİZE HS_CC_IM_2024_997848	Won	Approved
O1019148	KAZAN DH_CC_2023_151982	Approved	Approved
O1023720	Clone of E-LAB BODRUM_CİHAZ KİRA_30012025	Won	Approved
O1024886	Clone of Antalya Zirai K. 6500 - 2025-09-25 - 10000 TRY - LETGEN BİYOTEKNOLOJİ LABORATUV (0061005075) Turkey	Won	Approved
O1020598	SULTANBEYLİ CERRAHİ TM_CC_IM_26102023	Completed	Approved
O1018987	DÜZCE ÜNİVERSİTESİ_RTD_IHK_DT_13022023	Won	Approved
O1018676	BAP ALIMI_RTD_03012023	Approved	Approved
O1021067	100.Yıl Hastanesi IM - 2024-03-31 - 200000 - EUR - NEMESİS TIBBİ LAB.MED.ELEK. İN (0061005250) - Turkey	Completed	Approved
O1026351	Clone of DÜZEN LABORATUVARLARI_UR_2026	Won	Approved
O1025020	LABMED ÖZEL KURUMLAR_CC_IM_ID_REV 2_16.09.2025	Won	Approved
O1025020	LABMED ÖZEL KURUMLAR_CC_IM_ID_REV 2_16.09.2025	Won	Cancelled
O1017966	DİYARBAKIR İSM_2022_1041466	Won	Approved
O1020771	MUĞLA EAH_RTD_IHC_2023_1222820	In Progress	Disapproved
O1020771	MUĞLA EAH_RTD_IHC_2023_1222820	In Progress	Cancelled
O1020771	MUĞLA EAH_RTD_IHC_2023_1222820	In Progress	Cancelled
O1020771	MUĞLA EAH_RTD_IHC_2023_1222820	In Progress	Cancelled
O1020771	MUĞLA EAH_RTD_IHC_2023_1222820	In Progress	Cancelled
O1021169	ÖZEL HOSPİTALPARK - 2024-02-29 - 234000 - EUR - İLMED İLAÇ ve MEDİKAL ÖZEL  LA (0061000027) - Turkey	Completed	Approved
O1024921	AYDIN İSM_BGAS_B GRUBU NAZİLLİ DH_2025_1220634	Approved	Approved
O1025146	Navifay Lisans Anlaşması - 2025-10-31 - 8400 EUR - EPİFARMA LABORATUVAR ÜRÜNLERİ LTD.ŞTİ	Won	Reset
O1025146	Navifay Lisans Anlaşması - 2025-10-31 - 8400 EUR - EPİFARMA LABORATUVAR ÜRÜNLERİ LTD.ŞTİ	Won	Approved
O1021814	Clone of ACIBADEM HASTANELERİ_SWA PURE_19032024	Completed	Approved
O1025590	Bursa & Basaksehir PPP GLUKOMETRE PULSE - 2025-12-31 - 1500000 EUR - DİACORE DİAGNOSTİK SİSTEMLER A (0061006157) Turkey	Cancelled	Approved
O1025590	Bursa & Basaksehir PPP GLUKOMETRE PULSE - 2025-12-31 - 1500000 EUR - DİACORE DİAGNOSTİK SİSTEMLER A (0061006157) Turkey	Cancelled	Cancelled
O1019803	AFYONKARAHİSAR İSM_6.KISIM_IM_ID_2023_805317	Completed	Disapproved
O1019803	AFYONKARAHİSAR İSM_6.KISIM_IM_ID_2023_805317	Completed	Cancelled
O1019803	AFYONKARAHİSAR İSM_6.KISIM_IM_ID_2023_805317	Completed	Approved
O1019803	AFYONKARAHİSAR İSM_6.KISIM_IM_ID_2023_805317	Completed	Reset
O1017093	BÜLENT ECEVİT ÜNİVERSİTESİ_RTD_DT_25052022	Completed	Approved
O1020922	AKBANK_CC_IM_ALTERNATİF 2_cobas Pure_13122023	Approved	Approved
O1017059	ADNAN MENDERES ÜNİVERSİTESİ_UR_2022_343342	Approved	Approved
O1024198	KSÜ_ID_DT - 2025-06-01 - 3500000 TRY - KAHRAMANMARAŞ SÜTÇÜ İMAM ÜNİV  (0061003755) Turkey	Won	Approved
O1019729	BİOGEN_BİLKENT_PCT_EURO	Approved	Approved
O1019729	BİOGEN_BİLKENT_PCT_EURO	Approved	Disapproved
O1025068	Clone of K.T.Ü_ID_DT_CPS_RMD_25DT1563091&25DT1564088	Won	Approved
O1025068	Clone of K.T.Ü_ID_DT_CPS_RMD_25DT1563091&25DT1564088	Won	Disapproved
O1027770	Clone of 2026_8 DIACORE ADBASKENT - 2026-09-30 - 50000 EUR - DİACORE DİAGNOSTİK SİSTEMLER A (0061006157) Turkey	Approved	Approved
O1023460	KTÜ_KARDİYAK_PAZARLIK_2025_72497	Completed	Approved
O1023460	KTÜ_KARDİYAK_PAZARLIK_2025_72497	Completed	Disapproved
O1023460	KTÜ_KARDİYAK_PAZARLIK_2025_72497	Completed	Disapproved
O1025946	Dünya Göz Hastaneleri - 2026-02-25 - 10000 EUR - PAY MEDİKAL TIBBİ ÜRÜNLER LTD. (0061005204) Turkey	Cancelled	Approved
O1026145	OKMEYDANI EAH_FITC_DT_18022026	Won	Approved
O1019190	DİYARBAKIR HS_CC_IM_2023_225890	Approved	Approved
O1019190	DİYARBAKIR HS_CC_IM_2023_225890	Approved	Cancelled
O1024106	Özel BWR SWA - 2025-05-30 - 140000 EUR - DİYAR-MED SAĞLIK ÜRÜNLERİ SAN. (0061000054) Turkey	Won	Approved
O1021626	Güven. CC+IM+ID - 2024-05-31 - 300000 - EUR - DETAY LAB. CİH. SAN. VE TİC. A (0061000026) - Turkey	Completed	Reset
O1021626	Güven. CC+IM+ID - 2024-05-31 - 300000 - EUR - DETAY LAB. CİH. SAN. VE TİC. A (0061000026) - Turkey	Completed	Reset
O1021626	Güven. CC+IM+ID - 2024-05-31 - 300000 - EUR - DETAY LAB. CİH. SAN. VE TİC. A (0061000026) - Turkey	Completed	Approved
O1016905	Atatürk Ünv. BAP_0004957 - 2022-04-29 - 0 - TRY - ÖZGÜL EĞİTİM SAĞLIK HİZ. MED.  (0061000500) - Turkey	Won	Approved
O1027974	SELÇUK ÜNİVERSİTESİ_IM_DT_25092026	Approved	Approved
O1017055	HAESKİ EAH_RTD_MEDİKAL DEĞER ANTİKOR_13052022	Won	Approved
O1026671	DİACORE BAŞAKŞEHİR PPP E801KİRA - 2026-04-30	Approved	Approved
O1026671	DİACORE BAŞAKŞEHİR PPP E801KİRA - 2026-04-30	Approved	Disapproved
O1020475	ISPARTA PPP İHK EURO - 2023-11-30 - 340000 - EUR - ÖZGÜN KİMYEVİ MADDE TIBBİ MALZ (0061000040) - Turkey	Approved	Approved
O1019861	BUCA EAH._CC_IM_2023_533530	Won	Approved
O1021828	Giresun HSL Pazarlık - 2024-06-03 - 190000 EUR - İLMED İLAÇ ve MEDİKAL ÖZEL  LA (0061000027) Turkey	Won	Approved
O1020797	HACETTEPE ÜNİVERSİTESİ_AMH_2023_1260069	Completed	Approved
O1020797	HACETTEPE ÜNİVERSİTESİ_AMH_2023_1260069	Completed	Cancelled
O1024799	BULENT E P16 - 2025-09-30 - 1200000 TRY - BÜLENT ECEVİT ÜNİV. UYGULAMA V (0061000208) Turkey	Won	Approved
O1020197	AKDENİZ ÜNİVERSİTESİ_TORCH_2023_779626	Approved	Approved
O1026329	SELÇUK_IM_DT 2_10032026	Approved	Approved
O1018303	BİRİNCİ HASTANESİ_CİHAZ KİRA_15112022	Approved	Approved
O1016938	COA_ ÖZEL LİV_2022 - 2022-05-31 - 450000 - TRY - SAMSUN LIV HOSPITAL (0061004528) - Turkey	Approved	Approved
O1023782	İSTANBUL İSM_FATİH KHB_IHC_2025_233731	Won	Approved
O1024251	Clone of Clone of İSLAB-2 E801 KİRA ANLAŞMASI_REV3_20052025	Approved	Approved
O1017722	Clone of EGEPOL HASTANESİ (NASMED)_CC_IM_ID_02092022	Won	Approved
O1021732	GURLİFE_SWA_07052024	Approved	Approved
O1017223	DOKUZ EYLÜL ÜNİVERSİTESİ_RTD_HEMATOLOJİ_2022_528998	Won	Approved
O1025255	Patoloji lab - 2026-01-21 - 100000 EUR - AHENK SAĞLIK EĞİTİM DAN.HİZM.  (0061005112) Turkey	Approved	Approved
O1027786	2026_1522690_ANKARA EAH_UR	Approved	Approved
O1021612	LEVENT HASTANESİ_CC_IM_18042024	Approved	Approved
O1027300	AVRASYA HASTANELERİ_ARAS MEDİKAL_SWA_01072026	Approved	Approved
O1027872	2026_1522690_ANKARA EAH_CC_IM_COAG_DC	Approved	Approved
O1019845	SUAT SEREN HASTANESİ_RTD_IHC_DT_13062023	Won	Approved
O1026358	Clone of MEMORIAL_IHK_04032026	Approved	Cancelled
O1026358	Clone of MEMORIAL_IHK_04032026	Approved	Reset
O1026358	Clone of MEMORIAL_IHK_04032026	Approved	Reset
O1026358	Clone of MEMORIAL_IHK_04032026	Approved	Approved
O1026358	Clone of MEMORIAL_IHK_04032026	Approved	Reset
O1018264	ISPARTA PPP IHK - 2022-12-31 - 1200000 - TRY - ÖZGÜN KİMYEVİ MADDE TIBBİ MALZ (0061000040) - Turkey	In Progress	Started
O1020699	Clone of AFYON SAĞLIK BİLİMLERİ ÜNİVERSİTESİ_IGE_23102023	Completed	Approved
O1017173	DÜZEL LABORATUVARI_BGAS_02062022	Completed	Approved
O1027685	2026_1412344 ŞANLIURFA İSM_İLÇELER_CC_IM	Approved	Approved
O1026977	2026_724570_4.KISIM_COAG_MERSİN İSM İLÇELER	Approved	Approved
O1018014	ADANA İSM_CC_IM_2022_928721	Approved	Approved
O1018014	ADANA İSM_CC_IM_2022_928721	Approved	Cancelled
O1020803	AZ_LS_Eurolab_Out_24 - 2024-08-30 - 319000 - EUR - Labservis Ltd. (0061000004) - Azerbaijan	Won	Approved
O1020402	Çankaya Hast. CC_IM - 2023-12-31 - 240000 - EUR - ÇANKAYA HAST. (0061000584) - Turkey	Completed	Approved
O1020402	Çankaya Hast. CC_IM - 2023-12-31 - 240000 - EUR - ÇANKAYA HAST. (0061000584) - Turkey	Completed	Reset
O1023920	ANTALYA İSM_2.KISIM_IHC_2025_303978	Approved	Approved
O1027663	2026_1418685_1.KISIM_ACİL KARDİYAK_ANTALYA İSM_DC	Approved	Approved
O1026430	Clone of 2026_211070 ANTALYA EAH_GENETİK	Won	Approved
O1017064	GAZİPAŞA DH_IM_ID_2022_484845	Won	Approved
O1018123	EGE ÜNİVERSİTESİ_GENETİK_NGS_2022_964067	Approved	Approved
O1022260	GİRESUN İSM_SWA_COAG_2024_1085734	Cancelled	Cancelled
O1022260	GİRESUN İSM_SWA_COAG_2024_1085734	Cancelled	Approved
O1022260	GİRESUN İSM_SWA_COAG_2024_1085734	Cancelled	Disapproved
O1022260	GİRESUN İSM_SWA_COAG_2024_1085734	Cancelled	Disapproved
O1022260	GİRESUN İSM_SWA_COAG_2024_1085734	Cancelled	Disapproved
O1022260	GİRESUN İSM_SWA_COAG_2024_1085734	Cancelled	Disapproved
O1026789	2026_662121_3.KISIM_İSLAB_3_SWA_V2	In Progress	Cancelled
O1021183	GİRESUN İSM GLU - 2024-01-31 - 500000 - TRY - TC SAĞLIK BAKANLIĞI GİRESUN E. (0061005588) - Turkey	Approved	Approved
O1020665	YAŞAM LAB_SWA_2024	Completed	Approved
O1025223	TUNCELİ İSM_BG_2025_1330659	Approved	Approved
O1024264	KONYA NUMUNE HASTANESİ_UR_2025_694492	Approved	Disapproved
O1024264	KONYA NUMUNE HASTANESİ_UR_2025_694492	Approved	Approved
O1021348	YÜREĞİR DEVLET HASTANES_İHK_2024_103788	Approved	Approved
O1027733	MEMORIAL GRUP_SWA_GLUCOMETRE_V3_26022026	Approved	Approved
O1018770	DR. YAMAN TIP MERKEZİ_CC_10012023	Completed	Approved
O1018397	BALIKEİSR İSM_MERKEZ IM_2022_1158775	Approved	Approved
O1027835	2026_1527836_CC_IM_NECMETTİN ERBAKAN ÜNİVERSİTESİ_DC	Approved	Approved
O1024492	ÇANAKKALE HSL _AUTO UR_2025_886102	Approved	Approved
O1024492	ÇANAKKALE HSL _AUTO UR_2025_886102	Approved	Disapproved
O1018084	GÜLHANE EAH_CC_IM_UR_COAG_2022_1004854	Won	Disapproved
O1018084	GÜLHANE EAH_CC_IM_UR_COAG_2022_1004854	Won	Disapproved
O1018084	GÜLHANE EAH_CC_IM_UR_COAG_2022_1004854	Won	Reset
O1018084	GÜLHANE EAH_CC_IM_UR_COAG_2022_1004854	Won	Approved
O1027037	<KZ>_<Karasay RH_cPro>_<2026>	Won	Disapproved
O1027037	<KZ>_<Karasay RH_cPro>_<2026>	Won	Approved
O1018981	İZMİR İSM._8.GRUP_ID_2023_87106	Approved	Cancelled
O1018981	İZMİR İSM._8.GRUP_ID_2023_87106	Approved	Approved
O1022330	1 Yıllık Güncel Bursa PPP Roche ürünleri  - 2024-06-30 - 46250000 TRY - RÖNESANS İŞLETME HİZMETLERİ DA (0061005230) Turkey	In Progress	Started
O1019208	AKSARAY ÜNİVERSİTESİ_RTD HPV_DT_09032023	Won	Approved
O1023512	Clone of EGE ÜNİVERSİTESİ_CC_IM_PRE_POST_2024_1205260	Completed	Approved
O1019621	ERCİYES ÜNİVERSİTESİ_RTD_DT_10052023	Won	Approved
O1024196	KOCAELİ İSM_IM_ID_V2_2025_434376	Approved	Approved
O1024555	Clone of İSLAB 3 MOLEKÜLER_SARTRON BİYOTEKNOLOJİ_2025_739894	Approved	Approved
O1025334	GOP_SWA_2025_1719990	Approved	Approved
O1023654	FATİH SULTAN MEHMET HASTANESİ_RTD_DT_17022025	Completed	Approved
O1019154	ŞİŞLİ ETHAL HASTANESİ_NAT MPX_ALTERNATİF 3_HAVUZLU ELEMANSIZ_03032023	In Progress	Cancelled
O1019154	ŞİŞLİ ETHAL HASTANESİ_NAT MPX_ALTERNATİF 3_HAVUZLU ELEMANSIZ_03032023	In Progress	Disapproved
O1020083	EGELAB_CC_IM - 2023-10-31 - 1350000 - EUR - NUKLEUS SAĞLIK ÜRÜNLERİ TANI H (0061000175) - Turkey	Approved	Approved
O1020752	KUZEY KHB IHK - 2023-1081488	Approved	Disapproved
O1020752	KUZEY KHB IHK - 2023-1081488	Approved	Approved
O1017811	DR. SUAT SEREN HASTANESİ_RTD_PDL1_19092022	Won	Approved
O1021413	Clone of AFYONKARAHİSAR İSM_6.KISIM_IM_ID_2023_805317	In Progress	Started
O1025979	ÇORLU LAB. INT400 - 2026-03-01 - 17000 EUR - ALGEN TIBBİ ÜRÜNLER VE SAĞLIK  (0061000032) Turkey	Won	Approved
O1018154	KİLİS_İSM_KOAG_2022_1021895	In Progress	Disapproved
O1025689	TURGUT NOYAN HER-2 200 - 2026-01-22 - 10000000 TRY - BAŞKENT ÜNİVERSİTESİ ADANA (0061000046) Turkey	Won	Approved
O1022681	BALIKESİR ATATÜRK ŞEHİR HASTANESİ_RTD_IHC_DT_1146_08102024	Won	Approved
O1018532	ÇİĞLİ EAH_CC_IM_PAZARLIK_2022_1381903	Won	Approved
O1025442	KARS İSM_CC 3 AY PAZARLIK_2025_1980266	Won	Approved
O1025442	KARS İSM_CC 3 AY PAZARLIK_2025_1980266	Won	Cancelled
O1025442	KARS İSM_CC 3 AY PAZARLIK_2025_1980266	Won	Cancelled
O1020641	Final_ GE_HPV_c6800_2024	Won	Approved
O1027540	2026-1356102_IM_BURDUR İSM_CİHAZ SATIŞ	Approved	Approved
O1027540	2026-1356102_IM_BURDUR İSM_CİHAZ SATIŞ	Approved	Disapproved
O1018292	E-LAB_CC_IM_22112022	Completed	Approved
O1027408	2026_1215678_TEKİRDAĞ İSM_ÇORLU DH_IHK	Approved	Approved
O1021578	KAYA MEDİKAL TOSUN LAB._CC_IM_03042024	Approved	Approved
O1018821	FARK SAĞLIK - 2023-01-31 - 1600000 - TRY - ROCHE DIAGNOSTICS TURKEY A.Ş.  (0061000058) - Turkey	Approved	Approved
O1018266	YALOVA İSM_CC_IM_2022_1219098	Completed	Approved
O1018266	YALOVA İSM_CC_IM_2022_1219098	Completed	Cancelled
O1026955	Clone of AK HAYAT 2026_662121_3.KISIM_İSLAB_3_RMD	Approved	Approved
O1018525	ANKARA ÜNV_Sipesifik Hormon2022_1305920	Completed	Approved
O1018525	ANKARA ÜNV_Sipesifik Hormon2022_1305920	Completed	Reset
O1022282	GAZİ ÜNV_SWA_2024_975416	Completed	Disapproved
O1022282	GAZİ ÜNV_SWA_2024_975416	Completed	Approved
O1024541	KARABÜK EAH_İHK_2025_916733	Approved	Approved
O1017313	Kırıkkale YİH PCT_DT - 2022-12-30 - 0 - TRY - KIRIKKALE YÜKSEK İHTİSAS HASTA (0061000341) - Turkey	Won	Approved
O1026066	afyon dh şubat Dt2  ihc - 2026-02-23 - 259500 TRY - AFYONKARAHİSAR DEVLET HASTANES (0061000284) Turkey	Won	Approved
O1025797	GÖKÇEBEY DH_CC_PAZARLIK_2025_2439913	Won	Approved
O1026063	DİCLE ÜNİ BAP PROJESİ CLA_04022026	Approved	Approved
O1022071	AHENK LABORATUVARI_PREANALİTİK CİHAZI_25062024	Won	Approved
O1017212	VAN İSM_MEDİKAL DEĞER_5.KISIM_2022_469339	Won	Approved
O1024565	BOZOK ÜNİVERSİTESİ_ID_2025_1458687	Approved	Approved
O1022552	Fırat Uni Dt 3634 antikor - 2024-10-07 - 1434000 TRY - FIRAT ÜNİVERSİTESİ HASTANESİ F (0061003864) Turkey	Won	Approved
O1025451	KASTAMONU İSM_CC_IM_2025_1633224	Approved	Disapproved
O1025451	KASTAMONU İSM_CC_IM_2025_1633224	Approved	Approved
O1025451	KASTAMONU İSM_CC_IM_2025_1633224	Approved	Disapproved
O1024138	ERZURUM ATATÜRK ÜNV_BG_2025_580139	Approved	Disapproved
O1024138	ERZURUM ATATÜRK ÜNV_BG_2025_580139	Approved	Approved
O1024138	ERZURUM ATATÜRK ÜNV_BG_2025_580139	Approved	Disapproved
O1027794	MERSİN ÜNİ 87742 DT HER2 - 2026-10-15 - 2500000 TRY - MERSİN ÜNİVERSİTESİ REKTÖRLÜĞÜ (0061004230) Turkey	Won	Approved
O1027356	MEDİPOL IHC_HC_Temmuz 2026	Approved	Approved
O1017513	DT HPV Alımı - 2022-09-05 - 1200000 - TRY - TURGUT ÖZAL TIP MERKEZİ UYG. V (0061003658) - Turkey	Won	Approved
O1023450	ATATÜRK ÜNV_SPESİFİK IM_2024_1897211	In Progress	Disapproved
O1023335	Medikalpoint_Cobas_pulse - 2025-02-01 - 10000 EUR - GÜNEY TIP TIBBİ CİH.KİM.MADD.L (0061000029) Turkey	Approved	Approved
O1020805	KOÇ ÜNİVERSİTESİ_CC_IM_rev_21112023	In Progress	Disapproved
O1020805	KOÇ ÜNİVERSİTESİ_CC_IM_rev_21112023	In Progress	Disapproved
O1024003	ÜMRAN TIP MERKEZİ_CC_IM_11042025	Approved	Approved
O1018903	İZMİT SEKA DH_RTD_PAZARLIK_2023_96315	Won	Approved
O1021825	GAZİ ÜNİVERSİTESİ_RTD_HC_4.KISIM_2024_571410	Approved	Approved
O1020271	Clone of KÜTAHYA PPP_KİRALI MODEL_	Cancelled	Approved
O1022474	GAZİ ÜNİVERSİTESİ_RTD_DT_74982_05092024	Completed	Approved
O1026107	GAZİ ÜNİV_DT_10022026	Won	Approved
O1020787	GÜLHANE EAH_RTD_IHC_IN SITU HİB._2023_1121350	Completed	Approved
O1026431	BALIKESİR EDREMİT D.TEMİN - 2026-04-15 - 25000 EUR - DEVA KİMYA SANAYİ VE TİCARET L (0061000074) Turkey	Won	Approved
O1026431	BALIKESİR EDREMİT D.TEMİN - 2026-04-15 - 25000 EUR - DEVA KİMYA SANAYİ VE TİCARET L (0061000074) Turkey	Won	Cancelled
O1021655	ANTALYA EAH_HC_2024_271015	Completed	Approved
O1024802	SDÜ DİŞ HST_CC_IM_2025_1034343	Approved	Approved
O1024548	Metabio DT - 2025-10-02 - 100 TRY - METABİO YAŞAM BİLİMLERİ DİAG S (0061005841) Turkey	Approved	Approved
O1027919	Clone of AÜ Doğrudan Alım7 -2026.08.31 TRY - ANKARA ÜNİVERSİTESİ SAĞL UYG A (0061000126) Turkey	Won	Approved
O1025284	K.MARAŞ SÜTÇÜ İMAM ÜNİVERSİTESİ_7.KISIM_SPEC. IM_2025_1535884	Won	Approved
O1023043	KOCAELİ GENETİK_02122024	Approved	Approved
O1018704	KİLİS İSM_IM_2022_1021895	Approved	Approved
O1021745	AKSARAY İSM_UR_2024_464991	In Progress	Disapproved
O1018684	KARADENİZ TEKNİK ÜNV_SH_2023_23873	In Progress	Started
O1025561	Clone of Akdeniz Üniv_ID TORCH_2025_1791026	Approved	Approved
O1025444	Clone of İZMİR İSM_HALK SAĞLIĞI_SWA_ID_IM_2025_1629117	Approved	Approved
O1020486	Erzincan EAH PCR_2023_1018668	Approved	Approved
O1025047	ALİ KEMAL BELVİRANLI_BG_2025_1484948	Approved	Approved
O1020715	AMERİKAN HASTANESİ_BGAS_10112023	Won	Approved
O1022629	GAZİ ÜNİVERSİTESİ_RTD_DT_75833_01102024	Won	Approved
O1020204	TRABZON İSM_CC_IM_COG_UR_MS_2023_784196	Approved	Cancelled
O1020204	TRABZON İSM_CC_IM_COG_UR_MS_2023_784196	Approved	Cancelled
O1020204	TRABZON İSM_CC_IM_COG_UR_MS_2023_784196	Approved	Cancelled
O1020204	TRABZON İSM_CC_IM_COG_UR_MS_2023_784196	Approved	Approved
O1020204	TRABZON İSM_CC_IM_COG_UR_MS_2023_784196	Approved	Cancelled
O1020204	TRABZON İSM_CC_IM_COG_UR_MS_2023_784196	Approved	Cancelled
O1018897	BAP ALIMI_RTD_31012023	Completed	Approved
O1021420	SUAT SEREN HASTANESİ_RTD_IHC_DT_07032024	Completed	Approved
O1026551	AHENK LAB._SWA_20022026	Won	Approved
O1026551	AHENK LAB._SWA_20022026	Won	Cancelled
O1023371	ANTALYA iSM_RTD_ONKOLOJİ_3.KISIM_2024_1662794	Approved	Cancelled
O1023371	ANTALYA iSM_RTD_ONKOLOJİ_3.KISIM_2024_1662794	Approved	Cancelled
O1023371	ANTALYA iSM_RTD_ONKOLOJİ_3.KISIM_2024_1662794	Approved	Cancelled
O1023371	ANTALYA iSM_RTD_ONKOLOJİ_3.KISIM_2024_1662794	Approved	Cancelled
O1023371	ANTALYA iSM_RTD_ONKOLOJİ_3.KISIM_2024_1662794	Approved	Approved
O1021880	Clone of Clone of GAZİ ÜNİVERSİTESİ_RTD_DT 16 KALEM_20052024	Completed	Approved
O1023572	ULUDAĞ ÜNVERSİTESİ_RTD_PDL1_DT_04022025	Completed	Approved
O1026735	2026_6 DIACORE ANKBASKENT - 2026-06-30 - 252000 EUR - DİACORE DİAGNOSTİK SİSTEMLER A (0061006157) Turkey	Approved	Reset
O1019667	ANTALYA MEDİKAL PARK_CC_IM_12052023	Approved	Approved
O1023781	İSTANBUL İSM_FATİH KHB_2.KISIM_HC_2025_233731	Won	Approved
O1023816	Clone of Bayınıdır SWA	Approved	Approved
O1023816	Clone of Bayınıdır SWA	Approved	Disapproved
O1023816	Clone of Bayınıdır SWA	Approved	Disapproved
O1019955	SAMSUN İSM MERKEZ_ID_2023_605815	Approved	Approved
O1019955	SAMSUN İSM MERKEZ_ID_2023_605815	Approved	Cancelled
O1019485	İZMİR ATATÜRK EĞİTİM HASTANESİ_RTD_HC_2023_407904	Approved	Approved
O1022760	Clone of Selçuk Uni DT - 2024-10-23 - 18000 EUR - DETAY LAB. CİH. SAN. VE TİC. A (0061000026) Turkey	Won	Approved
O1026595	2026_378249_MULTİPLATE_ULUDAĞ ÜNV	Approved	Approved
O1020965	ÜSKÜDAR DH_RTD_IHK 3 AYLIK DT_21122023	Approved	Approved
O1016986	ACIBADEM RTD_IHK_15052022	Completed	Reset
O1016986	ACIBADEM RTD_IHK_15052022	Completed	Approved
O1026064	VAN EAH RTD_HK DT_04022026	Won	Approved
O1018237	Düzen P612 Sarf - 2022-12-31 - 150000 - TRY - DÜZEN BİYOLOJİK BİLİMLER ARAŞT (0061000024) - Turkey	Won	Approved
O1018639	KKTC_BAKIM KİTİ_28122022	Won	Cancelled
O1018639	KKTC_BAKIM KİTİ_28122022	Won	Approved
O1018639	KKTC_BAKIM KİTİ_28122022	Won	Cancelled
O1017014	KIRIKKALE ÜNİVERSİTESİ_IHC_2022_424107	Completed	Approved
O1024239	ANKARA ÜNV_PAZARLIK_ID_2025_620243	Won	Approved
O1024239	ANKARA ÜNV_PAZARLIK_ID_2025_620243	Won	Disapproved
O1024239	ANKARA ÜNV_PAZARLIK_ID_2025_620243	Won	Disapproved
O1024239	ANKARA ÜNV_PAZARLIK_ID_2025_620243	Won	Disapproved
O1026025	Clone of ETLİK PPP ODS - 2025-03-03 - 13200 EUR - TECHNO HEALTH LAB.DİAGNOSTİK S (0061003872) Turkey	Won	Approved
O1020507	Q_PCR METABİO - 2023-12-31 - 5750 - EUR - MetaBio Yaşam Bilimleri A.Ş. (ACC-0004891471) - Turkey	Completed	Approved
O1019205	ÖZEL SEVGİ HASTANESİ_UR_U411_10032023	Won	Approved
O1022106	GÜRLIFE_SWA_03072024	Approved	Approved
O1023743	Clone of MERSİN ÜNİ DT DAB 16.500 - 2025-02-07 - 41500000 TRY - MERSİN ÜNİVERSİTESİ REKTÖRLÜĞÜ (0061004230) Turkey	Approved	Approved
O1019454	KONYA İSM_İLÇELER_CC_2023_310218	Approved	Approved
O1026904	Gazi Üniv_PTAU217_DT_11052026	Won	Approved
O1026904	Gazi Üniv_PTAU217_DT_11052026	Won	Cancelled
O1027480	ERK DİA - VAN YY ÜNİ BAP - 2026-09-29 - 1000000 TRY - ERK DIAGNOSTIK OZEL SAGLIK HIZ (0061006093) Turkey	Approved	Approved
O1022752	Clone of Düzen Moleküler - 2023-07-31 - 5000000 - TRY - DÜZEN BİYOLOJİK BİLİMLER ARAŞT (0061000024) - Turkey	Won	Disapproved
O1022752	Clone of Düzen Moleküler - 2023-07-31 - 5000000 - TRY - DÜZEN BİYOLOJİK BİLİMLER ARAŞT (0061000024) - Turkey	Won	Disapproved
O1022752	Clone of Düzen Moleküler - 2023-07-31 - 5000000 - TRY - DÜZEN BİYOLOJİK BİLİMLER ARAŞT (0061000024) - Turkey	Won	Approved
O1027211	Multiplate kit-sarf - 2026-08-21 - 10000 EUR - TR-MA Türkiye Sağlık Enstitüle (ACC-0005012051) Turkey	Approved	Approved
O1027211	Multiplate kit-sarf - 2026-08-21 - 10000 EUR - TR-MA Türkiye Sağlık Enstitüle (ACC-0005012051) Turkey	Approved	Cancelled
O1017852	DİCLE ÜNİVERSİTESİ_İFA Paneli_ 2022_897884	Completed	Approved
O1022655	MARDİN İSM_İLÇELER_CC_IM_2024_1113900	Approved	Approved
O1022655	MARDİN İSM_İLÇELER_CC_IM_2024_1113900	Approved	Disapproved
O1026818	2026_662121_MULTIPLATE_İSLAB-2	In Progress	Cancelled
O1018251	İller Bankası CC - 2022-12-31 - 150000 - TRY - ORSİS MED.ELEK. BİLG.VE İLET.S (0061000452) - Turkey	Completed	Approved
O1022384	ANTALYA İSM_12.KISIM_IM 1.GRUP_2024_945797	Approved	Approved
O1022384	ANTALYA İSM_12.KISIM_IM 1.GRUP_2024_945797	Approved	Disapproved
O1023063	Clone of YALOVA İSM_CC_IM_2024_1473049	Approved	Cancelled
O1023063	Clone of YALOVA İSM_CC_IM_2024_1473049	Approved	Approved
O1023063	Clone of YALOVA İSM_CC_IM_2024_1473049	Approved	Cancelled
O1024823	Clone of Clone of BEZMİ ALEM VAKIF ÜNİVERSİTESİ_RTD_07072025	Won	Approved
O1017292	ALANYA DH_RTD_IHC_PAZARLIK_2022_613309	Won	Approved
O1027434	2026_1308268_3.KISIM_ID_BURDUR İSM	Approved	Approved
O1018683	KARADENİZ TEKNİK ÜNV_ CARD_2023_23873	Completed	Approved
O1025502	Clone of DR.SUAT SEREN EAH_ID_2025_1756906	Approved	Approved
O1023733	GİRESUN E801 KİRA - 2025-03-28 - 100000 EUR - İLMED İLAÇ ve MEDİKAL ÖZEL  LA (0061000027) Turkey	Won	Approved
O1026489	Clone of GAZİ ÜNİ_DT_531_11032026	Won	Approved
O1017444	ŞIRNAK_İSM_IM_ID_2022_818066	Completed	Approved
O1023412	ANTALYA EAH_RTD_ONKOLOJİ_1.KISIM_PAZARLIK_2025_39688	Completed	Approved
O1023797	REFERANS LABORATUVARI_CC_IM_10032025	In Progress	Disapproved
O1020422	ETİLER HASTANESİ_CC_02102023	Completed	Approved
O1027307	2026_1081742_1.KISIM_CC_IM_ID_ISPARTA İSM	Approved	Approved
O1022191	EDİRNE İSM_SWA_2024_923508_PAZARLIK	Approved	Approved
O1019898	ETİMESGUT ŞEHİR SAİT ERTÜRK DH_RTD_IHC_2023_475260	Approved	Approved
O1026673	Clone of MEMORIAL MOLEKÜLER - 2026-05-14 - 100000 EUR - ÖZGÜN KİMYEVİ MADDE TIBBİ MALZ (0061000040) Turkey	Approved	Approved
O1024575	AYDIN HALK SAĞLIĞI_SWA_2025_861255	Approved	Cancelled
O1024575	AYDIN HALK SAĞLIĞI_SWA_2025_861255	Approved	Approved
O1020556	İSLAB 4.BÖLGE_CC_IM_ID_BG_RMD_2023_1089656_ÖZGÜN	Completed	Approved
O1020659	Selcuk Uni DT 2 - 2023-11-16 - 300000 - EUR - DETAY LAB. CİH. SAN. VE TİC. A (0061000026) - Turkey	Approved	Approved
O1025317	YÜKSEL TANI_ID_05112025	Approved	Approved
O1019291	VİTAL HASTANESİ_CC_IM_21032023	Won	Approved
O1026820	2026_719873_PCR_BATMAN İSM	Approved	Approved
O1026820	2026_719873_PCR_BATMAN İSM	Approved	Disapproved
O1017702	ÖZEL BANDIRMA ROYAL HASTANESİ_CC_IM_02092022	Approved	Approved
O1017832	test approval	In Progress	Cancelled
O1026954	Clone of AK HAYAT  2026_662121_MOLEKÜLER_İSLAB-4	Approved	Approved
O1018245	AKBANK_CC_IM_07112022	Completed	Approved
O1025315	GÜLHANE EAH_IHK+HK+ISH_KISIM 4_2025_1438091	Approved	Approved
O1025315	GÜLHANE EAH_IHK+HK+ISH_KISIM 4_2025_1438091	Approved	Cancelled
O1025028	ACIBADEM HASTANESİ_MULTIPLATE_Kit&Sarf_22092025	Cancelled	Approved
O1024763	BOZOK ÜNİVERSİTESİ_BG_2025_1116462	Approved	Approved
O1024763	BOZOK ÜNİVERSİTESİ_BG_2025_1116462	Approved	Disapproved
O1022225	Benim yedek Clone of 3 aylık Clone of Updt of BİOGEN-BİLKENTPPP EURO - 2024-06-30 - 780000 EUR - BİOGEN DİAGNOSTİK SİSTEMLER A. (0061004859) Turkey	Cancelled	Initial
O1026354	2026_190999 SÜLEYMAN DEMİREL ÜNV_RMD	Won	Approved
O1016729	MEDİFEMA_SWA_01042022	Approved	Approved
O1017724	DENİZLİ HS_HBA1C_2022_800303	Approved	Approved
O1017724	DENİZLİ HS_HBA1C_2022_800303	Approved	Disapproved
O1025316	NAZİLLİ DH_İHC_2025_1533460	Approved	Approved
O1023356	DÜZCE ÜNİVERSİTESİ_RTD_IHC_2024_1712470	Completed	Approved
O1018426	ÖZEL ÜMİT BATIKENT HASTANESİ_CC_IM_11122022	Approved	Approved
O1017528	ADNAN MENDERES ÜNİVERSİTESİ_RMD_HBV_HCV_DT_05082022	Completed	Approved
O1026290	YaşamLAb SWA - 2026-03-06 - 1200000 EUR - DETAY LAB. CİH. SAN. VE TİC. A (0061000026) Turkey	Approved	Approved
O1020496	KSU_Spesifik_IM_2023_982436	Completed	Approved
O1020496	KSU_Spesifik_IM_2023_982436	Completed	Disapproved
O1025963	Ena Lab CC - 2026.01.20- RR - DETAY LAB. CİH. SAN. VE TİC. A (0061000026) Turkey	In Progress	Disapproved
O1025628	VAN İSM_CC_IM_PAZARLIK_2025_2225610	Won	Approved
O1020484	Özgül BAP - 2023-10-28 - 25965 - EUR - ÖZGÜL EĞİTİM SAĞLIK HİZ. MED.  (0061000500) - Turkey	Completed	Approved
O1027961	Clone of TRAKYA ÜNİV_DT_DAB_22092026	Won	Approved
O1018476	Mardin CİHANPOL_CC_IM_ - 2023-01-20 - 1400000 - TRY - MARDİN KIZILTEPE ÖZEL CİHANPOL (0061003325) - Turkey	Completed	Reset
O1018476	Mardin CİHANPOL_CC_IM_ - 2023-01-20 - 1400000 - TRY - MARDİN KIZILTEPE ÖZEL CİHANPOL (0061003325) - Turkey	Completed	Approved
O1017771	SERİK DH_CC_IM_ID_PAZARLIK_2022_936502	Won	Approved
O1019145	BURGEN GENETİK_RTD_03032023	Completed	Approved
O1027425	2026_1259069_SWA_MERSİN İSM_HALK SAĞLIĞI_CİHAZ SATIŞ	Approved	Approved
O1024899	ÇAPA_RMD_CMV DT_REV2_28082025	Won	Approved
O1025218	Clone of URLA DH_ID_2025_1369981	Approved	Reset
O1025218	Clone of URLA DH_ID_2025_1369981	Approved	Approved
O1023254	BİNGÖL İSM_IM_PAZARLIK_2024_1831043	Completed	Approved
O1024747	SAMSUN İSM_BG_2025_1051365	Approved	Approved
O1025046	KOÇ ÜNİVERSİTESİ_PREANALİTİK_DİJİTAL_02122025	Won	Approved
O1025500	Clone of BOZOK ÜNV_ID_PAZARLIK_2025_1839070	Won	Approved
O1020156	AKADEMİ_SWA_DYRMED - 2023-12-01 - 3000000 - TRY - DİYAR-MED SAĞLIK ÜRÜNLERİ SAN. (0061000054) - Turkey	Completed	Approved
O1022436	BAYBURT HS_CC_IM_2024_955530	Approved	Approved
O1024583	BURSA PPP - Yeni Dönem Anlaşması V2 --ssbtk	In Progress	Disapproved
O1021209	DR. YAMAN TM_CC_30012024	Completed	Cancelled
O1021209	DR. YAMAN TM_CC_30012024	Completed	Approved
O1020093	INTRON _RTD_ COBAS Z480_28072023	Approved	Approved
O1020214	ANTALYA İSM ŞEHİR HASTANESİ_RTD_2.KISIM_HC_2023_823899	Approved	Approved
O1022526	MANİSA İSM_ID_9.KISIM_2024_1096707	Approved	Approved
O1026269	2026_221567_AFYON İSM_IHC	Won	Approved
O1026269	2026_221567_AFYON İSM_IHC	Won	Disapproved
O1017858	Dışkapı İnfinity Kir - 2022-11-30 - 100000 - TRY - DETAY LAB.CİH.SAN VE TİC.AŞ. (0061004573) - Turkey	In Progress	Approved
O1025783	ÖZEL BİYOTIP LAB_SWA - 2026-01-31 - 50000 EUR - DEVA KİMYA SANAYİ VE TİCARET L (0061000074) Turkey	Won	Approved
O1026211	Clone of PAÜ HPV DT 534-538 - 2026-02-23 - 960000 TRY - PAMUKKALE ÜNİVERSİTESİ (0061000235) Turkey	Won	Approved
O1018326	UŞAK EAH_RTD_IHC_2022_1140589	Approved	Approved
O1026308	ÖZEL SAMSUN HOSPİTALPARK_13032026	Won	Approved
O1017708	DENİZLİ HS_CC_IM_ID_2022_800303	Approved	Approved
O1021897	BÜLENT ECEVİT ÜNİVERSİTESİ_1.KISIM COAG_2024_697104	Approved	Approved
O1019918	DÜZCE ÜNİVERSİTESİ_RTD MOLECULAR_2023_605762	Completed	Approved
O1017090	EGE ÜNİVERSİTESİ_SEROLOJİ_ID_2022_384882	Approved	Approved
O1020176	GAZİ ÜNİVERSİTESİ_RTD_PAX2_5.KISIM_2023_764923	Approved	Approved
O1024568	İZMİR İSM._15.KISIM_AUTOUR_2025_896673	Approved	Cancelled
O1024568	İZMİR İSM._15.KISIM_AUTOUR_2025_896673	Approved	Approved
O1022988	İZMİR ATATÜRK EAH_RTD_IHC_2024_1392333	Approved	Approved
O1019189	MEDOVA HST_UR_2023	Approved	Approved
O1019495	İZMİR TEPECİK EAH_RTD_IHC_2023_412911	Approved	Approved
O1020982	KIRIKKALE YÜKSEK İHTİSAS_PAZARLIK_IM_ID_2023_1553999	Completed	Approved
O1027691	2026_1611184_İSTANBUL ÜNİV_ÇAPA_PAZARLIK_CERB	Won	Approved
O1020381	İZMİR İSM_7.GRUP_ID_2023_869383	Approved	Approved
O1024047	AZ_Pediatrics_InvestCase_2025	Won	Approved
O1024047	AZ_Pediatrics_InvestCase_2025	Won	Disapproved
O1023828	BİLECİK EAH_RTD_IHC_2025_211577	Approved	Approved
O1024874	AKDENİZ ÜNİVERSİTESİ_CC_IM_PRE_POST ANALİTİK_2025_1223724	Approved	Cancelled
O1024874	AKDENİZ ÜNİVERSİTESİ_CC_IM_PRE_POST ANALİTİK_2025_1223724	Approved	Approved
O1024874	AKDENİZ ÜNİVERSİTESİ_CC_IM_PRE_POST ANALİTİK_2025_1223724	Approved	Disapproved
O1019502	ÇİĞLİ EAH_RTD_IHC_PAZARLIK_2023_415994	Won	Approved
O1018482	GAZİ ÜNİVERSİTESİ_RTD_DT_1_08122022	Won	Approved
O1026128	Clone of MERSİN MİKROBİYOLOJİ DT_03022026	Won	Approved
O1023174	İZMİR TEPECİK EAH_KUZEY İSM_IHC_2024_1538707	Approved	Approved
O1018187	ESKİŞEHİR YUNUS EMRE DH_ID_TORCH_2022_1119993	Won	Cancelled
O1018187	ESKİŞEHİR YUNUS EMRE DH_ID_TORCH_2022_1119993	Won	Approved
O1023988	LETGEN_2025 ANLŞAMA_07042025	Won	Cancelled
O1023988	LETGEN_2025 ANLŞAMA_07042025	Won	Approved
O1023988	LETGEN_2025 ANLŞAMA_07042025	Won	Cancelled
O1023988	LETGEN_2025 ANLŞAMA_07042025	Won	Cancelled
O1025503	ESKİŞEHİR OSMANGAZİ ÜNV_DT Spes_CC+IM_20112025	Won	Approved
O1021038	GURLİFE_SWA_10012024	In Progress	Cancelled
O1024346	<KZ><Open Health Care><Final + Optional products><2025>	In Progress	Cancelled
O1024346	<KZ><Open Health Care><Final + Optional products><2025>	In Progress	Disapproved
O1026679	MALTEPE ÜNİVERSİTESİ_SWA_17042025	Approved	Approved
O1024731	Clone of A Life SWA - 2025-08-31 - 500000 EUR - ORSİS MED.ELEK. BİLG.VE İLET.S (0061000452) Turkey	Approved	Approved
O1018599	ESKİŞEHİR ÖZEL ANADOLU HASTANESİ_CC_IM_26122022	Approved	Approved
O1019995	BOLU İSM_SWA_3. KISIM_2023_597102	Approved	Approved
O1023474	Medline SWA - 2025-01-31 - 100000 EUR - DETAY LAB. CİH. SAN. VE TİC. A (0061000026) Turkey	Approved	Cancelled
O1023474	Medline SWA - 2025-01-31 - 100000 EUR - DETAY LAB. CİH. SAN. VE TİC. A (0061000026) Turkey	Approved	Approved
O1017464	CENTERMED_CC_26072022	Approved	Approved
O1022493	GÖRELE DEVLET_CC-IM_PAZARLIK_2024_1182360	Completed	Approved
O1022563	Cumhurbaşkalığı Tropınin T-NT-ProBNP - 2024-11-30 - 30000 TRY - T.C. CUMHURBAŞKANLIĞI MİLLİ İS (0061000344) Turkey	Won	Approved
O1025771	Gentan  2026-27 KAPA - 2026-01-26 - 1500000 TRY - GENTAN ÖZEL SAĞLIK HİZMETLERİ  (0061005485) Turkey	Approved	Approved
O1017121	NESİLLER_SEQ_CGP_300 TEST_26052022	Won	Approved
O1022591	KORU_SWA - 2025-12-31 - 1400000 EUR - KORU HAST MER LAB (0061003476) Turkey	Approved	Cancelled
O1022591	KORU_SWA - 2025-12-31 - 1400000 EUR - KORU HAST MER LAB (0061003476) Turkey	Approved	Approved
O1022591	KORU_SWA - 2025-12-31 - 1400000 EUR - KORU HAST MER LAB (0061003476) Turkey	Approved	Cancelled
O1022591	KORU_SWA - 2025-12-31 - 1400000 EUR - KORU HAST MER LAB (0061003476) Turkey	Approved	Reset
O1020692	BLU KLİNİK_CC_IM_ID_14112023	Completed	Approved
O1020692	BLU KLİNİK_CC_IM_ID_14112023	Completed	Disapproved
O1020692	BLU KLİNİK_CC_IM_ID_14112023	Completed	Cancelled
O1017712	AMERİKAN GRUBU_GLUCOMETRE_02092022	In Progress	Disapproved
O1017712	AMERİKAN GRUBU_GLUCOMETRE_02092022	In Progress	Disapproved
O1018719	DERİNDERE HASTANESİ_CİHAZ KİRA ANLAŞMASI_06012023	Approved	Approved
O1017273	İSTANBUL ÜNİVERSİTESİ ÇAPA_RTD_ANTİKOR_ROS1_2022_489827	Won	Approved
O1018887	Clone of EREN HASTANESİ_CC_IM_25012023	Approved	Approved
O1016861	ANTALYA İSM_RMD_PCR_MİKROBİYOLOJİ_2022_246214	Approved	Approved
O1020185	SELÇUK ÜNİVERSİTESİ_ID_2023_770212	Approved	Disapproved
O1020185	SELÇUK ÜNİVERSİTESİ_ID_2023_770212	Approved	Approved
O1018258	IHK 2021-2022 - 2022-12-30 - 2250000 - TRY - ASM GEBZE (0061000564) - Turkey	In Progress	Approved
O1027103	Clone of  <KZ>_<HPV_SCREENING_SCENARIO 3 ed>_<2026>	Approved	Disapproved
O1027103	Clone of  <KZ>_<HPV_SCREENING_SCENARIO 3 ed>_<2026>	Approved	Cancelled
O1027103	Clone of  <KZ>_<HPV_SCREENING_SCENARIO 3 ed>_<2026>	Approved	Approved
O1024761	SİVAS İSM_CC_IM_24 AY_2025_1027222	Approved	Approved
O1027061	Letgen LC96 - 2026-07-13 - 264000 EUR - LETGEN BİYOTEKNOLOJİ LABORATUV (0061005075) Turkey	Won	Approved
O1022086	Bursa PPP Roche ürünleri - 3 Aylık TL - 2024-06-30 - 46250000 TRY - RÖNESANS İŞLETME HİZMETLERİ DA (0061005230) Turkey	Approved	Approved
O1019280	CENTRO_PRENALİTİK SARF MALZEMELERİ_22032023	In Progress	Started
O1016819	KTÜ_ID_2022_387495 - 4000000 - TRY - KARADENİZ TEKNİK ÜNV. SAĞ. UYG (0061000375) - Turkey	Approved	Approved
O1016932	İSLAB 3 _ C702 KİRASI_20042022	Approved	Approved
O1018308	ÖZEL KONAK HASTANESİ_CC_IM_23112022	Lost	Approved
O1018308	ÖZEL KONAK HASTANESİ_CC_IM_23112022	Lost	Disapproved
O1027666	İSTANBUL HOSPITAL_CC_IM_V1_303_E411_31082026	Approved	Approved
O1018020	KONYA NECMETTİN ERBAKAN ÜNİVERSİTESİ_SEQ_GENETİK_2022_945743	Completed	Approved
O1018020	KONYA NECMETTİN ERBAKAN ÜNİVERSİTESİ_SEQ_GENETİK_2022_945743	Completed	Cancelled
O1018020	KONYA NECMETTİN ERBAKAN ÜNİVERSİTESİ_SEQ_GENETİK_2022_945743	Completed	Disapproved
O1018484	GÜVEN DT - 2023-02-23 - 12400 - TRY - DİAFARMA ECZA DEPOSU VE MEDİKA (0061005218) - Turkey	Won	Approved
O1022705	BİNGÖL İSM_IM_ID_2024_1216684	Won	Approved
O1027753	2026_1626364 ÇOMÜ_SWA PAZARLIK	Won	Approved
O1026386	ISPARTA SÜLEYMAN DEMİREL ÜNİ_CC_DC_2026_190999	Won	Approved
O1018422	Clone of IHK DT DIŞKAPI - 2023-02-02 - 300000 - TRY - S.B.DIŞKAPI YILDIRIM BEYAZIT E (0061000157) - Turkey	Completed	Approved
O1023148	AYDIN ADNAN MENDERES ÜNİVERSİTESİ_SWA_COAG_BGAS_2024_1529120	Approved	Approved
O1023148	AYDIN ADNAN MENDERES ÜNİVERSİTESİ_SWA_COAG_BGAS_2024_1529120	Approved	Disapproved
O1018730	EGE ÜNİVERSİTESİ_NAT_DT_06012023	Approved	Approved
O1018391	Niğde Hayat Hast SWA - 2023-01-01 - 1100000 - TRY - DETAY LAB. CİH. SAN. VE TİC. A (0061000026) - Turkey	Won	Approved
O1027044	NAVIFY CORE LICENCE_OLYMP	Won	Reset
O1027044	NAVIFY CORE LICENCE_OLYMP	Won	Disapproved
O1027044	NAVIFY CORE LICENCE_OLYMP	Won	Approved
O1017230	ANKARA ÜNV_ID_PAZARLIK_2022_592586	Won	Disapproved
O1017230	ANKARA ÜNV_ID_PAZARLIK_2022_592586	Won	Approved
O1027637	Clone of 2023_605815_SAMSUN İSM_IM_KİRA_e411	Won	Approved
O1027920	SÜTÇÜ İMAM ÜNİ 4152 DT - 2026-11-05 - 3000000 TRY - KAHRAMANMARAŞ SÜTÇÜ İMAM ÜNİV  (0061003755) Turkey	Approved	Approved
O1027235	2026_1037117_3.KISIM_COAG_AKSARAY İSM	Approved	Approved
O1017500	BALIKESİR BÜYÜKŞEHİR BELEDİYESİ_CC_ID_ALIM_03082022	Approved	Approved
O1025883	2025/2422815 KONYA MERAM DH_UR	Approved	Approved
O1025142	Clone of OPTMED_SWA_26082025	Approved	Approved
O1023939	Clone of MERSİN ÜNİ HER2 DUAL ISH - 2025-03-12 - 3500000 TRY - MERSİN ÜNİVERSİTESİ REKTÖRLÜĞÜ (0061004230) Turkey	Approved	Approved
O1026324	2026_285126 ÇANAKKALE İSM_ID_SATIŞ	Approved	Approved
O1020609	KARABÜK İSM_CC_IM_2023_1031937	Approved	Cancelled
O1020609	KARABÜK İSM_CC_IM_2023_1031937	Approved	Cancelled
O1020609	KARABÜK İSM_CC_IM_2023_1031937	Approved	Approved
O1017199	ANTALYA EAH_ID_PAZARLIK_2022_559008	Won	Approved
O1022140	Mersin Üni A HCV DT - 2024-07-25 - 12000 EUR - DETAY LAB. CİH. SAN. VE TİC. A (0061000026) Turkey	Won	Approved
O1021257	ÇUKUROVA ÜNV_SP_2024_75146	Approved	Approved
O1023458	İZMİR TEPECİK EAH_RTD_IHC_PAZARLIK_2025_55368	Completed	Cancelled
O1023458	İZMİR TEPECİK EAH_RTD_IHC_PAZARLIK_2025_55368	Completed	Approved
O1023268	GAZİ ÜNİVERSİTESİ_RTD_78796_24122024	Completed	Approved
O1024127	UZ_Israel_Center_Cobas_Pure_CE	In Progress	Disapproved
O1018450	NAMIK KEMAL ÜNİVERSİTESİ_RMD_DT_01122022	Approved	Disapproved
O1018450	NAMIK KEMAL ÜNİVERSİTESİ_RMD_DT_01122022	Approved	Approved
O1024342	VAN İSM_CC_IM_ID_2025_782342	Approved	Disapproved
O1024342	VAN İSM_CC_IM_ID_2025_782342	Approved	Approved
O1023216	MERSİN ÜNİ. HER2 DUAL ISH - 2024-12-31 - 2808000 TRY - MERSİN ÜNİVERSİTESİ REKTÖRLÜĞÜ (0061004230) Turkey	Completed	Approved
O1023216	MERSİN ÜNİ. HER2 DUAL ISH - 2024-12-31 - 2808000 TRY - MERSİN ÜNİVERSİTESİ REKTÖRLÜĞÜ (0061004230) Turkey	Completed	Disapproved
O1023910	KOCAELİ ÜNİVERSİTESİ_RTD_DT_20032025	Won	Approved
O1023974	ÖZEL KOLMED HST - 2025-04-15 - 200000 EUR - İLMED İLAÇ ve MEDİKAL ÖZEL  LA (0061000027) Turkey	Won	Disapproved
O1023974	ÖZEL KOLMED HST - 2025-04-15 - 200000 EUR - İLMED İLAÇ ve MEDİKAL ÖZEL  LA (0061000027) Turkey	Won	Approved
O1026379	ULUN LAB  CC-IM - 2026-03-25 - 55000 EUR - BIOSYS LIMITED (0061005595) Cyprus	Approved	Approved
O1023912	MUŞ İSM_PAZARLIK_IM_ID_2025_438006	Won	Approved
O1017339	Clone of ÇORLU VATAN HASTANESİ_CİHAZ KİRASI_C501_17062022	Won	Approved
O1022813	AKSARAY İSM_UR_2024_1353533	Approved	Approved
O1027374	Aydın Sehir 2026-734 İHC - 2026-07-20 - 996000 TRY - AYDIN ŞEHİR HASTANESİ (0061006256) Turkey	Won	Approved
O1023863	ANKARA İSM_SWA_2025_151149	Approved	Disapproved
O1023863	ANKARA İSM_SWA_2025_151149	Approved	Approved
O1023863	ANKARA İSM_SWA_2025_151149	Approved	Disapproved
O1023863	ANKARA İSM_SWA_2025_151149	Approved	Cancelled
O1023863	ANKARA İSM_SWA_2025_151149	Approved	Cancelled
O1023863	ANKARA İSM_SWA_2025_151149	Approved	Cancelled
O1027928	İSTANBUL HOSPITAL_CC_IM_V1_303_E411_31082026	Approved	Approved
O1027928	İSTANBUL HOSPITAL_CC_IM_V1_303_E411_31082026	Approved	Disapproved
O1018273	ATATÜRK GÖĞÜS HST_IM_2022_1134601	Approved	Approved
O1022736	MEYDAN HASTANELERİ_CC_IM_30102024	Approved	Approved
O1017269	İSTANBUL ÜNİVERSİTESİ ÇAPA_RTD_3.KISIM_P16 ANTİKOR_2022_489827	Won	Approved
O1020700	Clone of AFYON SAĞLIK BİLİMLERİ ÜNİVERSİTESİ_ANTİ-TG_23102023	Won	Approved
O1019251	KEMAL_BYNDR_SWA_22 - 2023-05-15 - 2000000 - TRY - GÜNEY TIP TIBBİ CİH.KİM.MADD.L (0061000029) - Turkey	Completed	Approved
O1024845	Clone of Mersin Üni Hıv-CMV - 2025-08-30 - 60000 EUR - DETAY LAB. CİH. SAN. VE TİC. A (0061000026) Turkey	Won	Approved
O1024845	Clone of Mersin Üni Hıv-CMV - 2025-08-30 - 60000 EUR - DETAY LAB. CİH. SAN. VE TİC. A (0061000026) Turkey	Won	Disapproved
O1027034	2026_802499_1.KISIM_CC_IM_ID_ISPARTA İSM	Approved	Approved
O1018939	Clone of GAZİ ÜNİVERSİTESİ_RTD_ANTİKOR_DT_03022023	Won	Approved
O1019800	BİOGRAM LABORATUVARI_CC_06062023	Completed	Approved
O1022144	ANTALYA MEDICALPARK_SWA_11072024	Approved	Approved
O1019602	MUĞLA İSM_UR_08052023	Approved	Approved
O1025293	Clone of Clone of AYDIN ŞEHİR HASTANESİ_SWA_PRE POST ANALİTİK_ALTERNATİF2_SATIŞ__2025_1426978	Won	Approved
O1018128	OSMANOĞLU HASTANESİ_CC_30102022	Completed	Disapproved
O1018128	OSMANOĞLU HASTANESİ_CC_30102022	Completed	Approved
O1020154	MANİSA HSL_ CC_IM_ID_PAZARLIK_2023_834866	Won	Approved
O1020761	MEDİPOL_RMD VİROLOJİ_REVİZE_15112023	Approved	Approved
O1026394	GAZİ ÜNİ_DT_708_11032026	Won	Approved
O1018281	Gebze Dev. Antikor - 2022-11-25 - 600000 - TRY - GEBZE FATİH DEVLET HASTANESİ (0061000221) - Turkey	Won	Reset
O1018281	Gebze Dev. Antikor - 2022-11-25 - 600000 - TRY - GEBZE FATİH DEVLET HASTANESİ (0061000221) - Turkey	Won	Approved
O1024048	REFERANS LABORATUVARI_CC_IM_REV3_21042025	In Progress	Disapproved
O1025772	KAHRAMANMARAŞ İSM_KARDİYAK_RR ANLAŞMA_2025_2100558	Approved	Approved
O1027738	2026_1503681 BURSA İSM_IM	In Progress	Disapproved
O1027738	2026_1503681 BURSA İSM_IM	In Progress	Reset
O1027738	2026_1503681 BURSA İSM_IM	In Progress	Disapproved
O1020860	AFYONKARAHİSAR İSM_TARAMA TESTLERİ_3.KISIM_2023_1234043	Approved	Cancelled
O1020860	AFYONKARAHİSAR İSM_TARAMA TESTLERİ_3.KISIM_2023_1234043	Approved	Approved
O1020860	AFYONKARAHİSAR İSM_TARAMA TESTLERİ_3.KISIM_2023_1234043	Approved	Cancelled
O1022318	Clone of ESKİŞEHİR ANADOLU HASTANESİ_CC_IM_07052024	Approved	Approved
O1025969	ERCİYES ÜNİV_BAP PROJESİ_DAB_21012026	Approved	Approved
O1021086	DR.ABDURRAHMAN YURTASLAN ONKOLOJİ HASTANESİ_RTD_2023_1356922	Completed	Approved
O1021491	Çukurova Uni Tg DT - 2024-04-17 - 3000 - EUR - DETAY LAB. CİH. SAN. VE TİC. A (0061000026) - Turkey	Approved	Approved
O1025578	Clone of Akdeniz Üniv_ID TORCH_2025_1791026	Won	Approved
O1023092	ANTALYA ATATÜRK DH_CC_2024_1515192	Approved	Approved
O1020849	Clone of MUĞLA EAH_RTD_IHC_2023_1222820	In Progress	Cancelled
O1020849	Clone of MUĞLA EAH_RTD_IHC_2023_1222820	In Progress	Cancelled
O1020849	Clone of MUĞLA EAH_RTD_IHC_2023_1222820	In Progress	Started
O1020951	DT DAB Alımı - 2024-01-22 - 5760000 - TRY - VAN BÖLGE EĞİTİM VE ARAŞTIRMA  (0061004046) - Turkey	Completed	Cancelled
O1020951	DT DAB Alımı - 2024-01-22 - 5760000 - TRY - VAN BÖLGE EĞİTİM VE ARAŞTIRMA  (0061004046) - Turkey	Completed	Approved
O1022863	NECMETTİN ERBAKAN ÜNV_UR_2024_1399760	Approved	Approved
O1017699	ANALİZ LABORATUVARI_CC_IM_02092022	Won	Approved
O1017580	ANTALYA İSM_1.KISIM_CARDIAC_2022_772326	Approved	Approved
O1024752	SAMSUN İSM_İLÇE_CARD_2025_1051365	Approved	Approved
O1026641	EGE ÜNİ 2026-2128 DAB - 2026-04-27 - 856000 TRY - EGE ÜNİVERSİTESİ UYGULAMA VE A (0061003806) Turkey	Won	Approved
O1020465	Q_PCR ÖZGÜL MEDİKAL - 2023-11-30 - 5750 - EUR - ÖZGÜL EĞİTİM SAĞLIK HİZ. MED.  (0061000500) - Turkey	Completed	Approved
O1025748	ZONGULDAK UZUN MEHMET GÖĞÜS HAST._GLUKOMNETRE_DT_20122025	Approved	Approved
O1026022	Mersin Üni DT 86545 - 2026-02-26 - 20000 EUR - DETAY LAB. CİH. SAN. VE TİC. A (0061000026) Turkey	Approved	Approved
O1027584	SİVAS İSM_CC_IM_COAG_24 AY_2025_1317613_Cihaz Kira	Won	Disapproved
O1027584	SİVAS İSM_CC_IM_COAG_24 AY_2025_1317613_Cihaz Kira	Won	Cancelled
O1027584	SİVAS İSM_CC_IM_COAG_24 AY_2025_1317613_Cihaz Kira	Won	Approved
O1025449	DR. ABDURRAHMAN YURTASLAN ONKOLOJİ HST_CC_2025_1793781	Approved	Approved
O1026795	DÜZCE ÜNİ HER2 ISH DT - 2026-05-28 - 200000 TRY - DÜZCE ÜNİVERSİTESİ SAĞLIK UYG  (0061000230) Turkey	Won	Approved
O1024628	SAMSUN İSM_CC_IM_2025_948785	Approved	Approved
O1025471	ŞİŞLİ ETFAL EAH HİSTOKİMYA_DT_13112025	Won	Approved
O1017030	BALIKESİR ÜNİVERSİTESİ_CC_IM_2022_404278	Approved	Approved
O1025404	BUCA SD EAH._ID_DC_2025_1716224	Approved	Approved
O1020411	BRAF DT Alımı - 2023-10-30 - 600000 - TRY - TURGUT ÖZAL TIP MERKEZİ UYG. V (0061003658) - Turkey	Won	Approved
O1020411	BRAF DT Alımı - 2023-10-30 - 600000 - TRY - TURGUT ÖZAL TIP MERKEZİ UYG. V (0061003658) - Turkey	Won	Cancelled
O1024398	UŞAK ÖZTAN HASTANESİ_SWA_23062025	Approved	Approved
O1026815	2026_662121_YEDEK PARÇA_İSLAB_2	In Progress	Cancelled
O1026815	2026_662121_YEDEK PARÇA_İSLAB_2	In Progress	Cancelled
O1024207	TRAKYA ÜNİVERSİTESİ_DT_Ca-19-9_20052025	Won	Approved
O1026509	OKMEYDANI EAH_RTD_1 AYLIK_DT_26032026	Approved	Approved
O1016817	ANKARA ÜNİVERSİTESİ_RTD_IHK_2022_235528	Won	Approved
O1024893	NİĞDE İSM_CC_IM_2025_1244965	Won	Approved
O1022245	GE_NSC_HPV_5800_2025_40K tests	Approved	Approved
O1018905	MEDICINE HOSPITAL_COAG_01022023	Approved	Approved
O1027281	ELİPS 2026 GENEL ANLASMA_01072026	Won	Approved
O1019671	AKYURT DH_CC_2023_425450	Won	Approved
O1019671	AKYURT DH_CC_2023_425450	Won	Cancelled
O1026316	GE_Rayman_Cpro_2026	Won	Approved
O1026316	GE_Rayman_Cpro_2026	Won	Disapproved
O1024294	MERSİN ÜNİ 2650 DAB 27.05 - 2025-06-18 - 10000000 TRY - MERSİN ÜNİVERSİTESİ REKTÖRLÜĞÜ (0061004230) Turkey	Won	Approved
O1017713	AMERİKAN GRUBU_BGAS_01092022	Completed	Disapproved
O1017713	AMERİKAN GRUBU_BGAS_01092022	Completed	Approved
O1017455	19 Mayıs Ünv_Genetik_2022_669541	Completed	Approved
O1023309	Osmaniye Yeni Hayat - 2025-01-31 - 50000 EUR - DETAY LAB. CİH. SAN. VE TİC. A (0061000026) Turkey	Approved	Approved
O1026385	ISPARTA SÜLEYMAN DEMİREL ÜNİ_7.KISIM_IM_DC_2026_190999	Approved	Approved
O1021451	DENİZLİ HS_SWA_2024_192759	Approved	Approved
O1024573	İZMİR İSM._ID_7.KISIM_2025_890706	Approved	Disapproved
O1024573	İZMİR İSM._ID_7.KISIM_2025_890706	Approved	Approved
O1020858	İSTANBUL İSM_RTD_IHC_2023_1276453	Approved	Approved
O1022207	AMASYA İSM_GLU_2024_891026	Completed	Disapproved
O1022207	AMASYA İSM_GLU_2024_891026	Completed	Reset
O1022207	AMASYA İSM_GLU_2024_891026	Completed	Approved
O1025388	BUCA SEYFİ DEMİRSOY_HPV_2025_1716224	Approved	Approved
O1018445	KORU HASTANESİ_MULTIPLATE_05122022	Approved	Disapproved
O1018445	KORU HASTANESİ_MULTIPLATE_05122022	Approved	Approved
O1024894	NİĞDE İSM_COAG_2025_1244965	Won	Approved
O1017437	2022_KZ_Olymp-All instruments_18M tests	Approved	Approved
O1020994	AFYONKARAHİSAR ÜNİVERSİTESİ_DT_TPO,AMH,KALSITONIN_27122023	Won	Approved
O1021168	SISH D.T - 2024-02-29 - 2160000 - TRY - T.C. SİVAS CUMHURİYET ÜNİV. AR (0061000435) - Turkey	Approved	Approved
O1021575	KAYA MEDİKAL HİSAR TIP_CC_IM_02042024	Approved	Disapproved
O1021575	KAYA MEDİKAL HİSAR TIP_CC_IM_02042024	Approved	Approved
O1021575	KAYA MEDİKAL HİSAR TIP_CC_IM_02042024	Approved	Cancelled
O1017683	MLL ÖZDEN ÖZER_RTD_16092022	Approved	Approved
O1020667	VAN İSM_HPV_2023_1091380	Completed	Approved
O1026388	ISPARTA SÜLEYMAN DEMİREL ÜNİ_DC_ID_2026_190999	Approved	Disapproved
O1026388	ISPARTA SÜLEYMAN DEMİREL ÜNİ_DC_ID_2026_190999	Approved	Approved
O1018978	TRAKYA VİT-D DT - 2023-03-09 - 105000 - TRY - TRAKYA ÜNİVERSİTESİ DÖNER SERM (0061000192) - Turkey	Won	Reset
O1018978	TRAKYA VİT-D DT - 2023-03-09 - 105000 - TRY - TRAKYA ÜNİVERSİTESİ DÖNER SERM (0061000192) - Turkey	Won	Approved
O1018850	Güven SWA - 2023-02-28 - 5000000 - TRY - DETAY LAB. CİH. SAN. VE TİC. A (0061000026) - Turkey	Won	Approved
O1027940	2026_1450429_6.KISIM_RMD_BURSA İSM_V2_DEVA	Approved	Approved
O1025216	ÖDEMİŞ DH_ID_2025_1661341	Approved	Approved
O1024023	ADANA İSM_İLÇELER_CC_IM_UR_COAG_GLU_2025_492216	Approved	Cancelled
O1024023	ADANA İSM_İLÇELER_CC_IM_UR_COAG_GLU_2025_492216	Approved	Approved
O1025991	2026_69372_SAMSUN HSL_SWA_PAZARLIK	Won	Approved
O1025991	2026_69372_SAMSUN HSL_SWA_PAZARLIK	Won	Disapproved
O1023976	TRAKYA ÜNİVERSİTESİ_RTD_1.KISIM_IHC_2025_296334	Won	Approved
O1021554	Mersin Pcrt DT Son - 2024-04-24 - 6000000 - TRY - MERSİN ÜNİVERSİTESİ REKTÖRLÜĞÜ (0061004230) - Turkey	In Progress	Disapproved
O1021554	Mersin Pcrt DT Son - 2024-04-24 - 6000000 - TRY - MERSİN ÜNİVERSİTESİ REKTÖRLÜĞÜ (0061004230) - Turkey	In Progress	Disapproved
O1024320	AKDENİZ ÜNİVERSİTESİ_MULTIPLATE_03062025	Approved	Approved
O1027509	DÜZCE ÜNİVERSİTESİ_FITC_DT_30072026	Won	Approved
O1023886	İMPERİAL SWA_cobas 6000	Approved	Approved
O1019909	ÖZEL YÜKSEL TANI_CC_21062023	Approved	Cancelled
O1019909	ÖZEL YÜKSEL TANI_CC_21062023	Approved	Approved
O1024495	Clone of Güven. CC+IM+ID - 2024-05-31 - 300000 - EUR - DETAY LAB. CİH. SAN. VE TİC. A (0061000026) - Turkey	Won	Approved
O1024495	Clone of Güven. CC+IM+ID - 2024-05-31 - 300000 - EUR - DETAY LAB. CİH. SAN. VE TİC. A (0061000026) - Turkey	Won	Disapproved
O1020106	Bayındır Coag. - 2023-09-30 - 200000 - EUR - BAYEK TEDAVİ SAĞLIK HİZMETLERİ (0061000023) - Turkey	Approved	Approved
O1019681	ORDU İSM_İLAVE CİHAZ	Won	Approved
O1025233	Clone of AYDIN ŞEHİR HASTANESİ_SWA_PRE POST ANALİTİK_2025_1426978	Approved	Approved
O1020489	ULUDAĞ ÜNİVERSTESİ_MULTIPLATE_2023_1021046	Approved	Approved
O1018195	TRAKYA ÜNİVERSİTESİ_RTD_IHC_2022_963860	Won	Approved
O1026759	ANKARA ÜNİV_DT_IHK_HK	Won	Approved
O1025839	K.MARAŞ İSM_HS_13.KISIM_ID_2025_2438204	Approved	Approved
O1023697	<KZ>_<ASTANA_RDC_FINAL>_<2025>	In Progress	Cancelled
O1023697	<KZ>_<ASTANA_RDC_FINAL>_<2025>	In Progress	Cancelled
O1023697	<KZ>_<ASTANA_RDC_FINAL>_<2025>	In Progress	Cancelled
O1023697	<KZ>_<ASTANA_RDC_FINAL>_<2025>	In Progress	Cancelled
O1023697	<KZ>_<ASTANA_RDC_FINAL>_<2025>	In Progress	Disapproved
O1023697	<KZ>_<ASTANA_RDC_FINAL>_<2025>	In Progress	Cancelled
O1023697	<KZ>_<ASTANA_RDC_FINAL>_<2025>	In Progress	Reset
O1018926	POLATLI DH_ID_2023_62902	Approved	Approved
O1022663	HACETTEPE ÜNİVERSİTESİ_SEQ_2024_1145093	Won	Approved
O1024913	LETGEN ŞANLIURFA DOLLVET - 2025-10-09 - 7000000 TRY - LETGEN BİYOTEKNOLOJİ LABORATUV (0061005075) Turkey	Approved	Approved
O1027669	2026_1328612_ERCİYES ÜNİV_ID_KAN MERKEZİ	Approved	Approved
O1020868	VİROMED_SIHHAT PROJE - 2024-01-31 - 900000 - EUR - ÖZKAYA LABORATUVAR SİST. SAĞ.  (0061000368) - Turkey	Approved	Disapproved
O1020868	VİROMED_SIHHAT PROJE - 2024-01-31 - 900000 - EUR - ÖZKAYA LABORATUVAR SİST. SAĞ.  (0061000368) - Turkey	Approved	Approved
O1017415	MERSİN İSM_TOROS DH_COAG_2022_651779	Won	Approved
O1021588	NAMIK KEMAL ÜNİVERSİTESİ_SWA_2 AYLIK PAZARLIK_2024_448878	Won	Approved
O1019407	BAYINDIR_RTD_2023 ANLAŞMASI_24042023	Approved	Approved
O1022244	Clone of DENİZLİ İSM_RTD_1.KISIM_IHC_2024_812654	Approved	Approved
O1020839	EGE ÜNİVERSİTESİ_RMD_NAT_2023_1231027	Approved	Disapproved
O1020839	EGE ÜNİVERSİTESİ_RMD_NAT_2023_1231027	Approved	Approved
O1020431	SAKARYA EAH_PCT_DT_01102023	Won	Cancelled
O1020431	SAKARYA EAH_PCT_DT_01102023	Won	Approved
O1021742	VAN İSM_ID_2024_553075	Approved	Approved
O1022030	TİREBOLU DH_CC_IM_2024_777032	Won	Approved
O1022030	TİREBOLU DH_CC_IM_2024_777032	Won	Reset
O1018449	GOP_GENMARK_05122022	Approved	Approved
O1023583	EGE ÜNİVERSİTESİ BAP DR CEREN_RTD_PD-L1 DAB_05022025	Won	Approved
O1027346	ÖZLE KONYA MEDOVA HASTANESİ_SWA_09072026	Approved	Approved
O1021329	Selçuk IGF DT - 2024-03-27 - 3000 - EUR - DETAY LAB. CİH. SAN. VE TİC. A (0061000026) - Turkey	Approved	Approved
O1025276	K.MARAŞ SÜTÇÜ İMAM ÜNİVERSİTESİ_5.KIIM_BG_2025_1535884	Approved	Approved
O1027279	ERK DIA - GÖKDENİZ MED - 2026-08-20 - 100000 TRY - ERK DIAGNOSTIK OZEL SAGLIK HIZ (0061006093) Turkey	Approved	Approved
O1025249	SAMSUN İSM EAH_SPESİFİK IM_2025_1718901	Won	Disapproved
O1025249	SAMSUN İSM EAH_SPESİFİK IM_2025_1718901	Won	Cancelled
O1025249	SAMSUN İSM EAH_SPESİFİK IM_2025_1718901	Won	Disapproved
O1025249	SAMSUN İSM EAH_SPESİFİK IM_2025_1718901	Won	Approved
O1025321	ULUDAĞ ÜNİVERSİTESİ_RTD_IHC_2025_1684057	Won	Disapproved
O1025321	ULUDAĞ ÜNİVERSİTESİ_RTD_IHC_2025_1684057	Won	Approved
O1023346	AMERİKAN HASTANELER GRUBU_CC_IM_13012025	In Progress	Disapproved
O1022313	VAN GÜVEN HASTANESİ_ CC_IM	Completed	Approved
O1021492	Clone of Mozaik UR - 2024-03-26 - 3000 - EUR - DETAY LAB. CİH. SAN. VE TİC. A (0061000026) - Turkey	Won	Approved
O1019603	RİZE EAH_IHC_2023_423705	Completed	Approved
O1017693	<KG>_<ABD_centralization_MEDITEK>_<2022>	Approved	Approved
O1021389	ZEYNEP KAMİL KADIN VE ÇOCUK HASTANESİ_RTD 500 Test IHK DT_28022024	Completed	Approved
O1021622	Clone of TOROS TARSUS_UR_2024_284110	Approved	Approved
O1026540	YAPI KREDİ BANKASI_CC_IM_03042026	Won	Approved
O1017461	KOCAELİ ÜNİVERSİTESİ_İHK_2022_605224	Completed	Approved
O1017461	KOCAELİ ÜNİVERSİTESİ_İHK_2022_605224	Completed	Disapproved
O1017461	KOCAELİ ÜNİVERSİTESİ_İHK_2022_605224	Completed	Cancelled
O1017461	KOCAELİ ÜNİVERSİTESİ_İHK_2022_605224	Completed	Cancelled
O1026829	19 Mayıs PatolojiNGS26 - 2026-06-30 - 350000 EUR - NUCLEUS GENETİK ÜRÜNLERİ ANONİ (0061005513) Turkey	Approved	Approved
O1024725	EPİFARMA_RTD_ANTİKOR_31072025	Won	Approved
O1019690	HACETTEPE ÜNV_SPESİFİK IM_2023_394097	Approved	Approved
O1020680	Lpa_DT_08112023	Completed	Approved
O1021812	Clone of AKSARAY İSM_UR_2024_464991	Approved	Approved
O1020583	Clone of MERSİN ZİRAİ KARANTİNA_2023_823990	Completed	Approved
O1025752	AFYON DH_ID+TOURC_pazarlık_2025_2380477_kısım 9	Won	Approved
O1022652	Clone of 30.9.24- KZ_Olymp project	Won	Disapproved
O1022652	Clone of 30.9.24- KZ_Olymp project	Won	Approved
O1023138	BALIKESİR ÜNVİVERSİTESİ_CC_IM_PAZARLIK_2024_1697069	Approved	Approved
O1019653	MAVİ HOSPİTAL TIPBAY_ID_15052023	Approved	Approved
O1016936	ACIBADEM LABMED_UR_21042022	Approved	Approved
O1019954	SAMSUN İSM İLÇE_IM_2023_605815	Approved	Approved
O1027922	ANKARA ÜNİ_DT_HBV_18092026	Approved	Approved
O1022265	İSTANBUL ÜNİVERSİTESİ_ÇAPA SWA_2024_961628	Approved	Approved
O1017584	ANTALYA ATATÜRK DH_ID_2022_772334	Approved	Approved
O1017593	DİYARBAKIR_HSM_CC_IM_2022_740591	Approved	Approved
O1022714	KARAMAN İSM_UR_2024_1279691	Approved	Approved
O1018573	DIŞKAPI EAH_PAZARLIK_SWA_ID_UR_COAG_2022_1442067	Won	Approved
O1018573	DIŞKAPI EAH_PAZARLIK_SWA_ID_UR_COAG_2022_1442067	Won	Cancelled
O1018573	DIŞKAPI EAH_PAZARLIK_SWA_ID_UR_COAG_2022_1442067	Won	Reset
O1019132	Clone of İSTANBUL ÜNİVERSİTESİ ÇAPA_RTD_ANTİKOR_2022_1190038	Won	Cancelled
O1019132	Clone of İSTANBUL ÜNİVERSİTESİ ÇAPA_RTD_ANTİKOR_2022_1190038	Won	Approved
O1027109	2026_719099 BALIKESİR İSM_ID	Approved	Approved
O1019217	Ankara HS.C702 kira - 2023-04-30 - 300000 - TRY - DİYARMED SAĞLIK ÜR.SAN.TİC.A.Ş (0061005622) - Turkey	Won	Approved
O1018101	AKSARAY HSL_CC_2022_1044229	Approved	Approved
O1019281	DÜZCE ÜNİVERSİTESİ_RTD ANTICOR_2023_218139	Approved	Approved
O1017663	GÜLHANE EAH_CC_IM_UR_COAG_2022_775205	Approved	Approved
O1017663	GÜLHANE EAH_CC_IM_UR_COAG_2022_775205	Approved	Cancelled
O1017663	GÜLHANE EAH_CC_IM_UR_COAG_2022_775205	Approved	Disapproved
O1027576	2026_1355624 GAZİANTEP İSM_BG_	Approved	Approved
O1027576	2026_1355624 GAZİANTEP İSM_BG_	Approved	Cancelled
O1026957	2026_676816_IHC_AYDIN İSM	Won	Disapproved
O1026957	2026_676816_IHC_AYDIN İSM	Won	Approved
O1023818	Clone of ADANA İSM_İLÇELER_SWA_UR_COAG_GLU_BG_2025_67452	In Progress	Disapproved
O1018317	ÇANAKKALE ÜNİVERSİTESİ_RTD_DT_21112022	Won	Approved
O1021152	SUAT SEREN_RTD_IHC_DT_25012024	Completed	Approved
O1017228	SERİK DH_IM_ID_PAZARLIK_2022_579940	Won	Approved
O1025742	IĞDIR İSM_IM_PAZARLIK 3AYLIK_2025_2352780	Won	Approved
O1025742	IĞDIR İSM_IM_PAZARLIK 3AYLIK_2025_2352780	Won	Disapproved
O1022277	Clone of Mersin Üni Her2 DT Alım - 2024-07-15 - 2550000 TRY - MERSİN ÜNİVERSİTESİ REKTÖRLÜĞÜ (0061004230) Turkey	Won	Approved
O1017189	ÇORUM İSM_İLÇE_CC_c501_2022_406967	Approved	Disapproved
O1017189	ÇORUM İSM_İLÇE_CC_c501_2022_406967	Approved	Approved
O1024409	Özel Güven Combur - 2025-07-31 - 30000 EUR - DETAY LAB. CİH. SAN. VE TİC. A (0061000026) Turkey	Won	Approved
O1024406	SİNCAN EAH_BG_2025_793559	Approved	Approved
O1017915	BAŞKENT ÜNİVERSİTESİ HASTANESİ_KapaPancancer&Fuzyon	In Progress	Reset
O1016785	ÇORUM ÖZEL ELİTPARK HASTANESİ_CC_IM_ID_211213	Won	Approved
O1022758	BAYBURT İSM_CC_IM_2024_1262994	Approved	Approved
O1024035	ANTALYA EAH_RTD_HC_PAZARLIK_2025_543257	Approved	Cancelled
O1024035	ANTALYA EAH_RTD_HC_PAZARLIK_2025_543257	Approved	Approved
O1024035	ANTALYA EAH_RTD_HC_PAZARLIK_2025_543257	Approved	Cancelled
O1019099	Clone of IHK 2021-2022 - 2022-12-30 - 2250000 - TRY - ASM GEBZE (0061000564) - Turkey	Completed	Approved
O1019099	Clone of IHK 2021-2022 - 2022-12-30 - 2250000 - TRY - ASM GEBZE (0061000564) - Turkey	Completed	Disapproved
O1019860	ADNAN MENDERES ÜNİVERSİTESİ_ID_2023_510407	Approved	Approved
O1019624	SELÇUK ÜNV_IM_2023_415326	Completed	Approved
O1026477	2026_218711_KASTAMONU İSM _CC_IM	Approved	Approved
O1023362	ÜSKÜDAR DH_RTD_IHC_08012025	Completed	Approved
O1025504	ANTALYA EAH_3806_Proje_24112025	Won	Approved
O1026744	2026_577001_SİNOP İSM_IM	Approved	Approved
O1020374	Clone of SELÇUK ÜNV_CC_2023_882752	Completed	Approved
O1020442	Clone of NEMESİS MEDDEM HASTANESİ_IM_ID_16082023	Won	Approved
O1027071	OKMEYDANI EAH_MERKEZ_PRO E801_COBAS 5800_08062026	In Progress	Disapproved
O1026056	Clone of KURUL LAB_KONYA VETERİNER_DAB_22012026	Won	Approved
O1026471	MEDLINE_SWA_DC_10032026	Approved	Approved
O1025426	EGE ÜNİ BAP 32820 - 2025-11-28 - 1101000 TRY - EGE ÜNİVERSİTESİ BAP GELİŞTİRM (0061004099) Turkey	Won	Approved
O1025426	EGE ÜNİ BAP 32820 - 2025-11-28 - 1101000 TRY - EGE ÜNİVERSİTESİ BAP GELİŞTİRM (0061004099) Turkey	Won	Cancelled
O1025654	IĞDIR DH_UR_2025_2145325	Approved	Reset
O1025654	IĞDIR DH_UR_2025_2145325	Approved	Approved
O1017955	KEPEZ DH_RTD_IHC_PAZARLIK_2022_1039244	Won	Approved
O1020859	Her2 ISH Alımı - 2023-12-25 - 720000 - TRY - VAN BÖLGE EĞİTİM VE ARAŞTIRMA  (0061004046) - Turkey	Completed	Approved
O1027662	ERK DİA - ATA DİA FOLR1 - 2026-09-28 - 500000 TRY - ERK DIAGNOSTIK OZEL SAGLIK HIZ (0061006093) Turkey	Won	Approved
O1026384	Clone of 2026_99119_VAN İSM_EAH_RTD	Won	Approved
O1026384	Clone of 2026_99119_VAN İSM_EAH_RTD	Won	Disapproved
O1026749	ÇAKMAK ERDEM HASTANESİ_RTD_27042026	Approved	Cancelled
O1026749	ÇAKMAK ERDEM HASTANESİ_RTD_27042026	Approved	Approved
O1023761	BALKAN_DERMAN HASTANELERİ_CC_07032025	Approved	Approved
O1017599	DIŞKAPI YILDIRIM BEYAZIT HASTANESİ_RTD_REV_2_15082022	Won	Approved
O1020319	ERZİNCAN İSM_IHC_2023_915801	Approved	Approved
O1017707	KOÇ ÜH BAP - 2022-10-01 - 10000 - TRY - EPİFARMA KİMYASAL VE TIBBİ ÜRÜ (0061004345) - Turkey	Won	Approved
O1021910	e411 kira - 2024-07-31 - 10000 EUR - TÜRKLAB LAB VE GÖRÜNTÜLEME SİS (0061005761) Turkey	Approved	Approved
O1026340	ISPARTA SÜLEYMAN DEMİREL ÜNİ_ID_2026_190999	Approved	Approved
O1024004	MALTEPE TM_CC_IM_15042025	Approved	Approved
O1019941	HACETTEPE ÜNİVERSİTESİ_RTD_SIRA NO_414_IHK_2023_542110	Approved	Approved
O1020228	DELTA LAB_CC_C303	Approved	Approved
O1021870	SAMSUN HSL-CİHAZ KİRASI - 2024-06-30 - 87720 EUR - İLMED İLAÇ ve MEDİKAL ÖZEL  LA (0061000027) Turkey	Won	Approved
O1025389	İSLAB 3_RMD_3 AYLIK_2025_1910244	In Progress	Started
O1020003	GEN ERA _RTD_KAPA SARF_12072023	Completed	Approved
O1025931	Clone of QWIZ_test_notification	Cancelled	Disapproved
O1021606	Selçk Uni Araştrma  Çalışma - 2024-05-22 - 500000 - EUR - DETAY LAB. CİH. SAN. VE TİC. A (0061000026) - Turkey	Approved	Approved
O1027795	ERK DİA-MERSİN ÜNİ BAP - 2026-10-15 - 750000 TRY - ERK DIAGNOSTIK OZEL SAGLIK HIZ (0061006093) Turkey	Approved	Approved
O1021586	KOCAELİ ÜNİVERSİTESİ_RTD_FITC DT_29032024	Won	Approved
O1020394	SPEKTROMAR_CC_IM_02102023	Completed	Approved
O1021839	DİCLE ÜNİVERSİTESİ_ID_2024_593427	Completed	Approved
O1023962	GEBZE DH_RTD_ANTİKOR DT_28032025	Won	Approved
O1024749	SAMSUN İSM_UR_2025_1051365	Approved	Approved
O1019035	VM MedicalPark IHC Tek Cihaz	Approved	Approved
O1020588	ÇANKIRI İSM_CC_2023_1023338	Approved	Cancelled
O1020588	ÇANKIRI İSM_CC_2023_1023338	Approved	Approved
O1020588	ÇANKIRI İSM_CC_2023_1023338	Approved	Disapproved
O1018608	GAZİ ÜNİVERSİTESİ TIP FAKÜLTESİ_HPV_HIV_2022_1392684	Won	Approved
O1019682	KIRIKKALE ÜNİVERSİTESİ_UR_2023_465590	Approved	Approved
O1019447	METROLIFE_SWA - 2023-07-15 - 1000000 - TRY - DİYAR-MED SAĞLIK ÜRÜNLERİ SAN. (0061000054) - Turkey	Completed	Approved
O1024000	PROLAB_CC_IM_09042025	In Progress	Disapproved
O1021079	Clone of BİOLAB_SWA_ATERNATİF_2_INFINITY_05012024	Completed	Approved
O1026201	2026_284210_İZMİR ÇİĞLİ EAH_SWA_PAZARLIK	Won	Approved
O1024058	İSTANBUL EAH_RTD_DT_17042025	Won	Approved
O1018700	BASAKSEHIR PATH.NGS -ÖZGÜN İLE- 2022-12-31 - 800000 - TRY	Approved	Approved
O1027160	TRT_CC_2026_22062026	Won	Approved
O1027160	TRT_CC_2026_22062026	Won	Disapproved
O1017374	ÇANAKKALE ONSEKİZ MART ÜNİVERSİTESİ_ID_2022_566317	Approved	Disapproved
O1017374	ÇANAKKALE ONSEKİZ MART ÜNİVERSİTESİ_ID_2022_566317	Approved	Approved
O1018572	İSTANBUL ÜNİVERSİTESİ ÇAPA_GENMARK SOLUNUM_2022_1022213	Approved	Approved
O1025234	Clone of AYDIN ŞEHİR HASTANESİ_ID_2025_1426978	Approved	Approved
O1023455	MARDİN İSM_IHC_2024_1897025	Won	Approved
O1023455	MARDİN İSM_IHC_2024_1897025	Won	Cancelled
O1023455	MARDİN İSM_IHC_2024_1897025	Won	Cancelled
O1020866	SİMGE LABORATUVARI_CC_IM_11122023	Completed	Cancelled
O1020866	SİMGE LABORATUVARI_CC_IM_11122023	Completed	Approved
O1026852	AFSÜ Biyokimya BAP - 2026-06-15 - 500000 TRY - AFYONKARAHİSAR SAĞLIK BİLİMLER (0061005619) Turkey	Won	Approved
O1022728	ANKARA ÜNİVERSİTESİ_RTD_2024_908368	In Progress	Disapproved
O1022728	ANKARA ÜNİVERSİTESİ_RTD_2024_908368	In Progress	Disapproved
O1024343	ANTALYA EAH_RTD_IHC_PAZARLIK_2025_847811	Approved	Approved
O1023727	ANKARA ÜNV_KARDİYAK_2025_391388	Won	Approved
O1023727	ANKARA ÜNV_KARDİYAK_2025_391388	Won	Cancelled
O1021352	HİPOKRAT LABORATUVARI_CC_IM_27022024	Completed	Disapproved
O1021352	HİPOKRAT LABORATUVARI_CC_IM_27022024	Completed	Disapproved
O1021352	HİPOKRAT LABORATUVARI_CC_IM_27022024	Completed	Approved
O1022630	GAZİ ÜNİVERSİTESİ_RTD_DT_75890_241001	Won	Approved
O1024926	ADNAN MENDERES ÜNİ_DT_HBV_05092025	Won	Approved
O1027622	EDREMİT DH_ID D.TEMİN - 2026-09-15 - 220000 EUR - DEVA KİMYA SANAYİ VE TİCARET L (0061000074) Turkey	Won	Approved
O1024142	Clone of NESİLLER GEN. LİKİT_CGP_21022025_02052025	Won	Approved
O1018535	V2 BEZMİ ALEM VAKIF ÜNİVERSİTESİ_RTD_IHK&HK&IFA&ISH_16122022	Approved	Approved
O1018316	ÖZEL MEDİVİTA ETHICA HASTANESİ_CC_IM_28112022	Completed	Approved
O1024312	BATMAN İSM_PCR_2025_768515	Won	Approved
O1022438	KOCAELİ İSM_IM_ID_2024_931741	Approved	Approved
O1023557	EtlikPPP_Spesifik_Ek_Kira - 2025-03-03 - 30000 EUR - TECHNO HEALTH LAB.DİAGNOSTİK S (0061003872) Turkey	Approved	Cancelled
O1023557	EtlikPPP_Spesifik_Ek_Kira - 2025-03-03 - 30000 EUR - TECHNO HEALTH LAB.DİAGNOSTİK S (0061003872) Turkey	Approved	Approved
O1022567	Clone of Düzen Moleküler - 2023-07-31 - 5000000 - TRY - DÜZEN BİYOLOJİK BİLİMLER ARAŞT (0061000024) - Turkey	In Progress	Disapproved
O1023933	Clone of Clone of İMPERİAL SWA_cobas pro	Won	Cancelled
O1023933	Clone of Clone of İMPERİAL SWA_cobas pro	Won	Approved
O1023933	Clone of Clone of İMPERİAL SWA_cobas pro	Won	Disapproved
O1023933	Clone of Clone of İMPERİAL SWA_cobas pro	Won	Cancelled
O1023933	Clone of Clone of İMPERİAL SWA_cobas pro	Won	Disapproved
O1017078	Clone of PAMUKKALE ÜNİVERSİTESİ_RMD_2022_229844	Completed	Approved
O1021902	KTÜ_IM_PAZARLIK_2024_745508	Completed	Approved
O1021902	KTÜ_IM_PAZARLIK_2024_745508	Completed	Disapproved
O1025593	Clone of Clone of Antalya Yaşam Hast._SWA_03122025	In Progress	Started
O1025593	Clone of Clone of Antalya Yaşam Hast._SWA_03122025	In Progress	Cancelled
O1025113	ÇORUM EAH_SWA_2025_1408505	Approved	Approved
O1020479	ÖZEL ROYAL HASTANELERİ_ALTERNATİF 2_SWA_PRO_06102023	Approved	Approved
O1024499	Gaziantep_HSM_ek_cihaz - 2025-08-01 - 100000 EUR - GÜNEY TIP TIBBİ CİH.KİM.MADD.L (0061000029) Turkey	Won	Approved
O1020900	ACIBADEM HASTANESİ_EGFR_06112023_V2	Completed	Approved
O1023413	ANTALYA EAH_RTD_IHC_IN SITU_2.KISIM_PAZARLIK_	Completed	Approved
O1027193	TOBB ETÜ Hast_Cobas Pulse_18062026	Approved	Approved
O1026825	2026_662121_4.KISIM_SWA_MD_İSLAB_4_V2	In Progress	Cancelled
O1024344	ANTALYA EAH_RTD_5.KISIM HC_PAZARLIK_2025_847811	Won	Approved
O1019323	KIRKLARELİ İSM_CC_IM_ID_2023_249344	Completed	Approved
O1019323	KIRKLARELİ İSM_CC_IM_ID_2023_249344	Completed	Disapproved
O1019323	KIRKLARELİ İSM_CC_IM_ID_2023_249344	Completed	Cancelled
O1025699	cloneeee	In Progress	Cancelled
O1027033	2026_719099 BALIKESİR İSM_İLÇELER_CC	Approved	Approved
O1025074	Mersin Üni Anthbs DT - 2025-10-29 - 40000 EUR - DETAY LAB. CİH. SAN. VE TİC. A (0061000026) Turkey	Won	Approved
O1017796	Yaşam Coag ek kira - 2022-09-28 - 50000 - TRY - DETAY LAB. CİH. SAN. VE TİC. A (0061000026) - Turkey	Won	Approved
O1024917	VAN YÜZÜNCÜYIL ÜNV_İHK_2025_1319610	Won	Approved
O1020290	Cumhurbaşkanlığı SWA - 2023-08-31 - 3500000 - TRY - T.C. CUMHURBAŞKANLIĞI MİLLİ İS (0061000344) - Turkey	Won	Approved
O1020101	Samsun İSM 24&25 - 2024-04-30 - 20000000 - TRY - SAMSUN EĞT. VE ARŞ. HAST. (0061000549) - Turkey	Completed	Approved
O1018581	DR SUAT SEREN HASTANESİ_CC_IM_PAZARLIK_2022_1434528	Won	Approved
O1017369	EGE ÜNİVERSİTESİ_NEFELOMETRE İÇİN  CİHAZ KİRASI_01072022	Won	Approved
O1025348	SAMSUN EAH_RMD_VIROLOJİ_2025_1718901	Won	Approved
O1021070	Clone of MALATYA_İSM_IM_2023_1395172	Completed	Approved
O1017129	Ilgaz Troponin - 2022-06-30 - 20000 - TRY - T.C. SAĞLIK BAKANLIĞI ILGAZ DE (0061000319) - Turkey	Won	Approved
O1022798	KOCAELİ UNIVERSITESI_HC_DT_24102024	Won	Approved
O1018649	AYDIN DETAY_CYTOMED_IM_ID_30122022	Approved	Approved
O1020338	DİYARBAKIR_İSM_IM_2023_873329	Completed	Approved
O1019883	Selçuk IGF DT - 2023-07-20 - 200000 - TRY - DETAY LAB. CİH. SAN. VE TİC. A (0061000026) - Turkey	Approved	Approved
O1019395	Clone of ZONGULDAK BÜLENT ECEVİT ÜNİVERSİTESİ_RTD_2023_34406	In Progress	Initial
O1020252	DÜZCE ÜNİVERSİTESİ_TACROLIMUS_DT_26082023	Won	Disapproved
O1020252	DÜZCE ÜNİVERSİTESİ_TACROLIMUS_DT_26082023	Won	Approved
O1020252	DÜZCE ÜNİVERSİTESİ_TACROLIMUS_DT_26082023	Won	Reset
O1019792	İZMİR ATATÜRK EAH_RTD_PAZARLIK_2023_569178	Approved	Approved
O1021634	ANKARA ÜNV_PAZARLIK_ID_2024_462031	Won	Approved
O1022516	NKU PATOLOJİ_2024_1065963	Completed	Approved
O1025525	Clone of Ümit Hastaneleri_CC+IM_31102025	Approved	Approved
O1026410	2026_428380_SAMSUN İSM İLÇE_CC_PAZARLIK	Approved	Approved
O1026499	GAZİ ÜNİ_DT_828_24032026	Won	Approved
O1027363	Mardin Cihanpol SWA 2026-2027 - 140000 EUR - DİYAR-MED SAĞLIK ÜRÜNLERİ SAN. (0061000054) Turkey	Won	Approved
O1017363	GAZİ ÜNİVERSİTESİ_RTD_BAP_DT_01072022	Won	Approved
O1024002	MARDİN DT 1000 TEST DAB - 2025-05-05 - 6000000 TRY - MARDİN DEVLET HASTANESİ (0061005325) Turkey	Won	Approved
O1024709	MARDİN İSM_ID_2025_1089134	Approved	Approved
O1022465	Osmaniye Probnp DT - 2024-09-18 - 1000 EUR - DETAY LAB. CİH. SAN. VE TİC. A (0061000026) Turkey	Approved	Approved
O1019357	ERBAYRAKTAR _ CC_IM_03042023	Won	Approved
O1020202	AKDENİZ ÜNİVERSİTESİ_GLUCOMETRE_2023_779626	Won	Approved
O1023164	<KG>_<ADB, t511>_<2024>	Approved	Approved
O1025541	Clone of AFYON KOCATEPE ÜNİV_2025_1726994_Kısım 2_Pre_CC_IM	Won	Approved
O1022287	Van EAH EK Cihazz - 2024-08-23  - DİYAR-MED SAĞLIK ÜRÜNLERİ SAN. (0061000054) Turkey	Won	Approved
O1024687	GEMOTEST	Won	Approved
O1018434	BURGEN GENETİK_RTD_30112022	Completed	Approved
O1017825	PAMUKKALE ÜNİVERSİTESİ_RMD_HPV PROJE ALIMI_21092022	Approved	Approved
O1022369	ANTALYA İSM_ALANYA EAH_RMD_PCR_2024_974670	Completed	Approved
O1026706	2026_613368_44.KISIM_MOL.ONKOLOJİ_ONDOKUZ MAYIS ÜNİVERSİTESİ	Won	Approved
O1024764	NEVŞEHİR İSM_SWA_2025_1068304	Approved	Approved
O1021768	AYDIN ADNAN MENDERES ÜNİV._RMD_HBV_DT_20052024	Approved	Approved
O1021768	AYDIN ADNAN MENDERES ÜNİV._RMD_HBV_DT_20052024	Approved	Disapproved
O1021768	AYDIN ADNAN MENDERES ÜNİV._RMD_HBV_DT_20052024	Approved	Cancelled
O1018786	ÖZEL ÖZ İSTANBUL HASTANESİ_CC_12012023	Completed	Approved
O1027075	ÖZEL YENİ HAYAT HASTANESİ_CC_IM_12062026	Won	Approved
O1022722	BANDIRMA ROYAL U411 STRIP _11102024	Approved	Approved
O1027095	Clone of ERK DIA-VAN YY BAP F.A.Y - 2026-03-19 - 200000 TRY - ERK DIAGNOSTIK OZEL SAGLIK HIZ (0061006093) Turkey	Approved	Approved
O1026832	2026_662121_4.KISIM_SWA_MD_İSLAB_4_V3_CİHAZ SATIŞLI	In Progress	Started
O1018524	ANKARA ÜNİVERSİTESİ_Kardiyak_PCT_2022_1305920	Completed	Cancelled
O1018524	ANKARA ÜNİVERSİTESİ_Kardiyak_PCT_2022_1305920	Completed	Approved
O1018547	ÖZEL MEDİKAR HST - 2022-12-31 - 2500000 - TRY - ÖZEL MEDİKAR HAST (0061003063) - Turkey	Completed	Reset
O1018547	ÖZEL MEDİKAR HST - 2022-12-31 - 2500000 - TRY - ÖZEL MEDİKAR HAST (0061003063) - Turkey	Completed	Approved
O1022573	OSMANİYE İSM_PAZARLIK_SWA_ID_UR_COAG_BGAS_20092024	Won	Approved
O1018213	REVİZE- GİRESUN HS_CC_IM_PT_2022_1021578	In Progress	Approved
O1021285	TRAKYA ÜNİVERSİTESİ_RTD_IHK_2024_137211	Approved	Approved
O1025277	KIRKLARELİ İSM_SWA_PAZARLIK_2025_1794955	Won	Approved
O1025351	MERSİN ÜNİ _RTD_2650 DAB DT_31102025	Won	Approved
O1027824	2026_1418685_4.KISIM_2.GRUP_CC_ANTALYA İSM_v3	Approved	Approved
O1024076	MERSİN 80112 DT 500 TEST - 2025-05-13 - 3500000 TRY - MERSİN ÜNİVERSİTESİ REKTÖRLÜĞÜ (0061004230) Turkey	Approved	Approved
O1025476	KONYA NUMUNE HAS_IHK_KISIM 4_2025_1954535	Approved	Approved
O1025476	KONYA NUMUNE HAS_IHK_KISIM 4_2025_1954535	Approved	Disapproved
O1021191	Clone of ZONGULDAK İSM_SWA_2023_1007834	Completed	Approved
O1025417	ACIBADEM HASTANELERİ_2025_SWA PURE_14112025	Approved	Approved
O1017074	Halk Sağlığı- İlave Kira	Won	Approved
O1021326	BÜLENT ECEVİT ÜNVERSİTESİ_IM_DT_16022024	Approved	Cancelled
O1021326	BÜLENT ECEVİT ÜNVERSİTESİ_IM_DT_16022024	Approved	Approved
O1021326	BÜLENT ECEVİT ÜNVERSİTESİ_IM_DT_16022024	Approved	Disapproved
O1021326	BÜLENT ECEVİT ÜNVERSİTESİ_IM_DT_16022024	Approved	Disapproved
O1027791	Clone of <KZ>_<ASTANA_RDC_FINAL>_<2025>	Approved	Approved
O1021689	BALIKESİR İSM_IM_2024_434391	Approved	Approved
O1019975	TETRA LAB_CC_C311_11072023	Approved	Approved
O1026891	2025_2154485_AMASYA İSM_GLU_Ek lisans	Won	Approved
O1018922	BORNOVA VETERİNERLİK_SEQ_06022023	Approved	Approved
O1019473	KKTC ULUN LABORATUVARI_CC_IM_ID_09052023	Completed	Approved
O1022404	ANTALYA İSM_RTD_2.KISIM_IHC_2024_966813	Approved	Approved
O1024433	ASM_RTD_2025 IHC_30062025	Approved	Approved
O1022801	Clone of ANKARA ÜNİVERSİTESİ_RTD_2024_908368	Completed	Approved
O1021531	Clone of İZMİR EŞREFPAŞA BELEDİYESİ_CC_IM_2024_8310	Completed	Approved
O1020542	EGELAB_İLAÇ DÜZEYİ _23102023	Won	Approved
O1018960	PAMUKKALE ÜNİVERSİTESİ_RTD BAP ALIMI_09022023	Won	Approved
O1024954	Bayındır. Accu.Inf II -2025-2026- BAYEK TEDAVİ SAĞLIK HİZMETLERİ (0061000023) Turkey	Won	Approved
O1020844	ÇİĞLİ EAH_RTD_HC_PAZARLIK_2023_1382922	Completed	Approved
O1025795	ÇAYCUMA DH_SWA_KARDİYAK_ID_PAZARLIK_2025_2416779	Won	Approved
O1026266	ORDU ÖZEL MEDİTECH HAS_04032026	Won	Approved
O1020022	Clone of EGE ÜNİVERSİTESİ_RTD  BAP_12072023	Won	Approved
O1018456	NAMIK KEMAL ÜNİVERSİTESİ_RMD_DT_REVİZE_01122022	Won	Approved
O1019993	ORDU İSM_GLU_2023_532075	Approved	Approved
O1019993	ORDU İSM_GLU_2023_532075	Approved	Cancelled
O1019287	Clone of ONDOKUZ MAYIS ÜNV_CC_IM_2022_1156688	Completed	Approved
O1024112	ESPİYE DEVLET PRO KİRA - 2025-05-26 - 1000000 EUR - İLMED İLAÇ ve MEDİKAL ÖZEL  LA (0061000027) Turkey	Won	Approved
O1023748	GAZİ ÜNİVERSİTESİ_RTD_IHC_DT_80764_250227	Completed	Approved
O1025174	Özel Bingöl Hastanesi SWA - 2025-10-23 - 100000 EUR - DİYAR-MED SAĞLIK ÜRÜNLERİ SAN. (0061000054) Turkey	Approved	Approved
O1025343	GOP_BG_2025_1719990	Approved	Approved
O1019368	BATMAN EAH_VİROLOJİ_2023_302117	Cancelled	Approved
O1019713	Alab C-501 Kira Anş - 2024-06-30 - 1000000 - TRY - LOKMAN HEKİM AKAY TIBBİ HİZ.Tİ (0061004603) - Turkey	Approved	Approved
O1027989	Clone of 2026_1540387 PAMUKKALE ÜNİVERSİTESİ_HPV	Approved	Approved
O1026740	ACIBADEM MOLEKÜLER_1_24042026	Approved	Approved
O1022708	BİNGÖL İSM_CC_2024_1216684	Approved	Approved
O1026686	Lokman Hekim ALAB_Test_20042026	Approved	Approved
O1026686	Lokman Hekim ALAB_Test_20042026	Approved	Disapproved
O1027630	EGE ÜNİ Med Alk-Ros-Pdl - 2026-09-14 - 3330000 TRY - EGE ÜNİVERSİTESİ UYGULAMA VE A (0061003806) Turkey	Approved	Approved
O1020616	MERSİN HSL_SWA_2023_1056385	Completed	Approved
O1016943	Utkan_Medika_Kan_Gaz - 2022-06-10 - 1000000 - TRY - DİYAR-MED SAĞLIK ÜRÜNLERİ San. (ACC-0004052772) - Turkey	Approved	Reset
O1016943	Utkan_Medika_Kan_Gaz - 2022-06-10 - 1000000 - TRY - DİYAR-MED SAĞLIK ÜRÜNLERİ San. (ACC-0004052772) - Turkey	Approved	Approved
O1016943	Utkan_Medika_Kan_Gaz - 2022-06-10 - 1000000 - TRY - DİYAR-MED SAĞLIK ÜRÜNLERİ San. (ACC-0004052772) - Turkey	Approved	Reset
O1018376	SİNOP İSM - CC - 2022-12-31 - 7000000 - TRY - İLMED İLAÇ ve MEDİKAL ÖZEL  LA (0061000027) - Turkey	Approved	Approved
O1018475	Mardin Nursağ IM_CC - 2023-01-20 - 1500000 - TRY - DİYAR-MED SAĞLIK ÜRÜNLERİ San. (ACC-0004052772) - Turkey	Completed	Reset
O1018475	Mardin Nursağ IM_CC - 2023-01-20 - 1500000 - TRY - DİYAR-MED SAĞLIK ÜRÜNLERİ San. (ACC-0004052772) - Turkey	Completed	Approved
O1018032	MANİSA İSM_CARDIAC_2022_931783	Approved	Approved
O1026480	Özel 19 Mayıs Hast_SWA _23032026	Approved	Approved
O1021663	QPCR - ÖZGÜL MEDİKAL - 2024-05-31 - 10476 - EUR - ÖZGÜL EĞİTİM SAĞLIK HİZ. MED.  (0061000500) - Turkey	Won	Approved
O1025549	Dicle Üniv_UR_2025_1866568	Approved	Approved
O1025201	Clone of ESOGÜ BAP_CC_DT	Won	Approved
O1023177	YAŞAM LAB_SWA	Won	Approved
O1024122	HASEKİ EAH_RTD_DT_HER 2_30042025	Approved	Approved
O1027620	MARMARA LLPL 2027_2 - 2026-09-30 - 25000 EUR - ÖZDEN ÖZER Marmara Losemi Lenf (0061000512) Turkey	Approved	Disapproved
O1027620	MARMARA LLPL 2027_2 - 2026-09-30 - 25000 EUR - ÖZDEN ÖZER Marmara Losemi Lenf (0061000512) Turkey	Approved	Approved
O1018438	KOCAELİ DH_İHC_PAZARLIK_2022_1308558	Won	Reset
O1018438	KOCAELİ DH_İHC_PAZARLIK_2022_1308558	Won	Approved
O1023464	Clone of MEDICANA HASTANELERİ_COAG_2 YILLIK_20112024	Approved	Approved
O1023464	Clone of MEDICANA HASTANELERİ_COAG_2 YILLIK_20112024	Approved	Disapproved
O1026961	2026_791648_PAMUKKALE ÜNİVERSİTESİ_SWA	Approved	Disapproved
O1026961	2026_791648_PAMUKKALE ÜNİVERSİTESİ_SWA	Approved	Approved
O1026628	2026_562481_GÜMÜŞHANE İSM_SWA	Approved	Approved
O1026628	2026_562481_GÜMÜŞHANE İSM_SWA	Approved	Disapproved
O1026628	2026_562481_GÜMÜŞHANE İSM_SWA	Approved	Disapproved
O1021428	Coaguchek XS Pro_MİT - 2024-04-15 - 30000 - TRY - T.C. CUMHURBAŞKANLIĞI MİLLİ İS (0061000344) - Turkey	Won	Approved
O1027728	432_2026_IM_KKTC BAKANLIK_2 CİHAZ SATIŞ	Approved	Approved
O1022196	Clone of Clone of BİOLAB_VİZYON ÇALIŞTAYI_05.07.2024	Won	Approved
O1019566	ANKARA ÜNİVERSİTESİ_RTD_ANTIKOR_4.KISIM_2023_333188	Completed	Approved
O1017904	FIRAT ÜNİVERSİTESİ_ID_2022_904234	Approved	Approved
O1021251	DİYARBAKIR İSM_IM_2024_35156	Approved	Approved
O1020646	DATA LAB_CC_01112023	Completed	Approved
O1024683	Clone of Adana Sistem Swa - 2025-02-26 - 50000 EUR - DETAY LAB. CİH. SAN. VE TİC. A (0061000026) Turkey	Won	Disapproved
O1024683	Clone of Adana Sistem Swa - 2025-02-26 - 50000 EUR - DETAY LAB. CİH. SAN. VE TİC. A (0061000026) Turkey	Won	Approved
O1027322	TRAKYA BÖLGE ÖZEL HASTANELER_2H_SWA_V2_06072026	In Progress	Disapproved
O1023143	Clone of Atatürk Ünv_ISD - 2025-03-31 - 80000 EUR - NUKLEUS SAĞLIK ÜRÜNLERİ TANI H (0061000175) Turkey	Approved	Reset
O1025050	Clone of PROLAB_CC_IM_09042025	Won	Approved
O1020693	Cintec Plus & Ish - 2023-12-18 - 4800000 - TRY - MARDİN DEV HST PATOLOJİ LAB (0061001774) - Turkey	Completed	Approved
O1021735	İSTANBUL ÜNİVERSİTESİ_ÇAPA SWA_2024_499968	Approved	Cancelled
O1021735	İSTANBUL ÜNİVERSİTESİ_ÇAPA SWA_2024_499968	Approved	Approved
O1027476	NCR_SWA_2026 - 2026-09-01 - 300000 EUR - GÜNEY TIP TIBBİ CİH.KİM.MADD.L (0061000029) Turkey	Approved	Approved
O1017997	BEZMİ ALEM_RTD_CES_10102022	Approved	Approved
O1019229	ÖZEL KARATEKİN HST_CC_IM_230320	Completed	Approved
O1026514	2026_474167_SAKARYA EAH_RTD_IHC	Won	Approved
O1018473	Gazi Ünv_HPV-HIV DT - 2023-03-30 - 624000 - TRY - GAZİ ÜNİVERSİTESİ TIP FAKÜLTES (0061000084) - Turkey	Won	Approved
O1025515	Clone of BOZOK ÜNV_SWA_PAZARLIK_2025_1837376	Won	Approved
O1020084	ÇANAKKALE ONSEKİZ MART ÜNİVERSİTESİ_ID_2023_718896	Approved	Approved
O1016915	SÜLEYMAN DEMİREL ÜNİVERSİTESİ_IM_2022_344465	Approved	Disapproved
O1016915	SÜLEYMAN DEMİREL ÜNİVERSİTESİ_IM_2022_344465	Approved	Approved
O1016915	SÜLEYMAN DEMİREL ÜNİVERSİTESİ_IM_2022_344465	Approved	Disapproved
O1016915	SÜLEYMAN DEMİREL ÜNİVERSİTESİ_IM_2022_344465	Approved	Disapproved
O1025773	Clone of Garanti Bankası - 2026-01-20 - 15000 EUR - ALGEN TIBBİ ÜRÜNLER VE SAĞLIK  (0061000032) Turkey	Won	Approved
O1026880	MERSİN ÜNİ DT HIV 86028 - 2026-06-25 - 5000000 TRY - MERSİN ÜNİVERSİTESİ REKTÖRLÜĞÜ (0061004230) Turkey	Won	Approved
O1019474	ONDOKUZ MAYIS ÜNV_CARD_DAT_2023_307706	Approved	Approved
O1019474	ONDOKUZ MAYIS ÜNV_CARD_DAT_2023_307706	Approved	Cancelled
O1023332	KAHRAMANMARAŞ İSM_PAZARLIK_ID_2025_902	Approved	Approved
O1023332	KAHRAMANMARAŞ İSM_PAZARLIK_ID_2025_902	Approved	Disapproved
O1027338	ERK DIA-MERSİN GIDA KONTR - 2026-08-27 - 200000 TRY - ERK DIAGNOSTIK OZEL SAGLIK HIZ (0061006093) Turkey	Approved	Approved
O1016904	BAŞARI HAST_CC_IM - 2022-08-01 - 1000000 - TRY - ÖZGÜN KİMYEVİ MADDE TIBBİ MALZ (0061000040) - Turkey	Won	Approved
O1018433	İSTANBUL ÜNİVERSİTESİ CERRHAPŞA_RTD_CTF FITC_30112022	Won	Cancelled
O1018433	İSTANBUL ÜNİVERSİTESİ CERRHAPŞA_RTD_CTF FITC_30112022	Won	Approved
O1023744	Clone of AMERİKAN HASTANESİ_GLUCOMETRE_POC_21012025	Cancelled	Cancelled
O1023744	Clone of AMERİKAN HASTANESİ_GLUCOMETRE_POC_21012025	Cancelled	Approved
O1024694	KOCAELI ÜNİVERSİTESİ_RTD_FITC_29072025	Won	Approved
O1018483	GAZİ DT-2 - 2023-02-23 - 57600 - TRY - GAZİ ÜNİVERSİTESİ TIP FAKÜLTES (0061002785) - Turkey	Won	Approved
O1022234	SİLİFKE DH_ID_2024_915213	Approved	Approved
O1020009	MEDİCALPOİNT_CC_IM_19072023	Approved	Approved
O1018968	GAZİ ÜNİVERSİTESİ_RTD_DT_09022023	Won	Approved
O1027448	ACIBADEM_RTD_EGFR_22072026	Won	Approved
O1027131	ARAS MEDİKAL_CC_IM_4 KURUM_ESENLER AVICENNA_ORION_ESENKENT ELITIUM_19062026	Won	Approved
O1024412	Clone of ETLİK PPP ODS - 2025-03-03 - 13200 EUR - TECHNO HEALTH LAB.DİAGNOSTİK S (0061003872) Turkey	Cancelled	Reset
O1024412	Clone of ETLİK PPP ODS - 2025-03-03 - 13200 EUR - TECHNO HEALTH LAB.DİAGNOSTİK S (0061003872) Turkey	Cancelled	Reset
O1024412	Clone of ETLİK PPP ODS - 2025-03-03 - 13200 EUR - TECHNO HEALTH LAB.DİAGNOSTİK S (0061003872) Turkey	Cancelled	Reset
O1024412	Clone of ETLİK PPP ODS - 2025-03-03 - 13200 EUR - TECHNO HEALTH LAB.DİAGNOSTİK S (0061003872) Turkey	Cancelled	Approved
O1022682	KARTAL EAH_RTD_HC_PAZARLIK_2024_1336572	Approved	Approved
O1020155	Tekirdağ PPP İHK EK - 2023-09-30  - EUR - ÖZGÜN KİMYEVİ MADDE TIBBİ MALZ (0061000040) - Turkey	Completed	Cancelled
O1020155	Tekirdağ PPP İHK EK - 2023-09-30  - EUR - ÖZGÜN KİMYEVİ MADDE TIBBİ MALZ (0061000040) - Turkey	Completed	Approved
O1027115	SsdwLab 6 On prem maint.W/O interface -M	Won	Approved
O1017387	Clone of TAKSİM GAZİOSMANPAŞA EAH_RTD_HC_2022_632486	Won	Disapproved
O1017387	Clone of TAKSİM GAZİOSMANPAŞA EAH_RTD_HC_2022_632486	Won	Approved
O1022139	DÜZCE ÜNİVERSİTESİ_ID_2024_796028	Approved	Approved
O1019833	KASTAMONU İLÇE CC_2023_563351	Approved	Approved
O1017147	BOZYAKA EAH_CLEANTEKS MAYIS SİPAİRŞİ_02062022	Completed	Approved
O1019073	KIRIKKALE ÜNİVERSİTESİ_CC_2023_154435	Completed	Approved
O1025817	M City Hosp - 2026-02-28 - 60000 EUR - DETAY LAB. CİH. SAN. VE TİC. A (0061000026) Turkey	Approved	Approved
O1025817	M City Hosp - 2026-02-28 - 60000 EUR - DETAY LAB. CİH. SAN. VE TİC. A (0061000026) Turkey	Approved	Disapproved
O1022189	GAZİ ÜNİVERSİTESİ_RTD MOLEKÜLER_DT_18072024	Approved	Approved
O1027244	U.Ü_POC INFINITY KİRA - 2026-07-31 - 1000 EUR - DEVA KİMYA SANAYİ VE TİCARET L (0061000074) Turkey	Approved	Approved
O1026827	ANTALYA YAŞAM HASTANESİ_E402 KİRA_06052026	Approved	Disapproved
O1026827	ANTALYA YAŞAM HASTANESİ_E402 KİRA_06052026	Approved	Approved
O1020111	ÇORUM İSM_COAG_2023_688843	Approved	Approved
O1023290	Tekirdağ PPP Ek İHK Cihaz - 2025-01-31 - 7000 EUR - ÖZGÜN KİMYEVİ MADDE TIBBİ MALZ (0061000040) Turkey	Approved	Approved
O1019211	DEVA_SWA_ 2023	Approved	Approved
O1024421	GENKÖK_RTD_SEQ_DT_21062025	Approved	Approved
O1024574	Clone of ADIYAMAN İSM_HK_2025_314513	Won	Approved
O1027800	2026_1418685_7.KISIM_CC_IM_ANTALYA İSM_ALANYA_KEPEZ DH_CİHAZ SATIŞ_v2	Approved	Approved
O1018439	GÜLHANE EAH_RTD_IHK_2022_1185797	Won	Approved
O1022163	Meü HIV RNA DT - 2024-08-21 - 1000000 TRY - MERSİN ÜNİVERSİTESİ REKTÖRLÜĞÜ (0061004230) Turkey	Approved	Approved
O1027652	2026_1611184_İSTANBUL ÜNİV_ÇAPA_PAZARLIK_Her2 Dual-ISH	Won	Approved
O1023630	KOCAELİ ÜNİVERSİTESİ_RTD_DT_IHC_HC_11022025	Completed	Approved
O1021807	GAZİ ÜNİVERSİTESİ_RTD_IHC_1.KISIM_2024_571410	Approved	Approved
O1023417	<KG>_<ADB tender, Lab2000>_<2025>	Approved	Approved
O1018600	<AZ>_<Aqualab COAG>_<2023>	Approved	Approved
O1018028	TRAKYA ÜNİVERSİTESİ_RTD_HK_DT_12102022	Completed	Approved
O1020673	KIRIKKALE İSM_YİH_IM_2023_1151885	Completed	Approved
O1020673	KIRIKKALE İSM_YİH_IM_2023_1151885	Completed	Cancelled
O1020664	YOZGAT İSM_IM_2023_1116697	In Progress	Disapproved
O1020664	YOZGAT İSM_IM_2023_1116697	In Progress	Disapproved
O1023395	Clone of ACIBADEM_5 KURUM_CC_IM_REVİZE TEST_09012025	Approved	Approved
O1025552	Mersin Üni DT - 2025-12-09 - 100000 EUR - DETAY LAB. CİH. SAN. VE TİC. A (0061000026) Turkey	Won	Approved
O1025459	İzmir PPP Navify - 2025-10-31 - 2250750 TRY - NUKLEUS SAĞLIK HİZMETLERİ A.Ş. (0061000175) Turkey	Won	Approved
O1024902	Atatürk Ünv. BAP Alımı - 2025-09-30 - 26980 EUR - ÖZGÜL EĞİTİM SAĞLIK HİZ. MED.  (0061000500) Turkey	Won	Approved
O1026057	2026_90729_EDİRNE İSM_IHC	Won	Approved
O1019650	TIPBAY_KARATAŞ HS_ID_15052023	Approved	Approved
O1021772	ANTALYA İSM_DÖŞEMEALTI DH_ID_2024_520875	Approved	Approved
O1018880	G.ANTEP_İSM_KİRA_ANT - 2023-02-01 - 7500000 - TRY - GÜNEY TIP TIBBİ CİH.KİM.MADD.L (0061000029) - Turkey	Won	Approved
O1019507	REYAP HASTANESİ_CC_IM_12052023	Approved	Approved
O1019507	REYAP HASTANESİ_CC_IM_12052023	Approved	Cancelled
O1017679	MEDİKALPOİNT HASTANESİ_COAG_01092022	Approved	Approved
O1023759	GAZİ ÜNİVERSİTESİ_RTD_HC_80766_27022025	Completed	Approved
O1023919	ANTALYA İSM_1.KISIM_HC_2025_303978	Approved	Approved
O1020841	SONOMED_IM_08122023	Approved	Approved
O1017970	İZMİR İSM_13.KISIM_SWA_PREANALİTİK_2022_952564	Approved	Approved
O1018899	İSTANBUL ÜNİVERSİTESİ_RTD_CISH_2023_57898	Won	Approved
O1019870	Clone of TRAKYA ÜNİVERSİTESİ_IM FT4_CEA_CEA15-3 DT_13062023	Won	Approved
O1025840	K.MARAŞ_İSM_ID_PAZARLIK_2025_2438204	Approved	Approved
O1017779	Medikalpark_Coag - 2022-11-01 - 400000 - TRY - GÜNEY TIP TIBBİ CİH.KİM.MADD.L (0061000029) - Turkey	Approved	Approved
O1021495	KKTC_GİRNE ETİK_CC_16042024	Won	Approved
O1027869	2026_1429227_GİRESUN İSM_PULSE	Approved	Approved
O1026016	AVRUPA TIP MERKEZİ_CC_IM_30012026	Approved	Approved
O1021229	GEDİZ DH_IM_ID_DT_31012024	Won	Approved
O1020919	<KZ>_<ALMATY_UDP>_<2024>	Approved	Disapproved
O1020919	<KZ>_<ALMATY_UDP>_<2024>	Approved	Approved
O1017723	İSTANBUL ÜNİVERSİTESİ ÇAPA_RMD_MP24_05092022	In Progress	Started
O1025347	SİVAS İSM_IHC_2025_1695884	Won	Approved
O1017267	İSTANBUL ÜNİVERSİTESİ ÇAPA_RTD_HC_2022_489827	Approved	Approved
O1021836	Clone of Gülnar Devlet Pazarlık - 2024-05-29 - 90000 EUR - DETAY LAB. CİH. SAN. VE TİC. A (0061000026) Turkey	Won	Approved
O1019966	DT HPV Cobas - 2023-07-24 - 1680000 - TRY - FIRAT ÜNİVERSİTESİ TIP FAKÜLTE (0061002774) - Turkey	Won	Reset
O1019966	DT HPV Cobas - 2023-07-24 - 1680000 - TRY - FIRAT ÜNİVERSİTESİ TIP FAKÜLTE (0061002774) - Turkey	Won	Approved
O1027697	Clone of BURSA PPP IHC Antikor - Yeni Dönem	Won	Approved
O1023085	GAZİYAŞARGİL İHK 250 TEST - 2024-12-30 - 1800000 TRY - DİYARBAKIR GAZİ YAŞARGİL EĞİTİ (0061004308) Turkey	Completed	Approved
O1023085	GAZİYAŞARGİL İHK 250 TEST - 2024-12-30 - 1800000 TRY - DİYARBAKIR GAZİ YAŞARGİL EĞİTİ (0061004308) Turkey	Completed	Reset
O1019789	KIRKLARELİ İSM_CC_IM_PAZARLIK_2023_555200	Approved	Approved
O1019789	KIRKLARELİ İSM_CC_IM_PAZARLIK_2023_555200	Approved	Disapproved
O1026117	Emekli Sandığı CC _2026	Approved	Approved
O1022421	GAZİ ÜNİVERSİTESİ_RTD_KİT_27082024	Won	Approved
O1027749	İSTANBUL HOSPITAL_CC_IM_V2_303_E402_31082026	Approved	Approved
O1017109	SAMSUN İLÇE_COAG - 2023-11-30 - 900000 - TRY - İLMED İLAÇ ve MEDİKAL ÖZEL  LA (0061000027) - Turkey	Approved	Disapproved
O1017109	SAMSUN İLÇE_COAG - 2023-11-30 - 900000 - TRY - İLMED İLAÇ ve MEDİKAL ÖZEL  LA (0061000027) - Turkey	Approved	Disapproved
O1017109	SAMSUN İLÇE_COAG - 2023-11-30 - 900000 - TRY - İLMED İLAÇ ve MEDİKAL ÖZEL  LA (0061000027) - Turkey	Approved	Approved
O1022580	TOBB ETÜ_SWA_1	Approved	Disapproved
O1022580	TOBB ETÜ_SWA_1	Approved	Approved
O1024374	SAKARYA İSM_IM_ID_2025_830457	Won	Approved
O1021619	Clone of MERSİN İSM_İLÇELER_CC_2024_284110	Approved	Approved
O1021619	Clone of MERSİN İSM_İLÇELER_CC_2024_284110	Approved	Cancelled
O1025912	Clone of ÖZEL ERCİYES HAS_CC_IM_25092025	Won	Approved
O1024298	BALIKESİR İSM_ATATÜRK ŞEHİR HASTANESİ_RTD_2025_596930	Approved	Approved
O1023193	Clone of Lokman Hekim Alab_Revize - 2024-12-31 - 1800000 EUR - LOKMAN HEKİM AKAY TIBBİ HİZ.Tİ (0061004603) Turkey	Completed	Approved
O1023193	Clone of Lokman Hekim Alab_Revize - 2024-12-31 - 1800000 EUR - LOKMAN HEKİM AKAY TIBBİ HİZ.Tİ (0061004603) Turkey	Completed	Disapproved
O1024125	TEKİRDAĞ HS_EK CİHAZ KİRASI_30042025	Won	Approved
O1016844	DİCLE UNV_3.KISIM_2022_281031 - 2022-05-23 - 5750000 - TRY - DICLE UNV TIP (0061002669) - Turkey	Approved	Approved
O1025377	UZ_Republican Blood banks Project (NAT-PP6) RR 8.0 EUR	Approved	Approved
O1020914	YEDİTEPE ÜNİVERSİTESİ_CC_IM_13122023	Completed	Approved
O1018695	ÇANAKKALE HS_CC_IM_ID_ALTERNATİF 1_2022_1473341	Approved	Approved
O1018808	İZMİT SEKA DH_RTD_PAZARLIK_2023_30014	Approved	Approved
O1027781	Clone of MEDİPOL IHC_HC_Temmuz 2026	Approved	Approved
O1026882	MERSİN ÜNİ HER2 DUA 86137 - 2026-06-25 - 1000000 TRY - MERSİN ÜNİVERSİTESİ REKTÖRLÜĞÜ (0061004230) Turkey	Won	Approved
O1022427	Fırat Uni Dt 3434 FITCH - 2024-09-16 - 140000 TRY - FIRAT ÜNİVERSİTESİ HASTANESİ F (0061003864) Turkey	Won	Approved
O1021546	SİSTEM LABORATUVARI_ CC IM_02042024	Completed	Approved
O1017368	ANKARA DR.ABDURRAHMAN YURTASLAN HASTANESİ_RTD_2.KISIM_LAMBDA_2022_663703	Won	Approved
O1020062	SELÇUK ÜNV_COAG_2023_716100	Approved	Approved
O1025386	MUĞLA EAH_RMD_2025_1815651	Approved	Approved
O1022564	ELİPS ACIBADEM SARF - 2024-10-30 - 0 EUR - ELİPS SAĞLIK ÜRÜNLERİ İTH.VE İ (0061000064) Turkey	Approved	Approved
O1018823	Utkan Med_Dünya_CC_IM - 2023-03-23 - 2000000 - TRY - DİYAR-MED SAĞLIK ÜRÜNLERİ San. (ACC-0004052772) - Turkey	Completed	Approved
O1024606	İZMİR İSM_9.KISIM_HPV_2025_890706	In Progress	Started
O1024606	İZMİR İSM_9.KISIM_HPV_2025_890706	In Progress	Disapproved
O1027418	2026_1310615 AYDIN ŞEHİR HST_PAZARLIK_IHC	Approved	Approved
O1022853	VAN YÜZÜNCÜ YIL ÜNV_ID_2024_1360084	Approved	Disapproved
O1022853	VAN YÜZÜNCÜ YIL ÜNV_ID_2024_1360084	Approved	Approved
O1027251	MERSİN YENİŞEHİR-ERDEMLİ YENİŞEHİR HASTANELERİ_SWA_29062026	Approved	Approved
O1019444	BOZYAKA EAH_CC_IM_2023_377635	Won	Approved
O1024722	MN_Military_pure upd	Won	Approved
O1022188	İZMİR MEDİKAL POINT_GLUKOMETRE_COBAS PULSE_18072024	In Progress	Started
O1020406	ADANA İSM_İLÇELER_CC_IM_2023_932087	Approved	Approved
O1018470	PENDİK YÜZYIL HASTANESİ_CC_IM_COBAS PRO_11122022	Won	Approved
O1020942	YUNUS EMRE DH_NEFELOMETRE_PAZARLIK_2023_1483838	Completed	Approved
O1025325	Clone of BİOLAB_IHC_26092025	Approved	Approved
O1019852	ÇANAKKA DH_UR_PAZARLIK_12062023	Won	Approved
O1023924	REFERANS LAB_SWA_COBAS 6000_V2_27032025	Approved	Approved
O1022678	DENİZLİ DH_RTD_IHC_2024_1336899	Completed	Approved
O1020130	ANTALYA ZİRAİ_SEQ_04082023	Completed	Approved
O1022340	GAZİANTEP_ÜNİ_ID_2024_1031508	Approved	Approved
O1018901	BÜLENT ECEVİT ÜNİVERSİTESİ_RTD_DT_176 NOLU ALIM_31012023	Won	Approved
O1022341	İSLAB2 KİRA_COBAS 788_ OTOASYON PARÇALARI_16082024	Won	Approved
O1026593	Clone of Gentan  2026-27 KAPA - 2026-01-26 - 1500000 TRY - GENTAN ÖZEL SAĞLIK HİZMETLERİ  (0061005485) Turkey	Won	Approved
O1023054	OMU_ID_ 2024_1555583	Won	Approved
O1023054	OMU_ID_ 2024_1555583	Won	Disapproved
O1021859	PENDİK BÖLGE HASTANESİ_CC_IM_09062024	Approved	Approved
O1023802	KONYA İSM_İLÇELER_BG_2025_214337	Approved	Approved
O1025318	GİRESUN İSM ISE NEO KİRA - 2025-10-27 - 40000 EUR - İLMED İLAÇ ve MEDİKAL ÖZEL  LA (0061000027) Turkey	Won	Approved
O1025318	GİRESUN İSM ISE NEO KİRA - 2025-10-27 - 40000 EUR - İLMED İLAÇ ve MEDİKAL ÖZEL  LA (0061000027) Turkey	Won	Disapproved
O1025318	GİRESUN İSM ISE NEO KİRA - 2025-10-27 - 40000 EUR - İLMED İLAÇ ve MEDİKAL ÖZEL  LA (0061000027) Turkey	Won	Cancelled
O1025086	MANAVGAT DH_IHC_ DT_25092025	Won	Approved
O1025626	Clone of Clone of Antalya Yaşam Hast._SWA_19092025	Won	Approved
O1025626	Clone of Clone of Antalya Yaşam Hast._SWA_19092025	Won	Cancelled
O1025626	Clone of Clone of Antalya Yaşam Hast._SWA_19092025	Won	Cancelled
O1019162	ACIBADEM_MULTIPLATE_07032023	Approved	Approved
O1020276	TRABZON İSM PCR_2023_784196	Approved	Approved
O1024816	SİVAS İSM_COAG_2025_1027222	Approved	Approved
O1022183	Toros Selime SWA - 2024-10-17 - 400000 EUR - DETAY LAB. CİH. SAN. VE TİC. A (0061000026) Turkey	Approved	Approved
O1022183	Toros Selime SWA - 2024-10-17 - 400000 EUR - DETAY LAB. CİH. SAN. VE TİC. A (0061000026) Turkey	Approved	Disapproved
O1022183	Toros Selime SWA - 2024-10-17 - 400000 EUR - DETAY LAB. CİH. SAN. VE TİC. A (0061000026) Turkey	Approved	Reset
O1018378	SİNOP İSM - ID - 2022-12-31 - 1200000 - TRY - İLMED İLAÇ ve MEDİKAL ÖZEL  LA (0061000027) - Turkey	Approved	Approved
O1022095	DÜZCE ÜNİVERSİTESİ_RTD_DT_01072024	Won	Approved
O1024193	BALIKESİR ATATÜRK DH_RTD_IHC_2025_675501	Won	Approved
O1026295	2026_305973_KASTAMONU EAH_RTD_IHC	Approved	Disapproved
O1026295	2026_305973_KASTAMONU EAH_RTD_IHC	Approved	Approved
O1025859	DİACORE BAŞAKŞEHİR PPP - 2025-11-30 - 9000000 EUR - DİACORE DİAGNOSTİK SİSTEMLER A (0061006157) Turkey	Cancelled	Disapproved
O1020220	EGE ÜNİVERSİTESİ_RTD_HC_2023_803985	Completed	Approved
O1020163	Clone of GÜVEN HASTANESİ_RTD_DT_HER2_07082023	Completed	Approved
O1021145	ÖZEL JİMER HASTANESİ_CC_IM_24012024	Completed	Approved
O1016780	EGE ÜNİVERSİTESİ_RTD_IHC_2022_248953	Won	Approved
O1021935	Samsun EAH Genetik Cihaz - 2024-08-23 - 144000 EUR - NUCLEUS GENETİK ÜRÜNLERİ ANONİ (0061005513) Turkey	Approved	Approved
O1021396	AKSARAY EAH_ RTD HPV DT_29022024	Completed	Approved
O1019793	KATİP ÇELEBİ ÜNİVERSİTESİ HASTANESİ_RMD_VIROLOJI_2023_623743	Approved	Approved
O1023972	ÖZEL ÇORUM HST - 2025-04-15 - 170000 EUR - İLMED İLAÇ ve MEDİKAL ÖZEL  LA (0061000027) Turkey	Won	Disapproved
O1023972	ÖZEL ÇORUM HST - 2025-04-15 - 170000 EUR - İLMED İLAÇ ve MEDİKAL ÖZEL  LA (0061000027) Turkey	Won	Approved
O1024702	SİVAS İSM_UR_BG_COAG_2025_1027222	Approved	Approved
O1022855	GÜLHANE EAH_RTD_PROJE ÜRÜNLERİ_04112024	Won	Approved
O1026572	Metabio_LC 480_03042026	In Progress	Cancelled
O1019490	Clone of Clone of Clone of 2023_KZ_Olymp-All instruments_DRAFT	Approved	Approved
O1019490	Clone of Clone of Clone of 2023_KZ_Olymp-All instruments_DRAFT	Approved	Cancelled
O1019490	Clone of Clone of Clone of 2023_KZ_Olymp-All instruments_DRAFT	Approved	Cancelled
O1019490	Clone of Clone of Clone of 2023_KZ_Olymp-All instruments_DRAFT	Approved	Cancelled
O1020720	Selçuk Unı DT 3 ID - 2023-11-30 - 50000 - EUR - DETAY LAB. CİH. SAN. VE TİC. A (0061000026) - Turkey	Won	Approved
O1018185	ONDOKUZ MAYIS ÜNV_Moleküler Onkoloji_2022_1088161	Won	Approved
O1020357	CENTRO LABORATUVARI_SWA_21092023	Approved	Cancelled
O1020357	CENTRO LABORATUVARI_SWA_21092023	Approved	Approved
O1025903	Bursa & Basaksehir PPP GLUKOMETRE PULSE - 2025-12-31 - 1500000 EUR - DİACORE DİAGNOSTİK SİSTEMLER A (0061006157) Turkey	Cancelled	Approved
O1017062	AKDENİZ ÜNİVERSİTESİ_GLUCOMETRE_YAKLAŞIK MALİYET_18052022	Approved	Approved
O1019463	AZ_LS_ITS Tender - 2023-09-01 - 341.885 - EUR - Labservis Ltd. (0061000004) - Azerbaijan	Won	Approved
O1021065	DORA HOSPITAL_CC_15012024	Completed	Approved
O1018386	DT ISH Alımı - 2022-12-19 - 2400000 - TRY - DİYARBAKIR GAZİ YAŞARGİL EĞİTİ (0061004308) - Turkey	Won	Approved
O1025880	2025_2040997_AKDENİZ ÜNİ_IHC	Approved	Disapproved
O1025880	2025_2040997_AKDENİZ ÜNİ_IHC	Approved	Approved
O1026663	2026_583262_2.KISIM_IM_KONYA İSM_MERAM DH	Approved	Approved
O1024928	ESKİŞEHİR OSMANGAZİ ÜNV._DT_AAT2	Approved	Approved
O1020506	Proje DAB Alımı - 2023-11-20 - 144000 - TRY - DETAY LAB. CİH. SAN. VE TİC. A (0061000026) - Turkey	Won	Approved
O1023647	ANTALYA EAH_RTD_IHC_IN SITU_2 AYLIK PAZARLIK_2025_197901	Won	Approved
O1026855	NESİLLER GEN. PIK3CA - 2026-07-31 - 10000 EUR - NESİLLER GENETİK TANI VE BİLGİ (0061004271) Turkey	Approved	Approved
O1020725	MEDİKENT HASTANESİ_CC_IM_22112023	Approved	Approved
O1020802	AFYONKARAHİSAR İSM_IM_ID_PAZARLIK_2023_1328339	Won	Approved
O1026372	TEKİRDAĞ HALK SAĞLIĞI_SWA_PAZARLIK_2026_399813	Won	Approved
O1025405	Mersin Üni HCV DT - 2025-11-19 - 300000 EUR - DETAY LAB. CİH. SAN. VE TİC. A (0061000026) Turkey	Won	Approved
O1024534	AMASYA İSM_BG_2025_868484	Approved	Disapproved
O1024534	AMASYA İSM_BG_2025_868484	Approved	Cancelled
O1024534	AMASYA İSM_BG_2025_868484	Approved	Approved
O1020358	Centro_RIE - 2023-11-15 -  BİRUNİ TIBBİ ÜRÜNLER YÖN.ORG.  (0061005096) - Turkey	Approved	Approved
O1021589	MERAM DH_CC_2024_311351	Approved	Disapproved
O1021589	MERAM DH_CC_2024_311351	Approved	Approved
O1020474	Sistem Tıp Ur Mers - 2023-11-08 - 6000 - EUR - DETAY LAB. CİH. SAN. VE TİC. A (0061000026) - Turkey	Completed	Approved
O1020474	Sistem Tıp Ur Mers - 2023-11-08 - 6000 - EUR - DETAY LAB. CİH. SAN. VE TİC. A (0061000026) - Turkey	Completed	Reset
O1017401	EGEPOL HASTANESİ (NASMED)_CC_IM_ID_07072022	Approved	Approved
O1025379	ÇORUM EAH_SWA_2025_1780205	Won	Approved
O1025379	ÇORUM EAH_SWA_2025_1780205	Won	Cancelled
O1025379	ÇORUM EAH_SWA_2025_1780205	Won	Disapproved
O1025379	ÇORUM EAH_SWA_2025_1780205	Won	Cancelled
O1027787	2026_1522690_ANKARA EAH_CC_IM_COAG	Approved	Approved
O1023147	Clone of İZMİR MEDPOINT_GLUCOMETRE_05122024	Approved	Approved
O1024466	ÖZEL BİYOTIP_TORCH_02072025	Won	Cancelled
O1024466	ÖZEL BİYOTIP_TORCH_02072025	Won	Approved
O1026716	UZ_BB_IDT_1x5800	Approved	Approved
O1026716	UZ_BB_IDT_1x5800	Approved	Disapproved
O1020098	DOKUZ EYLÜL ÜNİVERSİTESİ_RTD_ISH_DT_01082023	Won	Approved
O1023971	ÖZEL ELİTPARK HST - 2025-04-15 - 110000 EUR - İLMED İLAÇ ve MEDİKAL ÖZEL  LA (0061000027) Turkey	Won	Approved
O1021115	ADANA İSM_GLU_2023_1441147_Abott	Approved	Approved
O1024671	Diyarbakır ÖBH SWA2025-26 - 2025-09-02 - 277331 EUR - DİYAR-MED SAĞLIK ÜRÜNLERİ SAN. (0061000054) Turkey	Won	Approved
O1024812	Clone of Clone of ETLİK PPP ODS - 2025-03-03 - 13200 EUR - TECHNO HEALTH LAB.DİAGNOSTİK S (0061003872) Turkey	Cancelled	Reset
O1019980	BİOLAB_C311 KİRA _12072023	Approved	Approved
O1021903	GÜLNAR DH_CC_2024_749899	Approved	Approved
O1025349	GOP_UR_2025_1719990	Approved	Approved
O1027571	KIZILAY NAT DOĞRULAMA_2026_2000014207	Approved	Approved
O1018663	LC Probe Master - 2023-01-16 - 66000 - TRY - EPİFARMA KİMYASAL VE TIBBİ ÜRÜ (0061004345) - Turkey	Won	Approved
O1020671	ACIBADEM HASTANESİ_EGFR_06112023	Approved	Approved
O1026320	Turkey check	Approved	Approved
O1018844	GUNCEL 2. TEKLİF HALİ ISPARTA PPP IHK - 2022-12-31 - 1200000 - TRY - ÖZGÜN KİMYEVİ MADDE TIBBİ MALZ (0061000040) - Turkey	Approved	Approved
O1020460	DENİZLİ ÖZEL CERRAHİ HASTANESİ_COAG_09102023	Approved	Approved
O1026271	Tetra Lab. - 2026-04-19 - 125000 EUR - ALGEN TIBBİ ÜRÜNLER VE SAĞ. HİZM. SAN. TİC. A.Ş. Turkey	Approved	Approved
O1018781	AFYONKARAHİSAR ÜNİVERSİTESİ_UR_DT_12012023	Won	Approved
O1025828	ISPARTA SÜLEYMAN DEMİREL ÜNİ_CC_2025_2227010	Approved	Approved
O1023850	ISGEN_SEQ_2025_143468	In Progress	Disapproved
O1025915	2025_2404477_GAZİANTEP İSM_CC_IM	Approved	Approved
O1025814	ZONGULDAK UZUN MEHMET_CC_2025_2442600	Won	Approved
O1021255	GİRESUN İSM_PATOLOJİ_2024_48982	Approved	Approved
O1022620	PD-L1 Anlaşması - 2024-10-25 - 24000 EUR - MERCK İLAÇ ECZA KİMYA TİC.AŞ. (0061000276) Turkey	Won	Approved
O1021669	Clone of BURSA HSL_CC_IM_ID_2024_232425	Completed	Approved
O1021669	Clone of BURSA HSL_CC_IM_ID_2024_232425	Completed	Disapproved
O1026552	AHENK VERTİCAL CCM P701_27022026	Won	Approved
O1017743	KOCAELİ PPP_V5_updt_01.09.2021	In Progress	Started
O1019864	İSTANBUL ÜNİVERSİTESİ ÇAPA_RTD_SISH_2023_577326	Completed	Approved
O1019834	GE_AIDS Center project for 5800 system & HxV Kits	Approved	Approved
O1017757	Clone of Clone of Clone of ZONGULDAK BÜLENT ECEVİT ÜNİVERSİTESİ_CC_IM_2022_41675	Completed	Approved
O1022512	HACETTEPE ÜNİVERSİTESİ_IHK_2024_1008321	In Progress	Disapproved
O1023561	DP 200_GENOMİKS_03022025	Approved	Cancelled
O1023561	DP 200_GENOMİKS_03022025	Approved	Approved
O1023449	ATATÜRK ÜNV_SWA_2024_1897211	In Progress	Disapproved
O1023531	EGE ÜNİVERSİTESİ_RTD_HC_2024_1730133	Won	Approved
O1027436	ÖZEL ANTALYA YAŞAM HASTANELER GRUBU_SWA_16072026_DC	Approved	Approved
O1025989	2026_125904_IĞDIR DH_CC_PAZARLIK	Won	Approved
O1018556	Yaşam Viroloji - 2022-12-28 - 150000 - TRY - DETAY LAB. CİH. SAN. VE TİC. A (0061000026) - Turkey	Approved	Approved
O1018216	VAN İSM_İHK & HK_2022_1066157	Won	Approved
O1022741	ORDU DEVLET DAT - 2024-11-18 - 50000 EUR - İLMED İLAÇ ve MEDİKAL ÖZEL  LA (0061000027) Turkey	Completed	Approved
O1017544	YILDIRIM BEYZIT ÜNİVERSİTESİ EAH_RTD_DT_08082022	Won	Approved
O1016852	TRAKYA ÜNİVERSİTESİ_CARDIAC_2022_277915	Approved	Approved
O1016852	TRAKYA ÜNİVERSİTESİ_CARDIAC_2022_277915	Approved	Disapproved
O1023732	MEDIHOUSE TM_CC_IM_25022025	Approved	Approved
O1023961	Selçuk Ünü Ek Kira - 2025-04-23 - 10000 EUR - DETAY LAB. CİH. SAN. VE TİC. A (0061000026) Turkey	Won	Approved
O1026036	DEÜ VİROLOJİ 2026 - 2026-04-06 - 10000000 TRY - DOKUZ EYLÜL ÜNİVERSİTESİ HASTA (0061003667) Turkey	In Progress	Started
O1024024	TRAKYA ÜNİVERSİTESİ_SWA_2025_515433	Won	Approved
O1022987	KTÜ_10.KISIM_COAG_2024/1423188	In Progress	Started
O1022987	KTÜ_10.KISIM_COAG_2024/1423188	In Progress	Disapproved
O1021946	Clone of Clone of ANKARA EAH_CC_IM_COAG_UR_2024_446841	Approved	Reset
O1013468	TR	In Progress	Started
O1025354	Clone of AZ_InvestCase_26 Sayılı/Suraxanı TM	Won	Disapproved
O1025354	Clone of AZ_InvestCase_26 Sayılı/Suraxanı TM	Won	Approved
O1024924	AYDIN İSM_İLÇELER_UR_2025_1220634	Approved	Approved
O1024924	AYDIN İSM_İLÇELER_UR_2025_1220634	Approved	Disapproved
O1017049	GE_Aversi_BB_Sero - 2022-07-04 - 32,500 EUR - Mirco Ltd. (0061000003) - Georgia	Approved	Approved
O1022248	ÇUKUROVA ÜNV_SP IM_2024_824493	Approved	Approved
O1019228	KONYA HSL_CC_IM_2023_176037	Approved	Approved
O1024529	AMASYA İSM_IM_2025_868484	Approved	Approved
O1024529	AMASYA İSM_IM_2025_868484	Approved	Cancelled
O1024784	BİLECİK İSM_SWA_2025_1077380	Approved	Approved
O1027647	2026_1437877_KAHRAMANMARAŞ İSM_CAR	Approved	Approved
O1024923	İZMİR İSM_SWA _3.KISIM_ALTERNATİF 1_KİRALIK_2025_1235598	Approved	Disapproved
O1024923	İZMİR İSM_SWA _3.KISIM_ALTERNATİF 1_KİRALIK_2025_1235598	Approved	Approved
O1020026	AMASYA İSM_CC_2023_633369	Approved	Approved
O1020026	AMASYA İSM_CC_2023_633369	Approved	Cancelled
O1018155	Clone of ÖZEL MEDİFEMA HASTANESİ_CC_IM_26102022	Won	Approved
O1018672	ETLİK ZÜBEYDE HANIM KADIN HAST_IM_ID_2022_1508987	Won	Approved
O1021314	FATİH SULTAN MEHMET HASTANESİ_RTD_ANTİKOR_DT_12022024	Approved	Approved
O1018384	MLL ÖZDEN ÖZER_RTD_22112022	Completed	Approved
O1021305	KZ_AIDS Center project HIV (5800-Kostanay)	Won	Approved
O1018732	Özel Sevgi Hastanesi - 2023-02-20 - 2150000 - TRY - ÖZEL ORDU SEVGİ HAST (0061002830) - Turkey	Completed	Reset
O1018732	Özel Sevgi Hastanesi - 2023-02-20 - 2150000 - TRY - ÖZEL ORDU SEVGİ HAST (0061002830) - Turkey	Completed	Approved
O1018732	Özel Sevgi Hastanesi - 2023-02-20 - 2150000 - TRY - ÖZEL ORDU SEVGİ HAST (0061002830) - Turkey	Completed	Reset
O1018732	Özel Sevgi Hastanesi - 2023-02-20 - 2150000 - TRY - ÖZEL ORDU SEVGİ HAST (0061002830) - Turkey	Completed	Reset
O1020102	MEDICANA_ATAKÖY_ZİNCİRLİKUYU_CC_IM_ID_31072023	Approved	Cancelled
O1020102	MEDICANA_ATAKÖY_ZİNCİRLİKUYU_CC_IM_ID_31072023	Approved	Approved
O1019670	MARDİN İSM_ID_PAZARLIK_2023_484988	Won	Approved
O1020440	İZMİR TEPECİK EAH_RMD_PAZARLIK_2023_1043092	Completed	Approved
O1017998	KKTC GİRNE ETİK HASTANESİ_CC_14102022	Completed	Approved
O1021061	IĞDIR İSM_ID_2023_1410608	Approved	Cancelled
O1021061	IĞDIR İSM_ID_2023_1410608	Approved	Approved
O1021061	IĞDIR İSM_ID_2023_1410608	Approved	Cancelled
O1021061	IĞDIR İSM_ID_2023_1410608	Approved	Cancelled
O1022978	Clone of KOCAELI UNIVERSITESI DT_17102024	Won	Disapproved
O1022978	Clone of KOCAELI UNIVERSITESI DT_17102024	Won	Approved
O1019161	KTÜ_Dual ISH_2023_185934	Won	Approved
O1022676	ULUN LAB_CC_IM_ID_07102024	Won	Approved
O1022676	ULUN LAB_CC_IM_ID_07102024	Won	Cancelled
O1022676	ULUN LAB_CC_IM_ID_07102024	Won	Cancelled
O1022791	AFYONKARAHİSAR SBÜ_ID_1.KISIM_2024_1485994	Approved	Disapproved
O1022791	AFYONKARAHİSAR SBÜ_ID_1.KISIM_2024_1485994	Approved	Approved
O1026952	Clone of AK HAYAT_2026_662121_3.KISIM_İSLAB_2_RMD	Approved	Approved
O1026876	Clone of Metabio 2026_08052026	Won	Approved
O1021544	İZMİR MEDPOINT_GLUCOMETRE_27032024	Approved	Disapproved
O1021544	İZMİR MEDPOINT_GLUCOMETRE_27032024	Approved	Approved
O1027077	ÖZEL ERZİN SEVGİ HASTANESİ_CC_12062026	Won	Approved
O1027778	2026_1579967 PAMU_PAZARLIK_HPV	Approved	Approved
O1025571	MALATYA İSM_IM_2025_1955668	Approved	Approved
O1022346	OSMANİYE İSM_UR_2024_945803	Approved	Approved
O1026079	2026_3 AKSARAY EAH_CC_IM	Approved	Approved
O1019933	MEDIAN ÖZEL MEDİKUM HASTANESİ_IM_ID_11072023	Approved	Reset
O1019933	MEDIAN ÖZEL MEDİKUM HASTANESİ_IM_ID_11072023	Approved	Approved
O1016941	p16 Medikal Değer - 2022-05-30 - 75000 - TRY - VAN BÖLGE EĞİTİM VE ARAŞTIRMA  (0061004046) - Turkey	Won	Approved
O1027891	MERSİN YENİŞEHİR HASTANESİ_COAG_29062026	Won	Approved
O1016948	IĞDIR HSL  DT 2022 - 2022-07-25 - 840000 - TRY - IĞDIR İL SAĞLIK MÜDÜRLÜĞÜ (0061004303) - Turkey	Completed	Approved
O1017822	ELMALI DH_IM_ID_2022_634782	Won	Cancelled
O1017822	ELMALI DH_IM_ID_2022_634782	Won	Approved
O1025285	K.MARAŞ SÜTÇÜ İMAM ÜNİVERSİTESİ_1.KISIM_CC_IM_2025_1535884	Approved	Approved
O1017288	ATLAS HASTANESİ_CC_IM_ID_17062022	Approved	Approved
O1017425	KARAMAN İSM_UR_2022_676493	Approved	Approved
O1024116	Her2&Chr17 BAP Proje - 2025-05-30 - 872700 TRY - K.T.Ü. REK. BİL. ARŞ. PROJ. KO (0061000462) Turkey	Won	Approved
O1020425	Clone of AVUSTURYA SEN JORJ HASTANESİ_CC_IM_17072023	Completed	Approved
O1024250	SELÇUK ÜNV_IM_2025_679482	Cancelled	Approved
O1023442	LETON HASTANESİ_FETMED_SWA_21012025	Approved	Approved
O1018934	VM MedicalPark IHC - 2023-02-28 - 3750000 - TRY - SAMSUN MEDICAL PARK HASTANESİ (0061002458) - Turkey	Approved	Approved
O1021478	Kütahya PPP Antikor - 2024-04-30 - 25000 - EUR - ÖZGÜN KİMYEVİ MADDE TIBBİ MALZ (0061000040) - Turkey	Completed	Approved
O1026403	2026_225236 EGE ÜNİV_ID	Approved	Cancelled
O1026403	2026_225236 EGE ÜNİV_ID	Approved	Cancelled
O1026403	2026_225236 EGE ÜNİV_ID	Approved	Approved
O1026403	2026_225236 EGE ÜNİV_ID	Approved	Disapproved
O1024736	BARTIN DH_IHC_2025_1124705	Approved	Approved
O1025837	DİACORE BAŞAKŞEHİR PPP - 2025-11-30 - 9000000 EUR - DİACORE DİAGNOSTİK SİSTEMLER A (0061006157) Turkey	Cancelled	Disapproved
O1025837	DİACORE BAŞAKŞEHİR PPP - 2025-11-30 - 9000000 EUR - DİACORE DİAGNOSTİK SİSTEMLER A (0061006157) Turkey	Cancelled	Cancelled
O1024369	KOÇ ÜNİVERSİTESİ HASTANESİ_SWA_V2_23072025	In Progress	Started
O1024468	Bursa PPP Danışmanlık - 2025-07-31 - 20000 EUR -  Turkey	Approved	Cancelled
O1024468	Bursa PPP Danışmanlık - 2025-07-31 - 20000 EUR -  Turkey	Approved	Approved
O1027519	PAÜ p16 DT 2026-9778 - 2026-08-03 - 10560000 TRY - PAMUKKALE ÜNİVERSİTESİ (0061000235) Turkey	Won	Approved
O1027806	2026_1418685_7.KISIM_CC_IM_ANTALYA İSM_ALANYA_KEPEZ DH_DC_v2	In Progress	Disapproved
O1023625	BİNGÖL İSM_IHC_2025_44615	Approved	Approved
O1027293	DİACORE BAŞAKŞEHİR PPP  IHK Cihaz Kira	Won	Approved
O1021448	Mol.Onk. DT - 2024-04-12 - 7329600 - TRY - ONDOKUZ MAYIS ÜNV. SAĞ.UYG.ARŞ (0061000540) - Turkey	Won	Approved
O1021671	BURSA HSL_CİHAZ KİRA_2024_232425	Approved	Approved
O1027927	Clone of Tes_client_3.26.8.0	In Progress	Started
O1023537	ETLİK PPP ODS - 2025-03-03 - 13200 EUR - TECHNO HEALTH LAB.DİAGNOSTİK S (0061003872) Turkey	Cancelled	Reset
O1023537	ETLİK PPP ODS - 2025-03-03 - 13200 EUR - TECHNO HEALTH LAB.DİAGNOSTİK S (0061003872) Turkey	Cancelled	Approved
O1023537	ETLİK PPP ODS - 2025-03-03 - 13200 EUR - TECHNO HEALTH LAB.DİAGNOSTİK S (0061003872) Turkey	Cancelled	Reset
O1016927	GAZİ ÜNİVERSİTESİ_RTD_DT_DAB_22042022	Completed	Approved
O1019795	PD-L1 BAP ALIMI - 2023-06-30 - 555000 - TRY - KTÜ PROJE KOORDİNASYON UYGULAM (0061005569) - Turkey	Won	Approved
O1027718	432_2026_IM_KKTC BAKANLIK_V1_TÜM CİHAZLAR KİRALIK	Approved	Approved
O1022882	BARTIN İSM_ CC_IM_COAG_2024_1359721	Approved	Disapproved
O1022882	BARTIN İSM_ CC_IM_COAG_2024_1359721	Approved	Approved
O1022911	ATATÜRK EAH KATİP ÇELEBİ_RMD_2024_1443095	Approved	Approved
O1022911	ATATÜRK EAH KATİP ÇELEBİ_RMD_2024_1443095	Approved	Disapproved
O1018654	HATEM_SWA - 2023-03-31 - 1500000 - TRY - GÜNEY TIP TIBBİ CİH.KİM.MADD.L (0061000029) - Turkey	Completed	Approved
O1016872	Çukurova Dt Anlş. - 2022-04-15 - 150000 - TRY - DETAY LAB. CİH. SAN. VE TİC. A (0061000026) - Turkey	Won	Approved
O1017954	KEPEZ DH_IM_ID_PAZARLIK_2022_1039244	Approved	Approved
O1023295	ANKARA ATATÜRK EAH_RTD_IHC_2024_1705936	Approved	Approved
O1017012	MANVGAT DH_ID_2022_433539	Won	Approved
O1017012	MANVGAT DH_ID_2022_433539	Won	Cancelled
O1022525	ÖZEL SEVGİ HAST_CC+IM - 2025-01-31 - 400000 EUR - DEVA KİMYA SANAYİ VE TİCARET L (0061000074) Turkey	Approved	Approved
O1026790	ÖZMER ÖZEL SAĞLIK HİZMETLERİ_CC_IM_V1	Won	Approved
O1016874	ANTALYA EAH_RTD_IHC_2022_358990	Won	Approved
O1021818	Anamur DT CC - 2024-05-29 - 100000 EUR - DETAY LAB. CİH. SAN. VE TİC. A (0061000026) Turkey	Won	Approved
O1026473	2026_287963  EGE ÜNİVERSİTESİ_IHC	Won	Approved
O1018233	Prod_MobileApproval_Trial_x2	In Progress	Cancelled
O1020911	BİOLAB_SWA_26122023	Approved	Approved
O1027021	BALIKESİR DH_DT (3ay) - 2026-06-30 - 120000 EUR - DEVA KİMYA SANAYİ VE TİCARET L (0061000074) Turkey	Won	Approved
O1027397	2025_1032557_ORDU EAH EK LİSANS	Won	Approved
O1023321	FLORENCE NIGHTINGALE_ALZHEIMER TESTİ_09012025	Approved	Approved
O1023321	FLORENCE NIGHTINGALE_ALZHEIMER TESTİ_09012025	Approved	Cancelled
O1025055	ÖZEL ERCİYES HAS_CC_IM_25092025	Cancelled	Approved
O1025055	ÖZEL ERCİYES HAS_CC_IM_25092025	Cancelled	Disapproved
O1017921	QPCR ELİPS-GAZİ LC96 - 2022-11-30 - 50000 - TRY - ELİPS SAĞLIK ÜRÜNLERİ İTH.VE İ (0061000064) - Turkey	Won	Approved
O1026028	Kazakhstan: AIDS centers project_30012026	Approved	Disapproved
O1026028	Kazakhstan: AIDS centers project_30012026	Approved	Approved
O1019511	GEBZE YÜZYIL HASTANESİ_CC_IM_12052023	Completed	Approved
O1018679	İHK & ISH & Antikor - 2023-01-30 - 600000 - TRY - İRFAN BAYRAM ÖZEL İRFAN BAYRAM (0061005821) - Turkey	Completed	Approved
O1024191	KOCAELİ İSM_CC_KOAG_V2_2025_434376	Approved	Approved
O1027516	2026_1316200 FIRAT ÜNV_ID	Approved	Approved
O1024217	AÜ Doğrudan Alım - 2025-06-15 - 600000 TRY - ANKARA ÜNİVERSİTESİ SAĞL UYG A (0061000126) Turkey	Won	Disapproved
O1024217	AÜ Doğrudan Alım - 2025-06-15 - 600000 TRY - ANKARA ÜNİVERSİTESİ SAĞL UYG A (0061000126) Turkey	Won	Disapproved
O1024217	AÜ Doğrudan Alım - 2025-06-15 - 600000 TRY - ANKARA ÜNİVERSİTESİ SAĞL UYG A (0061000126) Turkey	Won	Approved
O1024217	AÜ Doğrudan Alım - 2025-06-15 - 600000 TRY - ANKARA ÜNİVERSİTESİ SAĞL UYG A (0061000126) Turkey	Won	Disapproved
O1019186	HACETTEPE ÜNV_AMH_2023_117009	Approved	Approved
O1025587	İSLAB_2_MULTIPLATE_PAZARLIK_2025_2128051	Won	Approved
O1018516	GALEN LABORATUVARI_CC_20122022	Completed	Approved
O1021487	IĞDIR İSM_HS_PAZARLIK_2024_339630	Approved	Approved
O1023530	MERSİN ÜNİ DT DAB 16.500 - 2025-02-07 - 41500000 TRY - MERSİN ÜNİVERSİTESİ REKTÖRLÜĞÜ (0061004230) Turkey	Approved	Approved
O1023530	MERSİN ÜNİ DT DAB 16.500 - 2025-02-07 - 41500000 TRY - MERSİN ÜNİVERSİTESİ REKTÖRLÜĞÜ (0061004230) Turkey	Approved	Disapproved
O1024919	AYDIN İSM_IM_ID_2025_1220634	Approved	Approved
O1018895	Ondokuz Mayıs PIK3CA - 2023-02-10 - 936000 - TRY - ONDOKUZ MAYIS ÜNV. SAĞ.UYG.ARŞ (0061000540) - Turkey	Won	Approved
O1019457	GAZİ ÜNİVERSİTESİ_RTD_ELASTIC_17042023	Won	Approved
O1027016	2026_724570_5.KISIM_ID_MERSİN İSM İLÇELER_V2_CİHAZ SATIŞ	Approved	Approved
O1024438	AFİYET HASTANESİ_CC_IM_23062025	Approved	Approved
O1024533	Lokman Hekim S.Hormon - 2025-12-31 - 100000 EUR - LOKMAN HEKİM AKAY TIBBİ HİZ.Tİ (0061004603) Turkey	Approved	Approved
O1024533	Lokman Hekim S.Hormon - 2025-12-31 - 100000 EUR - LOKMAN HEKİM AKAY TIBBİ HİZ.Tİ (0061004603) Turkey	Approved	Disapproved
O1021235	CTF MURAT DİLMENER HASTANESİ_CİHAZ KİRA_31012024	Won	Approved
O1023327	GAZİ ÜNİVERSİTESİ_RTD_1.KISIM_IHK_ANTİKOR_2024_1639472_4	Completed	Approved
O1023327	GAZİ ÜNİVERSİTESİ_RTD_1.KISIM_IHK_ANTİKOR_2024_1639472_4	Completed	Disapproved
O1022590	Clone of Clone of BAYINDIR_RTD_ IHK_30082024	Approved	Approved
O1022343	VAN 100. YIL ÜNV_2024_939530_IHK	Approved	Approved
O1027406	2026_1182870_ORDU İSM_GENEL	Approved	Approved
O1021830	Pan TRK D.T - 2024-06-28 - 3450000 TRY - ONDOKUZ MAYIS ÜNV. SAĞ.UYG.ARŞ (0061000540) Turkey	Completed	Approved
O1027952	SELÇUK ÜNİVERSİTESİ_CC_DT_22092026	Approved	Approved
O1017382	EGE ÜNİVERSİTESİ_NAT_MİKROBİYOLOJİ_04072022	Approved	Approved
O1024246	KURUL_KONYA VETERİNER LAB_RTD_20052025	Approved	Approved
O1014787	TR_Access_TESTQUOTE	In Progress	Started
O1024986	Clone of GÜRLIFE_CC_IM_09092025	Approved	Approved
O1021953	Clone of ARDAHAN İSM_CC_2024_753850	In Progress	Approved
O1020350	Clone of NİĞDE İSM_IM_2023_827313	Completed	Approved
O1027001	Clone of 2026_2 DIACORE MIKROPAT - 2026-06-30 - 180000 EUR - DİACORE DİAGNOSTİK SİSTEMLER A (0061006157) Turkey	Approved	Approved
O1022194	EDİRNE SULTAN 1.MURAT_ID_DT_17072024	Won	Approved
O1022121	ESKİŞEHİR OSMANGAZİ ÜNİVERSİTESİ_ÇİNKO BAKIR_DT_05072	In Progress	Started
O1022739	KARTAL EAH_RTD_HC_PAZARLIK_2024_1375953	Completed	Approved
O1018838	DÜZEN LABORATUVARI_BGAS KİRA ANLAŞMASI_20012023	Won	Approved
O1018127	EGE ÜNİVERSİTESİ_RTD_NGS_2022_977754	In Progress	Started
O1027592	2026/1344330_DİCLE ÜNİV_CC_IM	Approved	Approved
O1017762	ÖZEL BİGA CAN_SWA_13092022	Approved	Approved
O1027895	İSTANBUL ÜNİV ÇAPA_CERB_DT_15092026	Approved	Approved
O1025025	AYDIN İSM_İLÇELER_ID_ZEYİL SONRASI_REV2_2025_1220634	Approved	Approved
O1022213	Gazi Ünv.CMV IGG Avitide - 2024-09-30 - 12000 TRY - GAZİ ÜNİVERSİTESİ TIP FAKÜLTES (0061000084) Turkey	Won	Cancelled
O1022213	Gazi Ünv.CMV IGG Avitide - 2024-09-30 - 12000 TRY - GAZİ ÜNİVERSİTESİ TIP FAKÜLTES (0061000084) Turkey	Won	Approved
O1026629	ŞANLIURFA M.A.İ EAH DT - 2026-05-14 - 1000000 TRY - SANLIURFA MEHMET AKIF INAN EĞİ (0061004440) Turkey	Won	Approved
O1017551	İSTANBUL SANCAKTEPE ŞEHİT PROF HASTANESİ_RTD_SISH&CISH_DT_09082022	Approved	Approved
O1020039	GAZİ YAŞARGİL EAH_2023_573971	Completed	Approved
O1026069	DUZCE UNIV RTD_DT ALK_06022026	Won	Approved
O1023645	Clone of Clone of Clone of ŞIRNAK İSM_IM_ID_2024_1678472	Approved	Cancelled
O1023645	Clone of Clone of Clone of ŞIRNAK İSM_IM_ID_2024_1678472	Approved	Cancelled
O1023645	Clone of Clone of Clone of ŞIRNAK İSM_IM_ID_2024_1678472	Approved	Approved
O1027348	ÖZEL KONYA MEDOVA HASTANESİ_COAG_09072026	Approved	Approved
O1024278	ADANA İSM_CC_IM_UR_COAG_BG_GLU_2025_648992	Approved	Approved
O1027695	MEDİPOL CİHAZ SATIŞ_26082026	Approved	Cancelled
O1027695	MEDİPOL CİHAZ SATIŞ_26082026	Approved	Approved
O1027695	MEDİPOL CİHAZ SATIŞ_26082026	Approved	Cancelled
O1026874	Biyomik CC_IM	Won	Approved
O1025411	SAKARYA İSM_CC_2025_1864900	Approved	Approved
O1027155	2026_1032557_ORDU DH_EK CİHAZ	Won	Approved
O1026805	2026_588555_NAMIK KEMAL ÜNİV_RTD	Won	Approved
O1019935	İZMİR TEPECİK EAH_RMD_VİROLOJİ_PAZALIK_2023_644406	Completed	Cancelled
O1019935	İZMİR TEPECİK EAH_RMD_VİROLOJİ_PAZALIK_2023_644406	Completed	Approved
O1017856	RİZE HSL_CC_IM_2022_875084	Completed	Approved
O1026976	2026_724570_5.KISIM_ID_MERSİN İSM İLÇELER_V1_KİRALIK	Approved	Approved
O1022473	Clone of Clone of OSMANİYE İSM_CC_IM_2024_945803	In Progress	Started
O1017275	İSTANBUL ÜNİVERSİTESİ ÇAPA_RTD_ANTİKOR_PDL1_2022_489827	Won	Approved
O1027548	MEDICELL TM_CC_IM_13082026	Approved	Approved
O1027848	GAZİ ÜNİV_DT_PTAU217_08092026	Won	Disapproved
O1027848	GAZİ ÜNİV_DT_PTAU217_08092026	Won	Approved
O1019194	GENTAN EXOM_RTD SEQ_09032023	Approved	Approved
O1026440	Siirt Özel Hastanesi 2026- 160000 EUR - DİYAR-MED SAĞLIK ÜRÜNLERİ San. (ACC-0004052772) Turkey	Approved	Approved
O1016454	tr qwiz test prod 3.22.1.1	In Progress	Cancelled
O1016454	tr qwiz test prod 3.22.1.1	In Progress	Cancelled
O1016454	tr qwiz test prod 3.22.1.1	In Progress	Cancelled
O1016454	tr qwiz test prod 3.22.1.1	In Progress	Cancelled
O1027094	GAZİANTEP ÜNİ HER2 ISH DT - 2026-07-23 - 1500000 TRY - GAZİANTEP ÜNV. ŞAHİNBEY ARŞ.UY (0061000527) Turkey	Won	Approved
O1027094	GAZİANTEP ÜNİ HER2 ISH DT - 2026-07-23 - 1500000 TRY - GAZİANTEP ÜNV. ŞAHİNBEY ARŞ.UY (0061000527) Turkey	Won	Cancelled
O1022907	Cumhurbaşkanlığı_DT - 2025-04-30 - 81000 TRY - T.C. CUMHURBAŞKANLIĞI MİLLİ İS (0061000344) Turkey	Won	Approved
O1025611	Eskişehir İHK Yeni Dönem - 2025-11-30 - 110000 EUR - ÖZGÜN KİMYEVİ MADDE TIBBİ MALZ (0061000040) Turkey	Approved	Approved
O1026938	GAZİ_DT_IHC_14052026	Won	Cancelled
O1026938	GAZİ_DT_IHC_14052026	Won	Approved
O1025298	Sistem Tıp SWA- 2026-01-02 - 50000 EUR - DETAY LAB. CİH. SAN. VE TİC. A (0061000026) Turkey	Won	Approved
O1019179	ÇANAKKALE HS_UR_PAZARLIK_2023_231703	Won	Approved
O1026034	2026_122132_KAFKAS ÜNİVERSİTESİ_SWA	Approved	Disapproved
O1026034	2026_122132_KAFKAS ÜNİVERSİTESİ_SWA	Approved	Approved
O1026034	2026_122132_KAFKAS ÜNİVERSİTESİ_SWA	Approved	Cancelled
O1020916	MALATYA İSM_PAZARLIK_IM_2023_1454424	Completed	Approved
O1026086	FLORENCE NIGHTINGALE - 2025-12-31 - 1100000 EUR - ÖZGÜN KİMYEVİ MADDE TIBBİ MALZ (0061000040) Turkey	Approved	Approved
O1018092	AFYON KOCATEPE ÜNİVERSİTESİ_RMD_VIROLOGY_2022_1197671	Approved	Approved
O1022659	Medisun SWA_2025 - 2025-12-31 - 140000 EUR - ORT-HOS SAĞLIK HİZMETLERİ TİC. (0061004610) Turkey	Won	Approved
O1027255	ANALİZ LAB_IM+ID - 2026-07-31 - 70000 EUR - NUKLEUS SAĞLIK HİZMETLERİ A.Ş. (0061000175) Turkey	Won	Approved
O1023055	OMÜ_PCR_2024_1555583	Approved	Approved
O1026073	DİCLE ÜNİVERSİTESİ_RTD_TEZ ÇALIŞMASI_09022026	Approved	Disapproved
O1026073	DİCLE ÜNİVERSİTESİ_RTD_TEZ ÇALIŞMASI_09022026	Approved	Approved
O1025128	ÇANAKKALE HS_SWA_PAZARLIK_2025_1625365	Won	Approved
O1025128	ÇANAKKALE HS_SWA_PAZARLIK_2025_1625365	Won	Cancelled
O1025128	ÇANAKKALE HS_SWA_PAZARLIK_2025_1625365	Won	Disapproved
O1027245	Clone of Gazi üniv_DT_DAB_94621 sayı_24062026	Won	Approved
O1021216	BAŞAKŞEHİR TM_CC_IM_30012024	Completed	Approved
O1019849	TRAKYA ÜNİVERSİTESİ_HDL,LDL,ALBUMİN_DT_12062023	Won	Approved
O1017378	ÇUKUROVA ÜNV_İHK ANTİKOR DAHİL_2022_564982	Won	Approved
O1026197	Clone of GAZİANTEP ÜNİVERSİTESİ_RTD_2025_2234471	Won	Disapproved
O1026197	Clone of GAZİANTEP ÜNİVERSİTESİ_RTD_2025_2234471	Won	Disapproved
O1026197	Clone of GAZİANTEP ÜNİVERSİTESİ_RTD_2025_2234471	Won	Approved
O1024411	Clone of ADANA İSM_CC_IM_UR_COAG_BG_GLU_2025_648992	Won	Approved
O1019875	ACIBADEM KENT HASTANESİ_CC_IM_15062023	Won	Approved
O1019875	ACIBADEM KENT HASTANESİ_CC_IM_15062023	Won	Cancelled
O1019875	ACIBADEM KENT HASTANESİ_CC_IM_15062023	Won	Reset
O1019100	Clone of Clone of KORU HASTANESİ_MULTIPLATE_05122022	Won	Approved
O1023053	Clone of GİRESUN İSM_SWA_COAG_2024_1085734	Cancelled	Cancelled
O1021462	ŞİŞLİ ETHAL HASTANESİ_NAT MPX_HAVUZLU ELEMANSIZ_20000 TEST_11032024	In Progress	Disapproved
O1022181	GE_AIDS Center_c4800_6 months	Won	Approved
O1023364	Clone of Kocaeli PPP ODS - 2024-10-31 - 4200 EUR - NUKLEUS SAĞLIK ÜRÜNLERİ TANI H (0061000175) Turkey	Won	Approved
O1017944	ANKARA İSM_CC_2022_801234	Approved	Approved
O1023475	ÖZEL JİMER HASTANESİ_CC_IM_28012025	Won	Approved
O1025803	SELÇUK ÜNV_IM_PAZARLIK_2025_2395432	Approved	Approved
O1025803	SELÇUK ÜNV_IM_PAZARLIK_2025_2395432	Approved	Disapproved
O1017219	MUSTAFA KEMAL ÜNV_ID_2022_511074	Approved	Approved
O1019748	Soda Sanayi  CC DVM - 2023-06-30 - 300000 - TRY - DETAY LAB. CİH. SAN. VE TİC. A (0061000026) - Turkey	Approved	Approved
O1016096	ÖZEL TRABZON İMPERİAL HST_CC_IM_220112	Completed	Disapproved
O1016096	ÖZEL TRABZON İMPERİAL HST_CC_IM_220112	Completed	Approved
O1016096	ÖZEL TRABZON İMPERİAL HST_CC_IM_220112	Completed	Disapproved
O1022402	FIRAT ÜNİ DT 3190-3334 ANTİKOR - 2024-09-09 - 192000 TRY - FIRAT ÜNİVERSİTESİ HASTANESİ F (0061003864) Turkey	Won	Approved
O1018810	SİSTEM LABORATUVAR_CC_IM_18012023	Won	Approved
O1021651	DT HİSTOKİMYA - 2024-05-20 - 2400000 - TRY - KAHRAMANMARAŞ SÜTÇÜ İMAM ÜNİV  (0061003755) - Turkey	Won	Approved
O1021651	DT HİSTOKİMYA - 2024-05-20 - 2400000 - TRY - KAHRAMANMARAŞ SÜTÇÜ İMAM ÜNİV  (0061003755) - Turkey	Won	Cancelled
O1021651	DT HİSTOKİMYA - 2024-05-20 - 2400000 - TRY - KAHRAMANMARAŞ SÜTÇÜ İMAM ÜNİV  (0061003755) - Turkey	Won	Disapproved
O1025069	Gen_Era_RTD_Kapa_Hifi_26092025	Won	Approved
O1019030	Clone of INTERMED_UR_02022023	Approved	Disapproved
O1019030	Clone of INTERMED_UR_02022023	Approved	Cancelled
O1019030	Clone of INTERMED_UR_02022023	Approved	Approved
O1024201	KIRKLARELİ İSM_2.KISIM_IM_ID_2025_588139	Approved	Disapproved
O1024201	KIRKLARELİ İSM_2.KISIM_IM_ID_2025_588139	Approved	Approved
O1019275	DÜZCE ÜNİVERSİTESİ_RTD_IHC_2023_218139	Approved	Approved
O1027087	Utkan_M.Point_IM_ID 2026 - 2026-08-09 - 250000 EUR - DİYAR-MED SAĞLIK ÜRÜNLERİ San. (ACC-0004052772) Turkey	Approved	Approved
O1027224	navify Analytics license prolongation for Meditec LLP	Won	Approved
O1027224	navify Analytics license prolongation for Meditec LLP	Won	Disapproved
O1027166	YUKSEK IHT HER2 - 2026-07-31 - 7200000 TRY - TC SAĞLIK BAKANLIĞI YÜKSEK İHT (0061005501) Turkey	Won	Approved
O1018340	BARTIN İSM - 2022-12-31 - 17000000 - TRY - İLMED İLAÇ ve MEDİKAL ÖZEL  LA (0061000027) - Turkey	Approved	Approved
O1025868	2025_2181518_MERSİN ÜNİVERSİESİ_RMD_PCR	Approved	Approved
O1021473	Clone of Karaman Coag DT - 2026-03-18 - 50000 - EUR - DETAY LAB. CİH. SAN. VE TİC. A (0061000026) - Turkey	Won	Approved
O1017024	EGE ÜNİVERSİTESİ_RTD_HC_DT_09052022	Won	Approved
O1023648	Clone of Özel Güven İdrar Stribi - 2025-02-28 - 12000 EUR - DETAY LAB. CİH. SAN. VE TİC. A (0061000026) Turkey	Won	Approved
O1017552	Clone of BUCATIP_GALEN_ZTINAZTEPE_IM_ID_29062022	Won	Approved
O1017436	KONYA NUMUNE HASTANESİ_RTD_DT_19072022	Approved	Approved
O1023225	BALIKESİR ISM_BANDIRMA DH_3.KISIM RTD IHC_2024_1534928	Approved	Approved
O1027047	2026_791648_PAMUKKALE ÜNİVERSİTESİ_SWA	Won	Cancelled
O1027047	2026_791648_PAMUKKALE ÜNİVERSİTESİ_SWA	Won	Approved
O1027435	2026_1249673_KASTAMONU İSM_İLÇE_CC	Won	Approved
O1021124	Siirt Özel Hastanesi - 2024-02-22 - 2000000 - TRY - DİYAR-MED SAĞLIK ÜRÜNLERİ San. (ACC-0004052772) - Turkey	Approved	Approved
O1019760	G.ANTEP_İSM_EK_CİHAZ - 2023-06-05 - 100000 - TRY - GÜNEY TIP TIBBİ CİH.KİM.MADD.L (0061000029) - Turkey	Won	Approved
O1027970	Clone of 2026_1503681 BURSA İSM_IM	Approved	Approved
O1021117	NECMETTİN ERBAKAN ÜNİVERSİTESİ_RTD_SEQ_2023_1494659	Approved	Approved
O1027704	2026_1483748_ANKARA ÜNV_CC_IM	Won	Approved
O1023649	Clone of Medline Koag- Ur - 2025-02-28 - 80000 EUR - DETAY LAB. CİH. SAN. VE TİC. A (0061000026) Turkey	Approved	Disapproved
O1023649	Clone of Medline Koag- Ur - 2025-02-28 - 80000 EUR - DETAY LAB. CİH. SAN. VE TİC. A (0061000026) Turkey	Approved	Approved
O1027765	ATAŞEHİR HASTANESİ CANAT_SWA_01092026	In Progress	Disapproved
O1027750	2026_1640086_SWA_BURSA HSL_PAZARLIK	Won	Approved
O1022541	GAZİ ÜNİVERSİTESİ_RTD_IHC_DT_18092024	Won	Approved
O1024885	GAZİ ÜNV_ID_2025_1294617	Won	Disapproved
O1024885	GAZİ ÜNV_ID_2025_1294617	Won	Approved
O1024885	GAZİ ÜNV_ID_2025_1294617	Won	Disapproved
O1023222	CLINIC EXPERT LABORATUVARI_CC_IM_25122024	Approved	Approved
O1021237	ÖZEL ELİTPARK HST - 2024-02-29 - 117000 - EUR - İLMED İLAÇ ve MEDİKAL ÖZEL  LA (0061000027) - Turkey	Completed	Approved
O1021231	KÜTAHYA EVLİYA ÇELEBİ HASTANESİ_ID_DT_12022024	Completed	Approved
O1018227	Prod_MobileApproval_Trial_2	In Progress	Started
O1027370	2026_1241836_ERCİYES ÜNİV_SWA	Approved	Approved
O1019415	SAKARYA EAH_PCT_DT_09042023	Approved	Reset
O1019415	SAKARYA EAH_PCT_DT_09042023	Approved	Reset
O1019415	SAKARYA EAH_PCT_DT_09042023	Approved	Disapproved
O1023316	BURSA ISM_RTD_IHC_2024_1697018	Won	Approved
O1021204	BURSA MEDICALPARK _CC_IM_ID_ALTERNATİF 2_PRO PURE_07022024	Approved	Approved
O1026264	MEDLINE_SWA_10032026	Approved	Approved
O1023187	Clone of ANTALYA EAH_ID_2024_1604654	Won	Approved
O1026051	BULENT E UNI 2026 DT ANT2_04022026	Won	Approved
O1027355	2026_1085944_NECMETTİN ERBAKAN ÜNİV_RMD	Approved	Approved
O1017285	Clone of Clone of KG_AQUALAB_2021	In Progress	Disapproved
O1018920	GAZİ ÜNİVERSİTESİ_RTD_ANTİKOR_DT_03022023	Approved	Reset
O1018920	GAZİ ÜNİVERSİTESİ_RTD_ANTİKOR_DT_03022023	Approved	Approved
O1017542	AVC LAB_RTD_08082022	Won	Approved
O1019003	GÖLBAŞI DH_IM_2023_106660	Approved	Approved
O1019600	MUĞLA İSM_C501 KİRA_03052023	Won	Approved
O1023808	MERSİN ÜNİ 2650 DAB DT - 2025-03-20 - 10000000 TRY - MERSİN ÜNİVERSİTESİ REKTÖRLÜĞÜ (0061004230) Turkey	Completed	Approved
O1026520	2026_550166_SÜLEYMAN DEMİREL ÜNİV_ID_PAZARLIK	Won	Approved
O1026669	Clone of 2026_612282_TOKAT İSM_SWA	Approved	Approved
O1020169	ÇANAKKALE ONSEKİZ MART ÜNİVERSİTESİ_ID_2023_718896	Approved	Approved
O1025613	Eskişehir İHK Yeni Dönem - CİHAZ SATIŞ_2025-11-30 - 110000 EUR - ÖZGÜN KİMYEVİ MADDE TIBBİ MALZ (0061000040) Turkey	Approved	Approved
O1017922	ÖZEL ROYAL HAST. SWA - 2022-11-10 - 2500000 - TRY - DEVA KİMYA SANAYİ VE TİCARET L (0061000074) - Turkey	Completed	Approved
O1022079	Özgül Medikal BAP Alımı - 2024-07-26 - 21350 EUR - ÖZGÜL EĞİTİM SAĞLIK HİZ. MED.  (0061000500) Turkey	Won	Approved
O1018141	GAZİ ÜNİVERSİTESİ_RTD_DT_26102022	Won	Approved
O1027285	LETGEN LC 96 07_2026 - 2026-08-31 - 300000 EUR - LETGEN BİYOTEKNOLOJİ LABORATUV (0061005075) Turkey	Approved	Approved
O1024026	Clone of Clone of GOP EAH_RTD_DT_20032025	Won	Approved
O1023345	Özel Fatsa Meditech - 2025-11-28 - 80000 EUR - İLMED İLAÇ ve MEDİKAL ÖZEL  LA (0061000027) Turkey	Won	Disapproved
O1023345	Özel Fatsa Meditech - 2025-11-28 - 80000 EUR - İLMED İLAÇ ve MEDİKAL ÖZEL  LA (0061000027) Turkey	Won	Approved
O1025228	GAZİ ÜNV_SPRESİFİK HORMON_2025_1704873	Won	Disapproved
O1025228	GAZİ ÜNV_SPRESİFİK HORMON_2025_1704873	Won	Disapproved
O1025228	GAZİ ÜNV_SPRESİFİK HORMON_2025_1704873	Won	Approved
O1026642	EGE ÜNİ 2026-2129 alk - 2026-04-27 - 856000 TRY - EGE ÜNİVERSİTESİ UYGULAMA VE A (0061003806) Turkey	Approved	Approved
O1025985	Selçuk IM DT - 2026-01-29 - 120000 EUR - DETAY LAB. CİH. SAN. VE TİC. A (0061000026) Turkey	Won	Approved
O1023928	GAZİ ÜNİVERSİTESİ BAP_4811_27032025	Won	Approved
O1019254	TRAKYA ÜNİVERSİTESİ_FOLAT_DT_16032023	Won	Approved
O1020794	Nurdağı_DH_CC - 2024-01-15 - 1000000 - TRY - GÜNEY TIP TIBBİ CİH.KİM.MADD.L (0061000029) - Turkey	Won	Approved
O1019857	EGE ÜN_ CC_IM_2 AYLIK PAZARLIK_13062023	Won	Approved
O1026095	AKADEMİK HOSPITAL_CC_IM_10022026	Approved	Approved
O1026095	AKADEMİK HOSPITAL_CC_IM_10022026	Approved	Disapproved
O1024248	KOCAELİ ÜNİVERSİTESİ_RTD_1.KISIM_IHC_2025_622460	Won	Approved
O1024248	KOCAELİ ÜNİVERSİTESİ_RTD_1.KISIM_IHC_2025_622460	Won	Cancelled
O1021159	İZMİR TEPECİK EA_RMD VİROLOJİ_PAZARLIK_2024_75801	Completed	Approved
O1019882	Clone of BAYINDIR_RTD 3000 TEST_12062023	Completed	Approved
O1022960	Bayındır. Accu.Inf II - 2024-12-31 - 40000 EUR - BAYEK TEDAVİ SAĞLIK HİZMETLERİ (0061000023) Turkey	Approved	Approved
O1024252	BALIKLI RUM HASTANESİ_CC_IM_27052025	Won	Approved
O1022065	Guncel_Updt_Bursa PPP 3 Aylık İHK-HPV - 2024-06-30 - 70000 EUR - ADA ANALİZ VE DANIŞMANLIK TİC. (0061005094) Turkey	Approved	Approved
O1022065	Guncel_Updt_Bursa PPP 3 Aylık İHK-HPV - 2024-06-30 - 70000 EUR - ADA ANALİZ VE DANIŞMANLIK TİC. (0061005094) Turkey	Approved	Cancelled
O1021477	Gazi Ünv CK-MB,SHBG - 2024-06-01 - 10000 - TRY - GAZİ ÜNİVERSİTESİ TIP FAKÜLTES (0061000084) - Turkey	Won	Approved
O1022977	Clone of BALIKESİR ATATÜRK DH_RTD_IHC_2024_1480589	Completed	Approved
O1020071	Clone of EGE ÜN_ CC IM_2023_487820	Completed	Approved
O1016918	MARAŞ SÜTÇÜ İMAM BAP Proje Alımı	Won	Approved
O1027069	Gazi Üniv_BAP Projesi_05062026	Approved	Cancelled
O1027069	Gazi Üniv_BAP Projesi_05062026	Approved	Approved
O1025017	MERSİN ZİRAİ KARANTİNA_2025_1236422	Won	Approved
O1019387	BEYPAZARI DH_CC_2023_308268	Approved	Approved
O1026857	BALIKESİR ÜNİ 2026_06 DT _RTD_06052026	Won	Approved
O1017536	ERCİYES ÜNİVERSİTESİ_RTD_BAP ALIMI_DT_08082022	Won	Approved
O1018267	YALOVA İSM_5.KISIM ID_2022_1219098	Completed	Approved
O1025606	AMASYA İSM_GLUCOMETRE_2025_2154485	Won	Approved
O1022221	ERZURUM İSM_SWA_PAZARLIK_2024_933716	Completed	Approved
O1019285	GAZİ ÜNİVERSİTESİ_RTD_DT_20032023	Won	Approved
O1025905	MEDİPOL RTD_NAVIFY_02022026	Approved	Cancelled
O1025905	MEDİPOL RTD_NAVIFY_02022026	Approved	Approved
O1026038	Manavgat DH_8459_IHC_06022026	Won	Approved
O1026140	Selçık IM DT 1 - 2026-03-26 - 30000 EUR - DETAY LAB. CİH. SAN. VE TİC. A (0061000026) Turkey	Approved	Approved
O1024960	client version test	Approved	Approved
O1022690	BORNOVA VETERİNERLİK_SEQ_10102024	Approved	Approved
O1026297	2026_97307 ÇANAKKALE İSM_İLÇELER SWA	Approved	Approved
O1020947	AFYONKARAHİSAR ÜNİVERSİTESİ_PCT_HAV_DT_21122023	Won	Approved
O1022142	G.Antep_HSM_Ek_Cihaz - 2024-08-01 - 100000 EUR - GÜNEY TIP TIBBİ CİH.KİM.MADD.L (0061000029) Turkey	Won	Approved
O1016886	NECİP_FAZIL_ŞH_PCT_D - 2022-04-18 - 2400000 - TRY - KAHRAMANMARAŞ NECİP FAZIL ŞEHİ (0061001590) - Turkey	Won	Approved
O1016886	NECİP_FAZIL_ŞH_PCT_D - 2022-04-18 - 2400000 - TRY - KAHRAMANMARAŞ NECİP FAZIL ŞEHİ (0061001590) - Turkey	Won	Reset
O1017190	ÇORUM İSM_İLÇE_IM_e601_2022_406967	Approved	Approved
O1017190	ÇORUM İSM_İLÇE_IM_e601_2022_406967	Approved	Disapproved
O1022922	AKSARAY İSM_İLÇELER_UR_2024_1436680	Approved	Disapproved
O1022922	AKSARAY İSM_İLÇELER_UR_2024_1436680	Approved	Approved
O1022922	AKSARAY İSM_İLÇELER_UR_2024_1436680	Approved	Reset
O1024233	BAP Alımı - 2025-05-31 - 70000 EUR - ÖZGÜL EĞİTİM SAĞLIK HİZ. MED.  (0061000500) Turkey	Won	Approved
O1021346	BÜLENT ECEVİT ÜNİVERSİTESİ_RTD_DT_21022024	Won	Approved
O1026470	Clone of VAN EAH DT - PD-L1 - HC - 2026-03-26 - 100000 TRY - VAN BÖLGE EĞİTİM VE ARAŞTIRMA  (0061004046) Turkey	Won	Disapproved
O1026470	Clone of VAN EAH DT - PD-L1 - HC - 2026-03-26 - 100000 TRY - VAN BÖLGE EĞİTİM VE ARAŞTIRMA  (0061004046) Turkey	Won	Approved
O1027897	2026_1401297_COAG_HATAY İSM	Approved	Approved
O1027022	2026_940741_1.KISIM_SWA_DÜZCE ÜNİVERSİTESİ	Approved	Approved
O1026986	2026_846123_SAMSUN HSL_Pazarlık	Approved	Approved
O1026407	2026_174117_TEKİRDAĞ İSM_HİZMET_SWA_COAG_PCR_V2_KİRA VE SATIŞ	Approved	Approved
O1017901	EGE ÜNİVERSİTESİ_RMD_VİROLOJİ_YM_28092022	In Progress	Disapproved
O1023926	Clone of GAZİYAŞARGİL 655 TEST HK - 2025-03-04 - 3700000 TRY - DİYARBAKIR GAZİ YAŞARGİL EĞİTİ (0061004308) Turkey	Won	Approved
O1022022	Clone of ILGAZ DH_IM_2024_793170	Won	Approved
O1022022	Clone of ILGAZ DH_IM_2024_793170	Won	Disapproved
O1027297	Aydın Sehir 2026-568 İHC - 2026-07-06 - 996000 TRY - AYDIN ŞEHİR HASTANESİ (0061006256) Turkey	Won	Approved
O1021000	Kurul QPCR Teklif - 2024-01-03 - 400000 - EUR - KURUL LABORATUVAR ÜRÜNLERİ ELE (0061004171) - Turkey	Completed	Approved
O1023770	KOCAELİ ISM_RTD_2025_221111	Won	Approved
O1024283	RİZE İSM_İHK_2025_723904	In Progress	Approved
O1026288	2026_384854 AFYON DH_İHC	Won	Approved
O1027609	2026_1359398_SELÇUK ÜNİ_IHC	Approved	Approved
O1025649	Clone of İZMİR İSM_ATATÜRK EAH_2.KISIM_HPV_2025_1970574	Approved	Approved
O1026421	Ahenk Lab_Cihaz Kirası_Pro	Approved	Approved
O1024231	KONYA VETERİNERLİK_2.ALTERNATİF_20052025	Approved	Approved
O1017586	NESİLLER GENETİK LAB_ONC_PCR_12082022	Approved	Approved
O1017581	ANTALYA İSM_11.KISIM 1.GRUP_IM_2022_772326	Approved	Approved
O1017581	ANTALYA İSM_11.KISIM 1.GRUP_IM_2022_772326	Approved	Disapproved
O1025281	EDİRNE İSM_BG_2025_1721972	Approved	Approved
O1026418	afyon dh 115678 ihc - 2026-04-13 - 324375 TRY - AFYONKARAHİSAR DEVLET HASTANES (0061000284) Turkey	Won	Approved
O1022466	GİRESUN EAH_IHC_ 2024_1014048	Completed	Cancelled
O1022466	GİRESUN EAH_IHC_ 2024_1014048	Completed	Approved
O1022466	GİRESUN EAH_IHC_ 2024_1014048	Completed	Reset
O1022466	GİRESUN EAH_IHC_ 2024_1014048	Completed	Cancelled
O1023415	Proje Anlaşması - 2025-02-28 - 12500 EUR - ÖZGÜL EĞİTİM SAĞLIK HİZ. MED.  (0061000500) Turkey	Won	Reset
O1023415	Proje Anlaşması - 2025-02-28 - 12500 EUR - ÖZGÜL EĞİTİM SAĞLIK HİZ. MED.  (0061000500) Turkey	Won	Approved
O1027405	TRAKYA ÜNİVERSİTESİ_ID_DT_08072026	Won	Cancelled
O1027405	TRAKYA ÜNİVERSİTESİ_ID_DT_08072026	Won	Approved
O1023800	KONYA İSM_İLÇELER_UR_2025_214337	Approved	Approved
O1017602	BALIKESİR İSM İLÇELER_IM_PAZARLIK_2022_819758	Approved	Approved
O1026015	Özel Güven_Cobas Pulse_06022026	Approved	Approved
O1026015	Özel Güven_Cobas Pulse_06022026	Approved	Disapproved
O1023652	İSTANBUL ÜNİVERSİTESİ_RTD_KAPPA_2025_183139	Approved	Approved
O1023760	Clone of KAHRAMANMARAŞ İSM_PAZARLIK_ID_2025_201570	Won	Approved
O1025244	DOKUZ EYLÜL UNİV_SWA_2025_1304462	Approved	Approved
O1025506	ÇANAKKALE İSM_İHK_2025_1827270	Approved	Cancelled
O1025506	ÇANAKKALE İSM_İHK_2025_1827270	Approved	Approved
O1023980	KKTC Kit Alımı2025 - 2025-06-27 - 120000 EUR - BIOSYS LIMITED (0061005595) Cyprus	Won	Approved
O1022520	İSTANBUL ÜNİVERSİTESİ_ÇAPA SPESİFİK_2024_1194020	Completed	Approved
O1024900	TOBB ETÜ_SWA_2025	Won	Approved
O1026982	Aydın Sehir 2026-142 İHC - 2026-06-22 - 11952000 TRY - AYDIN ŞEHİR HASTANESİ (0061006256) Turkey	Won	Approved
O1026982	Aydın Sehir 2026-142 İHC - 2026-06-22 - 11952000 TRY - AYDIN ŞEHİR HASTANESİ (0061006256) Turkey	Won	Disapproved
O1021323	BURDUR İSM_IM_ID_2024_89463	Approved	Approved
O1021323	BURDUR İSM_IM_ID_2024_89463	Approved	Cancelled
O1021323	BURDUR İSM_IM_ID_2024_89463	Approved	Cancelled
O1021323	BURDUR İSM_IM_ID_2024_89463	Approved	Cancelled
O1024339	M.Y.GENETİK_RTD_SEQ_04062025	Won	Approved
O1017465	CENTERMED_IM_26072022	Approved	Approved
O1017465	CENTERMED_IM_26072022	Approved	Disapproved
O1017465	CENTERMED_IM_26072022	Approved	Disapproved
O1027438	MERSİN YENİŞEHİR-ERDEMLİ YENİŞEHİR HASTANELERİ_SWA_29062026_DC	Won	Approved
O1027003	Clone of 2026_4 DIACORE GUNESPAT - 2026-06-30 - 96000 EUR - DİACORE DİAGNOSTİK SİSTEMLER A (0061006157) Turkey	Approved	Approved
O1018396	BALIKESİR İSM İLÇELER IM-ID_2022_1158775	Completed	Approved
O1022540	BEÜ_RTD_DT_18092024	Won	Approved
O1026118	Türkiye Hastanesi - cobas 6000	Won	Approved
O1025123	ÇORUM İSM_İLÇELER_BG_2025_1420884	Approved	Approved
O1024621	ANTALYA DÖŞEMEALTI DH_SWA_2025_958090	Approved	Approved
O1018788	KOCAELİ DARICA FARABİ EAH_RTD_IHC_DT_13012023	Won	Approved
O1024240	ANKARA ÜNV_PAZARLIK_CC_IM_2025_620243	Won	Disapproved
O1024240	ANKARA ÜNV_PAZARLIK_CC_IM_2025_620243	Won	Approved
O1020282	ÇAPA_MP24_2023_785402	Approved	Approved
O1021752	MERSİN ÜNV_PCR_2024_533353	Completed	Approved
O1019247	CENTRAL HOSPITAL_CC_IM_16032023	Approved	Cancelled
O1019247	CENTRAL HOSPITAL_CC_IM_16032023	Approved	Approved
O1019714	BEHÇET UZ EAH_CC_IM_PAZARLIK_2023_484435	Won	Approved
O1019900	DOKUZ EYLÜL ÜNİVERSİTESİ_RTD_IHC_PAZARLIK_2023_629028	Won	Approved
O1025579	CERRAHPAŞA ÜNİV_Makroelisa_CTF_2025_2003915	Lost	Approved
O1019929	İZMİR TEPECİK EAH_RTD_IHC_2023_638162	Won	Approved
O1022104	KAHRAMANMARAŞ İSM_ID_PAZARLIK_2024_825951	Won	Disapproved
O1022104	KAHRAMANMARAŞ İSM_ID_PAZARLIK_2024_825951	Won	Approved
O1025712	Clone of Clone of ÖZEL YAŞAR HASTANESİ_CC_IM_ID_24112025	Won	Approved
O1026018	İZMİR AMERİKAN HASTANESİ_CC_IM_29012026	Won	Approved
O1027893	E-Lab Digital - ALGEN	Approved	Approved
O1025380	ÇORUM EAH_UR_2025_1780205	Approved	Approved
O1025380	ÇORUM EAH_UR_2025_1780205	Approved	Cancelled
O1025380	ÇORUM EAH_UR_2025_1780205	Approved	Cancelled
O1025380	ÇORUM EAH_UR_2025_1780205	Approved	Disapproved
O1021258	YÜREĞİR DH_CC_IM_UR_COAG_GLU_2023_1584629	Won	Approved
O1027456	OMÜ_DT_ID_2026_07_3485	Won	Approved
O1025427	Clone of CENTRO_PREANALİTİK_BAKIM_27082025	Approved	Cancelled
O1025427	Clone of CENTRO_PREANALİTİK_BAKIM_27082025	Approved	Approved
O1025661	AFYON İSM_16.KISIM_ID_TORCH_2025_2032490	In Progress	Disapproved
O1025750	ZONGULDAK ATATÜRK DH_4.KISIM_CC_IM_PAZARLIK_2025_2401965	Won	Approved
O1022738	GAZİ ÜNİVERSİTESİ_RTD_DT 3544_16102024	Completed	Approved
O1021293	TEKİRDAĞ İSM_CC_IM_ID_COAG_BGAS_2023_1599012	Approved	Approved
O1016988	Polatlı Can Hast. - 2022-07-29 - 1500000 - TRY - NEMESİS TIBBİ LAB.MED.ELEK. İN (0061005250) - Turkey	Won	Reset
O1016988	Polatlı Can Hast. - 2022-07-29 - 1500000 - TRY - NEMESİS TIBBİ LAB.MED.ELEK. İN (0061005250) - Turkey	Won	Approved
O1024057	ALİ OSMAN SÖNMEZ ONKOLOJİ HASTANESİ_RT_DT_18042025	Won	Approved
O1022626	Lokman Hekim Alab - 2024-12-31 - 1800000 EUR - LOKMAN HEKİM AKAY TIBBİ HİZ.Tİ (0061004603) Turkey	Approved	Approved
O1022626	Lokman Hekim Alab - 2024-12-31 - 1800000 EUR - LOKMAN HEKİM AKAY TIBBİ HİZ.Tİ (0061004603) Turkey	Approved	Disapproved
O1022626	Lokman Hekim Alab - 2024-12-31 - 1800000 EUR - LOKMAN HEKİM AKAY TIBBİ HİZ.Tİ (0061004603) Turkey	Approved	Reset
O1022626	Lokman Hekim Alab - 2024-12-31 - 1800000 EUR - LOKMAN HEKİM AKAY TIBBİ HİZ.Tİ (0061004603) Turkey	Approved	Disapproved
O1023650	İSTANBUL ÜNİVERSİTESİ_RTD_5.KISIM HER2_PAZARLIK_2025_183139	Won	Approved
O1024085	YEDİKULE GÖĞÜS HAST. EAH_RTD_DT_22042025	Approved	Approved
O1021198	EGE ÜNİVERSİTESİ_ 2 AY NAT_DT_29012024	Approved	Approved
O1025781	EREĞLİ DH_ID_KARDİAK_PAZARLIK_2025_9NELQA	Won	Disapproved
O1025781	EREĞLİ DH_ID_KARDİAK_PAZARLIK_2025_9NELQA	Won	Approved
O1023196	BİOLAB_SWA_08012025	Approved	Approved
O1022450	DR ALİ KEMAL BELVİRANLI_UR_2024/1075641	Approved	Approved
O1025254	HACETTEPE UNIV_PRO BNP_KISIM 50_2025_1497824	Approved	Disapproved
O1025254	HACETTEPE UNIV_PRO BNP_KISIM 50_2025_1497824	Approved	Approved
O1021998	CENTRO_PREANALİTİK SARF MALZEMELER_25062024	Completed	Approved
O1021234	SİMAV DH_IM_ID_0522024	Won	Approved
O1022333	FIRAT ÜNİ DT 3190ANTİKOR - 2024-08-31 - 2010000 TRY - FIRAT ÜNİVERSİTESİ HASTANESİ F (0061003864) Turkey	Won	Approved
O1025933	Antalya EAH_DT_Tacro_19012026	Won	Approved
O1021301	TRAKYA ÜNİVERSİTESİ_RTD_2.KISIM_2024_16074	Completed	Approved
O1024977	AFİYET HASTANESİ_CC_IM_3 ALIK_REV2_08092025	Won	Cancelled
O1024977	AFİYET HASTANESİ_CC_IM_3 ALIK_REV2_08092025	Won	Approved
O1024623	ANTALYA DÖŞEMEALTI DH_UR_2025_958090	Approved	Approved
O1017667	KARAMAN İSM_CC_2022_778388	In Progress	Started
O1018645	ERCİYES ÜNİVERSİTESİ_RTD_BAP ALIMI_29122022	Approved	Approved
O1027186	İSLAB 3_MOL_4 aylık alım	Approved	Approved
O1017975	İZMİR İSM_ID_11.KISIM_2022_972740	Approved	Approved
O1020329	KARS İSM_PAZARLIK_COAG_2023_964213	Approved	Approved
O1016738	Clone of MEDILIFE SAĞLIK GRUBU_CC_IM_ID_15032022	Won	Approved
O1016922	GAZİ ÜNİVERSİTESİ_RTD_BAP_19042022	Completed	Approved
O1016922	GAZİ ÜNİVERSİTESİ_RTD_BAP_19042022	Completed	Reset
O1026733	2026_4 DIACORE GUNESPAT - 2026-06-30 - 96000 EUR - DİACORE DİAGNOSTİK SİSTEMLER A (0061006157) Turkey	Approved	Reset
O1027935	Clone of ÖZEL AKROPOL HAS_IM_08072026	Approved	Approved
O1018431	Türklab CC Kira - 2022-12-31 - 200000 - TRY - TÜRKLAB LAB VE GÖRÜNTÜLEME SİS (0061005761) - Turkey	Approved	Approved
O1021222	ANKARA YENİMAHALLE EAH_RTD_IHC_2024_482	Completed	Approved
O1027429	Clone of Clone of ROCHE İLAÇ_ÇAPA BAĞIŞ_ISH	Won	Approved
O1027433	Clone of TRABZON KANUNİ EAH_RMD_VİROLOJİ_ENTIP	Won	Approved
O1027715	Clone of ÖZEL ANTALYA YAŞAM HASTANELER GRUBU_SWA_16072026_CİHAZ SATIŞ	Approved	Approved
O1024135	GEN_ERA_RTD_KapaPure_LibQuant_02052025	Won	Approved
O1024104	Mardin İpekyolu SWA - 2025-05-06 - 140000 EUR - DİYAR-MED SAĞLIK ÜRÜNLERİ SAN. (0061000054) Turkey	Approved	Approved
O1023427	ADIYAMAN_ISM_CC_2024_1787924	Approved	Approved
O1025053	DORA LAB ERCİYES Ü. GENOM - 2025-10-16 - 2000000 TRY - DORA LABORATUAR CİHAZLARI TIBB (0061000272) Turkey	Approved	Approved
O1016966	TOKAT İSM_ID_2022_332111 - 2022-06-30 - 2000000 - TRY - TOKAT DEVLET HASTANESİ (0061000374) - Turkey	Approved	Approved
O1016966	TOKAT İSM_ID_2022_332111 - 2022-06-30 - 2000000 - TRY - TOKAT DEVLET HASTANESİ (0061000374) - Turkey	Approved	Disapproved
O1024229	NAMIK KEMAL ÜNİVERSİTESİ_RMD_2025_646561	Won	Approved
O1022948	SONOMED_CC_14112024	Completed	Approved
O1021080	GAZİ ÜNİVERSİTESİ_RTD_BAP_15012024	Completed	Approved
O1018497	AKSARAY ÜNİVERSİTESİ_PATOLOJİ HPV_2022_1255189	Approved	Approved
O1024743	MN_BB Project (SWA_cobas pure)_updated	Approved	Approved
O1027944	2026_1784075_KARTAL EAH_RTD_PAZARLIK	Approved	Approved
O1018224	Clone of DENİZLİ HS_CC_IM_ID_2022_995680	In Progress	Cancelled
O1019963	ETİMESGUT DH_ID_2023_571280	Approved	Approved
O1020681	ÇYACUMA DH_ID_CARDIAC_PAZARLIK_2023_1236978	Completed	Approved
O1017211	AZ_Blood Bank_LS - 2022-06-08_Labservis Ltd. (0061000004) - Azerbaijan	Approved	Approved
O1024077	TRAKYA ÜNİVERSİTESİ_DT_REV2_Vitamin-D_SHBG_18042025	Won	Approved
O1024077	TRAKYA ÜNİVERSİTESİ_DT_REV2_Vitamin-D_SHBG_18042025	Won	Initial
O1024077	TRAKYA ÜNİVERSİTESİ_DT_REV2_Vitamin-D_SHBG_18042025	Won	Initial
O1021621	Clone of TOROS TARSUS_SWA_2024_284110	Approved	Approved
O1027161	TRT_IM_2026_22062026	Won	Approved
O1024308	Clone of KIRKLARELİ İSM_SWA_PAZARLIK_4 AYLIK_2025_815281	Won	Approved
O1021269	Gazi Ünv NT-ProBNP D - 2024-05-30 - 1680000 - TRY - GAZİ ÜNİVERSİTESİ TIP FAKÜLTES (0061000084) - Turkey	Completed	Approved
O1020190	RUMELİ HASTANESİ_CC_17082023	Completed	Approved
O1024218	Clone of Clone of ANTALYA EAH_RTD_2.KISIM IHC_2025_593941	Won	Approved
O1022689	Selçuk Üni DT IGF - 2024-11-20 - 10000 EUR - DETAY LAB. CİH. SAN. VE TİC. A (0061000026) Turkey	Approved	Approved
O1019971	ACIBADEM SARF_SEQ_12072023	Completed	Approved
O1026739	2026_618616_IHC_BATMAN İSM	Approved	Approved
O1026137	2026_47858_MALATYA İNÖNÜ ÜNİVERSİTESİ_RTD	Approved	Approved
O1026137	2026_47858_MALATYA İNÖNÜ ÜNİVERSİTESİ_RTD	Approved	Cancelled
O1019608	AZ_HPV_Study - 2023-08-01 - 24000 - EUR - AZERIMED CJSC (0061004052) - Azerbaijan	Won	Approved
O1023072	EGE ÜNİVERSİTESİ_ RMD_VIROLOJI_2024_1499700	Approved	Approved
O1017204	ISPARTA İSM İLÇELER_IM ID_2022_521453	Approved	Approved
O1027246	ANKARA EAH_Cihaz Kira_Cobas 6500	Won	Approved
O1024049	Clone of KADIKÖY INVITRO_CC_IM_V2_15042025	Won	Approved
O1027272	ATAŞEHİR AVICENNA HASTANESİ_ARAS_SWA_30062026	Approved	Approved
O1027531	2026_1426606_KARABÜK EAH_ID_PCR_Pazarlık	Approved	Approved
O1020702	GÜLHANE EAH_ID_2023_1123333	Completed	Cancelled
O1020702	GÜLHANE EAH_ID_2023_1123333	Completed	Approved
O1024465	DOKUZ EYLÜL ÜNİVERSİTESİ_RTD_2025_807465	Approved	Approved
O1018510	EŞREFPAŞA BELEDİYE H - 2023-01-20 - 2000000 - TRY - NUKLEUS SAĞLIK ÜRÜNLERİ TANI H (0061000175) - Turkey	Won	Approved
O1023642	Bayınıdır SWA	In Progress	Cancelled
O1027393	2026_1076507_ISPARTA İSM HALK SAĞLIĞI_SWA_Instrument Sale Offer (New+Used)	Approved	Approved
O1018673	Tübitak QPCR - 2023-01-12 - 600000 - TRY - Life Biotek Medikal (ACC-0004104148) - Turkey	Won	Approved
O1024755	SAMSUN İSM_İLÇE_COAG_2025_1051365	Approved	Approved
O1023896	MERSİN ÜNİ DT 350 TEST - 2025-04-14 - 2900000 TRY - MERSİN ÜNİVERSİTESİ REKTÖRLÜĞÜ (0061004230) Turkey	In Progress	Disapproved
O1023896	MERSİN ÜNİ DT 350 TEST - 2025-04-14 - 2900000 TRY - MERSİN ÜNİVERSİTESİ REKTÖRLÜĞÜ (0061004230) Turkey	In Progress	Cancelled
O1020266	ÇANAKKALE İSM_ID_2023_829895	Approved	Approved
O1025802	KAHRAMANMARAŞ İSM_İLÇELER_CC_IM_ID_2025_2100558	Approved	Approved
O1017446	ERCİYES ÜNİVERSİTESİ_UR_2022_679156	Completed	Approved
O1024717	Clone of Son Çalıştığımız - Clone of BURSA PPP - Yeni Dönem Anlaşması V2 --ssbtk	Approved	Approved
O1024717	Clone of Son Çalıştığımız - Clone of BURSA PPP - Yeni Dönem Anlaşması V2 --ssbtk	Approved	Cancelled
O1021367	ANTALYA ATATÜRK DH_CARDIAC_2024_193159	Won	Approved
O1025109	ÇORUM EAH_UR_2025_1408505	Approved	Approved
O1025724	Clone of GOP_COAG_2025_2100295	Approved	Approved
O1023843	MOZAİK HASTANESİ_COAG	Won	Approved
O1018421	Clone of UŞAK İSM_UR_2022_1140589	Approved	Approved
O1018421	Clone of UŞAK İSM_UR_2022_1140589	Approved	Cancelled
O1026356	2026_211070 ANTALYA EAH_GENETİK	Approved	Approved
O1016989	NATOMED HASTANESİ - 2022-07-29 - 1200000 - TRY - ORSİS MED.ELEK. BİLG.VE İLET.S (0061000452) - Turkey	Approved	Approved
O1020012	GAZİANTEP ÜNİVERSİTESİ_IHK_2023_614885	Completed	Approved
O1021342	ÇORUM İSM_IM-EK KİRA - 2024-02-29 - 20000 - EUR - İLMED İLAÇ ve MEDİKAL ÖZEL  LA (0061000027) - Turkey	Won	Approved
O1027514	2026_7 DIACORE EGEPAT - 2026-09-30 - 50000 EUR - DİACORE DİAGNOSTİK SİSTEMLER A (0061006157) Turkey	Approved	Approved
O1026445	2026_369084 AKSARAY İSM_CC_IM_DC	Approved	Approved
O1021089	DR. ABDURRAHMAN YURTASLAN ONKOLOJİ HASTANESİ_RTD_25.KISIM_HER2_2023_1356922	Completed	Approved
O1021089	DR. ABDURRAHMAN YURTASLAN ONKOLOJİ HASTANESİ_RTD_25.KISIM_HER2_2023_1356922	Completed	Cancelled
O1018209	SAMSUN HSL_CC_IM_UR_2022_1117534	Completed	Approved
O1017174	DÜZEN LABORATUVARI_CARDIAC_H232_06062022	Won	Approved
O1019031	ANKARA EAH_SWA_UR_COAG_2023_89043	Won	Approved
O1027880	ÖZEL ANTAKYA SAĞLIK MOZAİK_COAG_31082026 Cİhaz	Approved	Approved
O1020346	MEDİFEMA HASTANESİ_SWA_20092023	Won	Approved
O1024975	KIRKLARELİ İSM_1.KISIM_CC_2025_1271041	Approved	Approved
O1021125	Nucleus Genetik Heredity Panel 96 RXN CFDNA- COLLECTION TUBE _24012024	Completed	Approved
O1020754	Medline Adana Hast - 2023-12-29 - 1000000 - EUR - DETAY LAB. CİH. SAN. VE TİC. A (0061000026) - Turkey	Completed	Approved
O1027478	MARMARA LÖSEMİ LENFOMA_RTD_28072026	Approved	Approved
O1026539	DAVİVA HOSPITAL_SWA_01042026	Approved	Approved
O1020605	PD-L1 & Her2 ISH DT - 2023-11-20 - 12000000 - TRY - ÇUKUROVA ÜNİV. BALCALI TIP FAK (0061000548) - Turkey	In Progress	Cancelled
O1020605	PD-L1 & Her2 ISH DT - 2023-11-20 - 12000000 - TRY - ÇUKUROVA ÜNİV. BALCALI TIP FAK (0061000548) - Turkey	In Progress	Disapproved
O1021419	Clone of KÜTAHYA İSM_ID_TORCH_PAZARLIK_2024_120217	In Progress	Cancelled
O1018228	Prod_MobileApproval_Trial_3	Approved	Approved
O1023953	KKTC Antikor2025 - 2025-05-30 - 45000 EUR - BIOSYS LIMITED (0061005595) Cyprus	Won	Approved
O1026361	2026_304545 DİYARBAKIR İSM_IM	Approved	Cancelled
O1026361	2026_304545 DİYARBAKIR İSM_IM	Approved	Approved
O1019911	Clone of EGE ÜNİVERSİTESİ_NAT DT_2 AY_20062023	Won	Approved
O1021353	<TJ>_<cobas t711>_<2024>	Approved	Approved
O1026024	BAŞKENT ÜNİVERSİTESİ_RMD_MALZEME_02022026	Won	Approved
O1019638	GAZİANTEP_İSM_ID_2023_426011	Approved	Approved
O1025350	GOP_COAG_2025_1719990	Approved	Approved
O1021587	MEDİLA LAB_CC_IM_04042024	Completed	Approved
O1018277	CARGİLL_PCR_14112022	Won	Approved
O1025312	SELÇUK ÜNV_ID_2025_1680317	Approved	Approved
O1026383	Navify Analytics	Won	Approved
O1024793	Clone of İstanbul Hospital_Özgün_CC_IM_20250725	Won	Approved
O1023153	BOZYAKA EAH_SWAPAZARLIK_2024_1711651	Completed	Approved
O1022921	AKSARAY İSM_IM_2024_1436680	Approved	Approved
O1017791	Sistem Tıp UR - 2022-10-17 - 45000 - TRY - DETAY LAB. CİH. SAN. VE TİC. A (0061000026) - Turkey	Won	Approved
O1019981	ÇANAKKALE İSM_IM _2023_631812	Approved	Approved
O1023019	Clone of KONYA SELÇUK ÜNİVERSİTESİ_RTD_SEQ_2024_1405386	Approved	Approved
O1018217	Prod_MobileApproval_Trial	Approved	Approved
O1025692	AFYON İSM_5.KISIM_IM_2025_2032490	Won	Cancelled
O1025692	AFYON İSM_5.KISIM_IM_2025_2032490	Won	Approved
O1021304	Clone of GİRESUN İSM_PATOLOJİ_2024_48982	Approved	Approved
O1017306	Clone of BÜLENT ECEVİT ÜNİVERSİTESİ_RTD_ANTİKOR_PAZARLIK_2022_506895	Won	Approved
O1017673	ERZURUM ATATÜRK ÜNV_SP_2022_786410	Approved	Approved
O1019919	Clone of BATMAN EAH_VİROLOJİ_2023_302117	Completed	Approved
O1020179	Clone of ORDU İSM_GLU_2023_745406	Approved	Approved
O1020654	PENDİK YÜZYIL HASTANESİ_CC_IM_02112023	Approved	Approved
O1021376	GELİŞİM LABORATUVARI_IM_05032024	Approved	Approved
O1022982	UŞAK İSM_RTD_IHC_2024_1416287	Approved	Approved
O1026366	2026_409193_SAMSUN HSL_SWA_PAZARLIK	Won	Approved
O1026972	2026_724570_13.KISIM_SWA_MERSİN İSM_TOROS DH_TARSUS DH_V1_CİHAZ KİRALIK	Approved	Approved
O1027776	2026_1418685_6.KISIM_CC_IM_ANTALYA İSM_ŞEHİR HASTANESİ_DC	In Progress	Disapproved
O1023999	ELİT HOSPITAL_CC_IM_09042025	Won	Approved
O1024078	TRAKYA ÜNİVERSİTESİ_CPS_DT_REV2_-HDL-LDL_18042025	Won	Approved
O1021868	ORDU İSM KİRA ANLAŞMASI - 2024-06-24 - 50000 EUR - İLMED İLAÇ ve MEDİKAL ÖZEL  LA (0061000027) Turkey	Won	Approved
O1024861	ERCİYES ÜNİVERSİTESİ_RMD_2025_1055865	Won	Disapproved
O1024861	ERCİYES ÜNİVERSİTESİ_RMD_2025_1055865	Won	Approved
O1026437	100.Yıl Hast_SWA_18032026	Approved	Approved
O1026189	2026_67577_PAMUKKALE ÜNİVERSİTESİ_COAG	Approved	Approved
O1017318	NECİP FAZIL_PCT_DT_220621	Won	Approved
O1026796	2026_770898_DİYARBAKIR İSM_Pazarlık_IM_3 aylık	Won	Approved
O1025533	KONYA NUMUNE HST_COAG_2025_1954535	Approved	Approved
O1018131	MEDICALPARK SENTEZ A.Ş._GLUCOMETRE_01112022	Won	Approved
O1019330	TRAKYA ÜNİVERSİTESİ_CC_DT_5KALEM_27032023	Won	Approved
O1019330	TRAKYA ÜNİVERSİTESİ_CC_DT_5KALEM_27032023	Won	Disapproved
O1019330	TRAKYA ÜNİVERSİTESİ_CC_DT_5KALEM_27032023	Won	Cancelled
O1019807	DÜZEN LABORATUVARI_RMD_PCR_	Completed	Disapproved
O1019807	DÜZEN LABORATUVARI_RMD_PCR_	Completed	Cancelled
O1019807	DÜZEN LABORATUVARI_RMD_PCR_	Completed	Cancelled
O1019807	DÜZEN LABORATUVARI_RMD_PCR_	Completed	Approved
O1018065	BURSA HS_PAZARLIK_2022_1090106	Won	Approved
O1025720	Clone of GOP_SWA_2025_2100295	Won	Approved
O1026263	Biyomik_CC_IM_09032026	In Progress	Disapproved
O1024639	A Life SWA - 2025-08-31 - 500000 EUR - ORSİS MED.ELEK. BİLG.VE İLET.S (0061000452) Turkey	Approved	Approved
O1024639	A Life SWA - 2025-08-31 - 500000 EUR - ORSİS MED.ELEK. BİLG.VE İLET.S (0061000452) Turkey	Approved	Disapproved
O1018799	ÖZEL KENT HASTANESİ_SEQ_SARS COV2_16012023	Approved	Approved
O1020561	İSLAB 2_CC_IM_ID_2023_1089656_pazarlık_NUKLEUS INVITROLAB ALGEN	Won	Disapproved
O1020561	İSLAB 2_CC_IM_ID_2023_1089656_pazarlık_NUKLEUS INVITROLAB ALGEN	Won	Approved
O1021723	ERDEMLİ DH_CC_2024_589698	Approved	Approved
O1018193	VAN İSM_Cervical CA&Onkoloji_2022_1066157	Won	Approved
O1018064	ÇERKEZKÖY OPTİMED GÜVEN HASTANESİ_CC_IM_24102022	Approved	Approved
O1026981	NUCLEUS GEN NAVİFY SMP - 2026-06-30 - 3300000 EUR - NUCLEUS GENETİK ÜRÜNLERİ ANONİ (0061005513) Turkey	Won	Approved
O1022320	BURSA İSM_CC_2024_919989	Approved	Cancelled
O1022320	BURSA İSM_CC_2024_919989	Approved	Approved
O1022320	BURSA İSM_CC_2024_919989	Approved	Disapproved
O1017118	HN VETERİNERLİK_SEQ_Viral RNA_27052022	Won	Approved
O1020566	KASTAMONU İSM_İLÇE_CC_2023_996354	Completed	Cancelled
O1020566	KASTAMONU İSM_İLÇE_CC_2023_996354	Completed	Cancelled
O1020566	KASTAMONU İSM_İLÇE_CC_2023_996354	Completed	Approved
O1024136	UZ_CAU_SWA_2025	Approved	Approved
O1021339	FATİH SULTAN MEHMET HASTANESİ_RTD_ANTİKOR_DT_16022024	Approved	Approved
O1025415	EŞREFPAŞA BELEDİYE HAS_2025_1872817	Approved	Approved
O1019180	HACETTEPE ÜNV_SWA_2023_117009	Approved	Approved
O1017463	Cumhuriyet Ünv. BAP - 2022-08-26 - 27224 - TRY - CUMHURIYET UNIVERSITESI BILIMS (0061004482) - Turkey	Won	Approved
O1017589	ANTALYA ATATÜRK DH_RTD_IHC_2022_772334	Approved	Approved
O1025398	BAĞCILAR EAH_IHC_2025_1783728	Approved	Approved
O1025398	BAĞCILAR EAH_IHC_2025_1783728	Approved	Disapproved
O1022632	ESOGÜ BAP CRP - 2024-10-15 - 5000 TRY - OSMANGAZİ ÜNİVERSİTESİ REKT BA (0061005911) Turkey	Won	Approved
O1019612	KOCAELİ İSM_CC_COAG_2.KISIM_2023_313449	Lost	Cancelled
O1019612	KOCAELİ İSM_CC_COAG_2.KISIM_2023_313449	Lost	Approved
O1023448	MUŞ İSM_CC_2024_1884122-yeni_cihaz	Approved	Approved
O1024966	ERCİYES ÜNİ_DT_MS	Approved	Approved
O1025667	K.MARAŞ SÜTÇÜ İMAM ÜNİVERSİTESİ_SP IM_PAZARLIK_2025_2261985	Won	Approved
O1024758	Emekli Sandığı. SWA - 2025-10-31 - 100000 EUR - ORSİS MED.ELEK. BİLG.VE İLET.S (0061000452) Turkey	Won	Approved
O1027422	Çukurova BAP - 2026-08-25 - 20000 EUR - DETAY LAB. CİH. SAN. VE TİC. A (0061000026) Turkey	Approved	Approved
O1019114	Akademi Hast UR - 2023-03-01 - 50000 - TRY - DETAY LAB. CİH. SAN. VE TİC. A (0061000026) - Turkey	Approved	Approved
O1023678	<Almaty>_<HOSP7_FINAL>_2025>	Approved	Disapproved
O1023678	<Almaty>_<HOSP7_FINAL>_2025>	Approved	Cancelled
O1023678	<Almaty>_<HOSP7_FINAL>_2025>	Approved	Approved
O1023678	<Almaty>_<HOSP7_FINAL>_2025>	Approved	Disapproved
O1018370	STAR MEDICA_CC_IM_30112022	Completed	Approved
O1027789	ANTALYA _NUCLEUS_KAPA_04092026	Won	Cancelled
O1027789	ANTALYA _NUCLEUS_KAPA_04092026	Won	Approved
O1024152	İNÖNÜ ÜNV_ID_2025_499846	Approved	Approved
O1024769	LABMED ÖZEL KURUMLAR_CC_IM_ID_08082025	In Progress	Cancelled
O1024769	LABMED ÖZEL KURUMLAR_CC_IM_ID_08082025	In Progress	Disapproved
O1023407	Clone of GAZİ BAP_P1NP-Betacrossla - 2025-01-31 - 1782000 TRY - GAZİ ÜNİVERSİTESİ REKTÖRLÜĞÜ B (0061000184) Turkey	Won	Approved
O1023407	Clone of GAZİ BAP_P1NP-Betacrossla - 2025-01-31 - 1782000 TRY - GAZİ ÜNİVERSİTESİ REKTÖRLÜĞÜ B (0061000184) Turkey	Won	Cancelled
O1023407	Clone of GAZİ BAP_P1NP-Betacrossla - 2025-01-31 - 1782000 TRY - GAZİ ÜNİVERSİTESİ REKTÖRLÜĞÜ B (0061000184) Turkey	Won	Disapproved
O1026350	2026_174117_TEKİRDAĞ İSM_HİZMET_SWA_COAG_PCR	Approved	Approved
O1017828	approval test	In Progress	Cancelled
O1027249	2026_933706_SWA_MERSİN İSM_HALK SAĞLIĞI	In Progress	Disapproved
O1017884	EGE ÜNİVERSİTESİ_RMD_NAT_YM_27092022	In Progress	Disapproved
O1017884	EGE ÜNİVERSİTESİ_RMD_NAT_YM_27092022	In Progress	Disapproved
O1017469	SBÜ_BAP_RTD_DT_27072022	Won	Approved
O1017052	ÖZEL ERCİYES MODUL - 2022-05-31 - 0 - TRY - KAYSERİ ERCİYES SAĞLIK HİZMETL (0061005212) - Turkey	Won	Approved
O1022484	ANKARA İSM_IM_2024_1060505	Approved	Disapproved
O1022484	ANKARA İSM_IM_2024_1060505	Approved	Approved
O1022484	ANKARA İSM_IM_2024_1060505	Approved	Disapproved
O1026715	TEKİRDAĞ STAR MEDİCA - 2026-04-03 - 120000 EUR - ALGEN TIBBİ ÜRÜNLER VE SAĞLIK  (0061000032) Turkey	Won	Approved
O1027295	ULUDAĞ ÜN. GLUC D.TEMİN - 2026-07-15 - 50000 EUR - DEVA KİMYA SANAYİ VE TİCARET L (0061000074) Turkey	Won	Approved
O1023941	DARICA FARABİ_RTD_DT_750 TEST_27032025	Won	Approved
O1025457	AMERİKAN HASTANESİ_MULTIPLATE_14112025	Won	Cancelled
O1025457	AMERİKAN HASTANESİ_MULTIPLATE_14112025	Won	Approved
O1018016	MERSİN PPP - 2022-11-30 - 29000000 - TRY - DETAY LAB. CİH. SAN. VE TİC. A (0061000026) - Turkey	In Progress	Started
O1021937	Gazi Ünv.S.Hormon 2 - 2024-09-30 - 1400000 TRY - GAZİ ÜNİVERSİTESİ TIP FAKÜLTES (0061000084) Turkey	Won	Approved
O1021937	Gazi Ünv.S.Hormon 2 - 2024-09-30 - 1400000 TRY - GAZİ ÜNİVERSİTESİ TIP FAKÜLTES (0061000084) Turkey	Won	Reset
O1023699	AMERİKAN HASTANELER GRUBU_CC_IM_V5_19022025	Approved	Approved
O1017882	EPİFARMA BAP ANLAŞMALARI_RTD_27092022	Completed	Approved
O1019672	AKYURT DH_IM_2023_425450	Approved	Approved
O1024310	ERCİYES ÜNİVERSİTESİ_KAN MERKEZİ_2025_1127869	Approved	Approved
O1024310	ERCİYES ÜNİVERSİTESİ_KAN MERKEZİ_2025_1127869	Approved	Disapproved
O1025238	Clone of BOZOK ÜNİVERSİTESİ_SWA_2025_1375873	Approved	Cancelled
O1025238	Clone of BOZOK ÜNİVERSİTESİ_SWA_2025_1375873	Approved	Approved
O1027032	2026_719099 BALIKESİR İSM_CC	Approved	Approved
O1024962	EGE ÜNİVERSİTESİ_UR AUTO 1.GRUP_2025_1134052	Approved	Approved
O1023739	EŞREFPAŞA BELEDİYE HASTANESİ_SWA_25022025	Won	Approved
O1025203	BEYHEKİM EAH_COAG_2025_1624930	Approved	Approved
O1026619	Lokman Hekim ALAB_AMH_09042026	Approved	Cancelled
O1026619	Lokman Hekim ALAB_AMH_09042026	Approved	Approved
O1020400	Clone of DÜNYA GÖZ HASTANELERİ_CC_25092023	Completed	Approved
O1023188	GAZİ ÜNİVERSİTESİ_RTD_DT_78368_16122024	Completed	Approved
O1024352	19 Mayıs FITC DT - 2025-06-27 - 6180000 TRY - ONDOKUZ MAYIS ÜNV. SAĞ.UYG.ARŞ (0061000540) Turkey	Cancelled	Approved
O1026391	2026_449411 İZMİR BUCA EAH PAZARLIK_CC_IM	Approved	Approved
O1025872	HACETTEPE NGS 2026 - 2026-02-27 - 8000000 TRY - NUCLEUS GENETİK ÜRÜNLERİ ANONİ (0061005513) Turkey	Approved	Cancelled
O1025872	HACETTEPE NGS 2026 - 2026-02-27 - 8000000 TRY - NUCLEUS GENETİK ÜRÜNLERİ ANONİ (0061005513) Turkey	Approved	Approved
O1025872	HACETTEPE NGS 2026 - 2026-02-27 - 8000000 TRY - NUCLEUS GENETİK ÜRÜNLERİ ANONİ (0061005513) Turkey	Approved	Cancelled
O1024985	ULUDAĞ ÜN.İVERSİTESİ_PREANALİTİK SWA_2025_1295259	Approved	Cancelled
O1024985	ULUDAĞ ÜN.İVERSİTESİ_PREANALİTİK SWA_2025_1295259	Approved	Approved
O1017122	BAYINDIR HASTANELERİ.SWA - 2022-06-15 - 3000000 - TRY -BAYEK (61000023)	Won	Approved
O1017277	İSTANBUL ÜNİVERSİTESİ_SEQ_17062022	Won	Approved
O1017277	İSTANBUL ÜNİVERSİTESİ_SEQ_17062022	Won	Cancelled
O1020125	Clone of <Kz>_<Helix>_<SWA>_rrental	Approved	Cancelled
O1020125	Clone of <Kz>_<Helix>_<SWA>_rrental	Approved	Approved
O1024232	EPİFARMA BAP.05_16052025	Won	Approved
O1024943	Clone of Medicana Hastanesi - 2025-10-01 - 30000 EUR - ÖZGÜN KİMYEVİ MADDE TIBBİ MALZ (0061000040) Turkey	Won	Cancelled
O1024943	Clone of Medicana Hastanesi - 2025-10-01 - 30000 EUR - ÖZGÜN KİMYEVİ MADDE TIBBİ MALZ (0061000040) Turkey	Won	Approved
O1019504	ERCİYES ÜNİVERSİTESİ_RTD_IHC_31.KISIM_2023_317402	Completed	Approved
O1022703	GAZİ ÜNİVERSİTESİ_RTD_DT_ 577_15102024	Completed	Approved
O1027145	MERSİN ÜNİ MİKRO DT - 2026-07-23 - 7000000 TRY - MERSİN ÜNİVERSİTESİ REKTÖRLÜĞÜ (0061004230) Turkey	Won	Approved
O1026166	Mersin Üni ID DT 2 - 2026-03-04 - 90000 EUR - DETAY LAB. CİH. SAN. VE TİC. A (0061000026) Turkey	Approved	Approved
O1025030	HATAY MKÜ_İHK_2025_1425989	Approved	Approved
O1024034	Clone of KSÜ_ID_DT - 2025-04-11 - 600000 TRY - KAHRAMANMARAŞ SÜTÇÜ İMAM ÜNİV  (0061003755) Turkey	Won	Approved
O1021804	DOKUZ EYLÜL ÜNİVERSİTESİ_RTD_SISH-CISH_2024_609700	Won	Approved
O1023811	İSLAB4_MEHMET AKİF ERSOY HASTANEİS_BGAS_08032025	Won	Approved
O1023394	MANAVGAT DH_RTD_IHC_DT_15012025	Completed	Approved
O1023082	AKADEMİK HOSPITAL_CC_IM_12122024	Won	Approved
O1027912	2026_1519998_RİZE İSM_HSL_SWA_CİHAZ SATIŞ	Approved	Approved
O1022227	CENTERMED GÖRÜNTÜLEME MERKEZİ_CC_IM_ID_02082024	Completed	Approved
O1026913	ATATÜRK ŞH _ID - D.TEMİN - 2026-05-31 - 120000 EUR - DEVA KİMYA SANAYİ VE TİCARET L (0061000074) Turkey	Won	Approved
O1023400	EGE ÜNİVERSİTESİ_NAT_09012025	Approved	Approved
O1018313	DÜZCE IHK DT - 2023-02-02 - 45000 - TRY - DÜZCE ÜNİVERSİTESİ SAĞLIK UYG  (0061000230) - Turkey	Won	Approved
O1025761	Clone of Gen_Era_Kapa - 2026-01-31 - 25000 EUR - GEN ERA DİAGNOSTİK SAĞLIK HİZM (0061005563) Turkey	Won	Approved
O1025948	E-Lab - 2026-03-15 - 220000 EUR - ALGEN TIBBİ ÜRÜNLER VE SAĞLIK  (0061000032) Turkey	Approved	Approved
O1022209	ERCİYES ÜNİVERSİTESİ_UR_2024_918497	Approved	Approved
O1022995	SÜLEYMAN DEMİREL ÜNİVERSİTESİ_IM_2024_1423211	Approved	Disapproved
O1022995	SÜLEYMAN DEMİREL ÜNİVERSİTESİ_IM_2024_1423211	Approved	Approved
O1026883	2026_397368_KARABÜK EAH_ID_PCR_Pazarlık	Won	Approved
O1022337	CUMHURİYET ÜNV_SWA_2024_997312	Won	Approved
O1022337	CUMHURİYET ÜNV_SWA_2024_997312	Won	Reset
O1026763	Selçuk Ek kira 2026 - 2026-05-05 - 20000 EUR - DETAY LAB. CİH. SAN. VE TİC. A (0061000026) Turkey	Won	Cancelled
O1026763	Selçuk Ek kira 2026 - 2026-05-05 - 20000 EUR - DETAY LAB. CİH. SAN. VE TİC. A (0061000026) Turkey	Won	Approved
O1020783	ESKİŞEHİR İSM_10.KISIM_SPES. NEFELOMETRE_2023_1179185	Approved	Approved
O1017279	MEDİKAL DEĞER ANTİKOR_RTD_17062022	Won	Approved
O1017512	DT DAP & Antikor - 2022-09-26 - 4800000 - TRY - VAN BÖLGE EĞİTİM VE ARAŞTIRMA  (0061004046) - Turkey	Won	Approved
O1027097	2026_880249_NEW_ID_İZMİR TEPECİK EAH	Approved	Approved
O1019574	Clone of BAYINDIR_RTD_2023 ANLAŞMASI_24042023	Approved	Approved
O1022312	OKMEYDANI EAH_RDT_DT_15082024	Completed	Approved
O1022312	OKMEYDANI EAH_RDT_DT_15082024	Completed	Disapproved
O1017557	KKTC Kit Alımı - 2022-08-15 - 22500 - TRY - BIOSYS LIMITED (0061005595) - Cyprus	Won	Approved
O1023109	GAZİYAŞARGİL EAH_HK_1505465	Approved	Approved
O1023109	GAZİYAŞARGİL EAH_HK_1505465	Approved	Cancelled
O1023109	GAZİYAŞARGİL EAH_HK_1505465	Approved	Cancelled
O1023109	GAZİYAŞARGİL EAH_HK_1505465	Approved	Cancelled
O1027858	ÇUKUROVA ÜNİ_2.000 DAB_26DT1709116	Won	Approved
O1017084	MEDIAN SAĞLIK HASTANELERİ_IM_ID_25052022	Won	Approved
O1017635	Erciyes_Genetik_İzl - 2022-09-29 - 400000 - TRY - Life Biotek Medikal (ACC-0004104148) - Turkey	Won	Approved
O1021153	SUAT SEREN_RTD PD-L1_DT_23012024	Completed	Approved
O1020410	ADANA İSM_İLÇELER_GLU_2023_932087	Approved	Approved
O1016908	KIZILAY TIP MERKEZİ_UR_19042022	Approved	Approved
O1025581	KÜTAHYA EVLİYA ÇELEBİ EAH_IM+ID_KISIM 15_2025_1702473	Approved	Approved
O1020992	MEDİSTANBUL_CC_IM_03012024	Completed	Approved
O1027744	2026_1629330_TEKİRDAĞ HALK SAĞLIĞI_SWA_PAZARLIK	Won	Approved
O1027274	KARTAL TM_HIS MEDİKAL_CC_IM_03072026	Approved	Approved
O1017809	ÇANAKKALE ÜNİVERSİTESİ_RTD_IHC_DT_19092022	Won	Approved
O1017809	ÇANAKKALE ÜNİVERSİTESİ_RTD_IHC_DT_19092022	Won	Cancelled
O1021386	ÖZEL LİVHOSPİTAL - 2024-02-29 - 275000 - EUR - İLMED İLAÇ ve MEDİKAL ÖZEL  LA (0061000027) - Turkey	Completed	Approved
O1026531	ELİPS 2026 MP96 - 2026-04-30 - 24000 EUR - ELİPS SAĞLIK ÜRÜNLERİ İTH.VE İ (0061000064) Turkey	Won	Approved
O1017650	Mersin Karantina - 2022-09-15 - 1600000 - TRY - LETGEN BİYOTEKNOLOJİ LABORATUV (0061005075) - Turkey	Won	Approved
O1024222	MN_BB Project (SWA_cobas pure)	Approved	Reset
O1024222	MN_BB Project (SWA_cobas pure)	Approved	Cancelled
O1024911	MERSİN ZİRAİ KARANTİNA_2025_1236422	Won	Approved
O1024757	KULA DH_BGAS_2025_1136843	Approved	Approved
O1027011	2026_724570_1.KISIM_CC_MERSİN İSM İLÇELER_V2_CİHAZ SATIŞ	Won	Approved
O1027917	ATLAS ÜNİVERSİTESİ_2H_CC_21092026	In Progress	Started
O1027917	ATLAS ÜNİVERSİTESİ_2H_CC_21092026	In Progress	Disapproved
O1017319	Clone of KIZILAY PLAZMA FRAKSİYONU_EURO_5 YILLIK_29032022	Approved	Approved
O1017319	Clone of KIZILAY PLAZMA FRAKSİYONU_EURO_5 YILLIK_29032022	Approved	Cancelled
O1017319	Clone of KIZILAY PLAZMA FRAKSİYONU_EURO_5 YILLIK_29032022	Approved	Cancelled
O1016782	SAMSUN ÖZEL MEDİBAFRA HASTANESİ_CC_IM_ID_211213	Won	Approved
O1019279	MANAVGAT HİSAR TIP_CC_IM_21032023	Won	Approved
O1026427	2026_471824 İZMİR BEHÇET UZ_SWA_PAZARLIK	Won	Approved
O1020559	Çerkeşe DT - 2023-11-30 - 23000 - TRY - ÇANKIRI ÇERKEŞ DEVLET HASTANES (0061000336) - Turkey	Won	Approved
O1020670	ÖZEL SEVGİ HASTANESİ_UR_COMBUR_06112023	Won	Approved
O1020670	ÖZEL SEVGİ HASTANESİ_UR_COMBUR_06112023	Won	Cancelled
O1027362	Özel BWR SWA 2026-2027 - 140000 EUR - DİYAR-MED SAĞLIK ÜRÜNLERİ SAN. (0061000054) Turkey	Won	Approved
O1025492	Sistem Tıp SWA - 2026-02-11 - 100000 EUR - ALGEN TIBBİ ÜRÜNLER VE SAĞLIK  (0061000032) Turkey	Approved	Approved
O1026280	2026_149644_BURDUR İSM_V2_CİHAZ SATIŞ	Approved	Approved
O1027182	O1027182 - 2026_941748 DİYARBAKIR İSM_IM_Kiralık_GDC_Teklif	Approved	Approved
O1025462	BİOLAB _ SPS PANEL_12112025	Approved	Approved
O1021806	GÜVEN HASTANESİ_RTD_Her2_24052024	Completed	Approved
O1022358	GAZİ ÜNİVERSİTESİ_RTD_DT_74512_20082024	Won	Approved
O1019633	TRAKYA ÜNİVERSİTESİ_ALP FOSFOR DT_10052023	Won	Approved
O1021650	Gazi Ünv_NT-ProBNP_D - 2024-07-31 - 1800000 - TRY - GAZİ ÜNİVERSİTESİ TIP FAKÜLTES (0061000084) - Turkey	Completed	Approved
O1025489	ÇUKUROVA ÜNİVERSİTESİ_RTD_250 DAB BAP_20112025	Approved	Approved
O1022127	NAMIK KEMAL ÜNİVERSİTESİ HASTANESİ_ID_2024_807306	Approved	Approved
O1021991	MERSİN ÜNV_DT_HER2	In Progress	Initial
O1021991	MERSİN ÜNV_DT_HER2	In Progress	Cancelled
O1021991	MERSİN ÜNV_DT_HER2	In Progress	Cancelled
O1018980	İZMİR İSM_7.GRUP_ID_2023_87106	Approved	Cancelled
O1018980	İZMİR İSM_7.GRUP_ID_2023_87106	Approved	Approved
O1026093	Manavgat DH_DT_8595_IHC_10022026	Won	Approved
O1017968	İSLAB GENETİK_2022_2022_880549	Approved	Approved
O1020861	Clone of ISPARTA PPP İHK EURO - 2023-11-30 - 340000 - EUR - ÖZGÜN KİMYEVİ MADDE TIBBİ MALZ (0061000040) - Turkey	Completed	Approved
O1026741	KOÇ_MOLEKÜLER_30042026	Approved	Approved
O1022558	KARABÜK HSL_CC_IM_2024_1105830	Completed	Cancelled
O1022558	KARABÜK HSL_CC_IM_2024_1105830	Completed	Approved
O1022276	Clone of ASM_RTD_IHC_24042024	Completed	Approved
O1022874	GÖZDE GRUP İSTANBUL BAYPARK HASTANESİ_CC_IM_07112024	Approved	Approved
O1024871	CENTRO_PREANALİTİK SARF MALZEMELERİ_27082025	Approved	Approved
O1024871	CENTRO_PREANALİTİK SARF MALZEMELERİ_27082025	Approved	Cancelled
O1017977	BEYHEKİM DH_CC_2022_1001027	Approved	Disapproved
O1017977	BEYHEKİM DH_CC_2022_1001027	Approved	Approved
O1017977	BEYHEKİM DH_CC_2022_1001027	Approved	Cancelled
O1016950	ANKARA ÜNİVERSİTESİ_ID_2022_1305920	Completed	Reset
O1016950	ANKARA ÜNİVERSİTESİ_ID_2022_1305920	Completed	Approved
O1024375	ÇUKUROVA ÜNV_İHK_2025_655250	Won	Approved
O1016992	Etlik PPP-Genetik - 2022-06-01 - 25000000 - TRY - TECHNO HEALTH LAB.DİAGNOSTİK S (0061003872) - Turkey	In Progress	Cancelled
O1018017	YAŞAM LAB_CC_IM_220411	In Progress	Reset
O1016983	TUZLALI  SAĞLIK HİZMETLERİ_RTD_IHK_ISH_08042022	Won	Approved
O1019931	MEDIAN MEDDEM HOSPITAL_IM_ID_11072023	Approved	Approved
O1019931	MEDIAN MEDDEM HOSPITAL_IM_ID_11072023	Approved	Reset
O1020591	ÇİĞLİ DH_RTD_CISH_DT_23102023	Won	Approved
O1021501	İZMİR EAH BOZYAKA_RMD VIROLOJİ_3 AY PAZARLIK_2024_340406	Approved	Approved
O1023949	PAMUKKALE ÜNİVERSİTESİ_RTD_HPV_DT_28032025	Won	Approved
O1026704	LETGEN 2026_04 - 2026-06-30 - 60000 EUR - LETGEN BİYOTEKNOLOJİ LABORATUV (0061005075) Turkey	Approved	Cancelled
O1026704	LETGEN 2026_04 - 2026-06-30 - 60000 EUR - LETGEN BİYOTEKNOLOJİ LABORATUV (0061005075) Turkey	Approved	Disapproved
O1026704	LETGEN 2026_04 - 2026-06-30 - 60000 EUR - LETGEN BİYOTEKNOLOJİ LABORATUV (0061005075) Turkey	Approved	Approved
O1024585	ÇANAKKALE HS_SWA_ALTERNATİF_1_SATIŞ_2025_886102	Won	Disapproved
O1024585	ÇANAKKALE HS_SWA_ALTERNATİF_1_SATIŞ_2025_886102	Won	Approved
O1021658	BAHAT HOSPITAL_CC_18042023	Approved	Approved
O1025242	HACETTEPE UNIV_Preanalitik_KISIM 1 _2025_1497824	Approved	Approved
O1025973	KURUL LAB_KONYA VETERİNER_DAB_22012026	Approved	Approved
O1017611	G.ANTEP_İSM_UR_2022_762010_220907	Approved	Approved
O1018972	ANKARA GAZİ MUSTAFA KEMAL MESLEK HST_CC_2023_75591	Approved	Cancelled
O1018972	ANKARA GAZİ MUSTAFA KEMAL MESLEK HST_CC_2023_75591	Approved	Approved
O1022124	TÜRK KALP VAKFI_CC_IM_05072024	Approved	Approved
O1025851	Clone of KARS İSM CC BAYİ_2025_2131526	Won	Approved
O1017043	CERRAHPAŞA TF_FITC_13052022	Completed	Approved
O1027173	2026_1084265_GÜMÜŞHANE İSM_SWA_PAZARLIK_2 aylık	Won	Cancelled
O1027173	2026_1084265_GÜMÜŞHANE İSM_SWA_PAZARLIK_2 aylık	Won	Approved
O1022303	CUMHURİYET ÜNV_2024_922513_23.KALEM HER2	Approved	Approved
O1027089	Utkan.M_Dünya_IM_ID_2026 - 2026-08-22 - 260000 EUR - DİYAR-MED SAĞLIK ÜRÜNLERİ San. (ACC-0004052772) Turkey	Approved	Approved
O1022823	YEDİKULE REFERANS_CC_IM_V3_24102024	Completed	Approved
O1025812	ESKİŞEHİR İSM_SWA_2025_1908097	Approved	Approved
O1018494	GİRESUN İSM_COAG_2022_1236205	Approved	Approved
O1018494	GİRESUN İSM_COAG_2022_1236205	Approved	Cancelled
O1020938	ÇORUM EAH-IM_PREA 2023_1378162	Completed	Approved
O1025007	BAYAT DH_CC_2025_1440998	Won	Disapproved
O1025007	BAYAT DH_CC_2025_1440998	Won	Approved
O1017123	BAYINDIR HASTANELERİ. Acc.Inf II - 2022-07-31 - 300000 - TRY - BAYEK TEDAVİ SAĞLIK HİZMETLERİ (0061000023) - Turkey	Won	Approved
O1017123	BAYINDIR HASTANELERİ. Acc.Inf II - 2022-07-31 - 300000 - TRY - BAYEK TEDAVİ SAĞLIK HİZMETLERİ (0061000023) - Turkey	Won	Cancelled
O1021560	GİRESUN İSM_GLU_COAG_2024_308856	In Progress	Cancelled
O1021560	GİRESUN İSM_GLU_COAG_2024_308856	In Progress	Disapproved
O1021560	GİRESUN İSM_GLU_COAG_2024_308856	In Progress	Started
O1023703	KIRIKKALE ÜNV_CC_2025_190255	In Progress	Started
O1019630	Clone of İZMİR TEPECİK EAH_RTD_IHC_2023_412911	Won	Approved
O1019771	ORTADOĞU HASTANESİ_CC_IM	Completed	Approved
O1025450	DR. ABDURRAHMAN YURTASLAN ONKOLOJİ HST_IM_2025_1793781	Approved	Approved
O1017685	Q_PCR MP24 NUKLEUS_2 - 2023-08-31 - 200200 - TRY - NUKLEUS SAĞLIK ÜRÜNLERİ TANI H (0061000175) - Turkey	Approved	Cancelled
O1017685	Q_PCR MP24 NUKLEUS_2 - 2023-08-31 - 200200 - TRY - NUKLEUS SAĞLIK ÜRÜNLERİ TANI H (0061000175) - Turkey	Approved	Approved
O1027815	2026_1418685_6.KISIM_CC_IM_ANTALYA İSM_ŞEHİR HASTANESİ_DC_v3	Approved	Approved
O1020545	KIRIKKALE ÜNV_IM_2023_1099133	Completed	Approved
O1020545	KIRIKKALE ÜNV_IM_2023_1099133	Completed	Cancelled
O1021739	ETLİKPPP IHK EK CİHAZKİRA - 2024-06-03 - 10000 EUR - TECHNO HEALTH LAB.DİAGNOSTİK S (0061003872) Turkey	Won	Approved
O1024922	Clone of RİZE İSM_İHK_2025_723904	Won	Approved
O1018049	Clone of <KZ>_<Name>Indian pvt lab_<Yea2022>	In Progress	Cancelled
O1021466	Clone of Clone of ÇİĞLİ EAH_RMD_2024_164902	Approved	Approved
O1021885	Clone of GAZİ ÜNİVERSİTESİ_RTD_ANTİKOR_DT_24052024	Won	Approved
O1024290	RİZE İSM_CC_IM_2025_723904	Approved	Disapproved
O1024290	RİZE İSM_CC_IM_2025_723904	Approved	Approved
O1024290	RİZE İSM_CC_IM_2025_723904	Approved	Cancelled
O1024290	RİZE İSM_CC_IM_2025_723904	Approved	Disapproved
O1021541	AFİYET HASTANESİ_CC_IM_22032024	Completed	Approved
O1017200	GİRESUN İSM_SWA_2022_522976	Won	Approved
O1026465	2026_401153_DR. ALİ KEMAL BELVİRANLI_ID	Approved	Approved
O1019195	ÇAPA RTD ANTİKOR_08032023	Won	Approved
O1026655	KKTC BIOSYS LTD IHC - 2026-06-18 - 10000000 TRY - BIOSYS LIMITED (0061005595) Cyprus	Won	Approved
O1026655	KKTC BIOSYS LTD IHC - 2026-06-18 - 10000000 TRY - BIOSYS LIMITED (0061005595) Cyprus	Won	Disapproved
O1026655	KKTC BIOSYS LTD IHC - 2026-06-18 - 10000000 TRY - BIOSYS LIMITED (0061005595) Cyprus	Won	Cancelled
O1027720	2026_1418685_1.KISIM_ACİL KARDİYAK_ANTALYA İSM_CİHAZ SATIŞ	Approved	Approved
O1024765	NEVŞEHİR İSM_UR_2025_1068304	Approved	Approved
O1019084	Mersin Üni Eliza DT - 2023-02-28 - 2000000 - TRY - DETAY LAB. CİH. SAN. VE TİC. A (0061000026) - Turkey	Approved	Approved
O1025507	ANTALYA EAH_IHC_Pazarlık_2025_2049011	Won	Disapproved
O1025507	ANTALYA EAH_IHC_Pazarlık_2025_2049011	Won	Approved
O1025328	AFYON KOCATEPE ÜNİV_2025_1726994_Kısım 6_UR	Approved	Approved
O1020935	ETLİK ZÜBEYDE HANIM HST_IM_ID_2023_1488491	Completed	Approved
O1021895	BÜLENT ECEVİT ÜNİVERSİTESİ_3.KISIM GLUCOMETRE_2024_697104	Approved	Approved
O1027264	Clone of Türk Lab_IM_ID_05022026	Won	Approved
O1020999	GAZİ ÜNİVERSİTESİ_RTD_IHC_DT_28122023	Won	Approved
O1025333	Clone of MN_1st_State_Hospital_Pure	Approved	Approved
O1020254	YaşamLab Coag - 2023-09-15 - 29000 - EUR - DETAY LAB. CİH. SAN. VE TİC. A (0061000026) - Turkey	Approved	Approved
O1020254	YaşamLab Coag - 2023-09-15 - 29000 - EUR - DETAY LAB. CİH. SAN. VE TİC. A (0061000026) - Turkey	Approved	Disapproved
O1020254	YaşamLab Coag - 2023-09-15 - 29000 - EUR - DETAY LAB. CİH. SAN. VE TİC. A (0061000026) - Turkey	Approved	Reset
O1026054	Türk Lab_CC_05022026	Won	Disapproved
O1026054	Türk Lab_CC_05022026	Won	Reset
O1026054	Türk Lab_CC_05022026	Won	Approved
O1027809	2026_1418685_3.KISIM 1.GRUP CC_ANTALYA İSM_v2	In Progress	Disapproved
O1024155	GÜLHANE EAH_VİTD_2025_563898	Approved	Approved
O1017844	Clone of ANTALYA İSM_ID_2022_772798	Won	Cancelled
O1017844	Clone of ANTALYA İSM_ID_2022_772798	Won	Cancelled
O1017844	Clone of ANTALYA İSM_ID_2022_772798	Won	Approved
O1023110	Clone of ATATÜRK EAH KATİP ÇELEBİ_RMD_2024_1443095	Approved	Approved
O1023110	Clone of ATATÜRK EAH KATİP ÇELEBİ_RMD_2024_1443095	Approved	Cancelled
O1027136	2026_554341_ORDU İSM_GENEL	Approved	Approved
O1018330	REVİZE_ GAZİANTEP_İSM_CC_IM - 2022-08-08	Won	Approved
O1020187	ZONGULDAK BÜLENT ECEVİT ÜNİVERSİTESİ_BGAS_2023_885512	Approved	Approved
O1020187	ZONGULDAK BÜLENT ECEVİT ÜNİVERSİTESİ_BGAS_2023_885512	Approved	Disapproved
O1024045	ALANYA EAH_RTD_IHC_PAZARLIK 1 AYLIK_2025_548171	Approved	Approved
O1016820	Clone of Clone of EGELAB_SPECIFIC TESTLER_14032022	Approved	Approved
O1027755	2026_1301764_1.KISIM_SWA_HATAY MKÜ_CİHAZ SATIŞ	Approved	Approved
O1027082	ONDOKUZ MAYIS ÜNİVERSİTESİ_RTD_HPV_DT_08062026	Won	Approved
O1022308	İZMED_IM - 2024-12-02 - 30000 EUR - DİYAR-MED SAĞLIK ÜRÜNLERİ SAN. (0061000054) Turkey	Completed	Approved
O1027876	2026_1182870_ORDU İSM_SIFIR CİHAZ SATIŞ	In Progress	Disapproved
O1022721	ANTALYA ATATÜRK DH_COAG_2024_1221419	Approved	Approved
O1019687	NAMIK KEMAL ÜNİVERSİTESİ_RTD_HPV_DT_22052023	Won	Approved
O1020294	KARS İSM_SWA_PAZARLIK_2023_910270	Approved	Reset
O1021920	AKSARAY ÜNV_BNP_2024_685870	Approved	Approved
O1023810	BALIKESİR ÜNİVERSİTESİ_CC_IM_ALTERNATİF-2_2025_159743	Approved	Approved
O1019470	ÇANAKKALE İSM_IM_2023_343560	Approved	Approved
O1023562	Ena Lab.IM - 2025-02-28 - 500000 EUR - DETAY LAB. CİH. SAN. VE TİC. A (0061000026) Turkey	Won	Disapproved
O1023562	Ena Lab.IM - 2025-02-28 - 500000 EUR - DETAY LAB. CİH. SAN. VE TİC. A (0061000026) Turkey	Won	Approved
O1023265	KİLİS İSM_CC_PAZARLIK_2024_1843974	Completed	Approved
O1018454	YAŞAM HASTANESİ_CC_IM_08122022	Approved	Approved
O1017529	AKDENİZ ÜNİVERSİTESİ_TORCH_2022_732303	Approved	Approved
O1021963	Clone of AHENK LABORATUVARI_PREANALİTİK CİHAZI_30052024	Completed	Approved
O1026124	MASLAK ACIBADEM_MULTİPLATE_13022026	Approved	Approved
O1020615	BİNGÖL_İSM_IM_2023_1039743	Completed	Approved
O1025001	Gaziantep İSM_HSM_SWA_UR_2025_1404775	In Progress	Cancelled
O1023931	PAMUKKALE ÜNİVERSİTESİ_EBER_DT_27032025	Won	Approved
O1023873	ASM_SWA_19052025	Approved	Approved
O1027325	Letgen 2026 Genel Anlaşma - 2026-09-07 - 600000 EUR - LETGEN BİYOTEKNOLOJİ LABORATUV (0061005075) Turkey	Won	Approved
O1022989	UŞAK İSM_CC_IM_ID_HİZMET ALIMI_2024_1416287	In Progress	Disapproved
O1022989	UŞAK İSM_CC_IM_ID_HİZMET ALIMI_2024_1416287	In Progress	Cancelled
O1017398	Clone of ISPARTA İSM İLÇELER_IM ID_2022_686782	Won	Approved
O1025617	Gen_Era_Kapa - 2026-01-31 - 25000 EUR - GEN ERA DİAGNOSTİK SAĞLIK HİZM (0061005563) Turkey	Approved	Approved
O1017022	Gazi Ünv_ID_2022_419058 - 2022-05-28 - 2500000 - TRY - GAZİ ÜNİVERSİTESİ TIP FAKÜLTES (0061000084) - Turkey	Won	Approved
O1027703	TOBB ETÜ_SWA_2027_Revize21052026	Approved	Approved
O1026004	ULUDAG UNVERSİTESİ_RTD_PD_L1_DT_28012026	Won	Approved
O1021980	GE_NSC_5800_HPV	Won	Approved
O1019284	AFİYET HASTANESİ_CC_IM_20032023	Completed	Approved
O1023580	Clone of EGEPOL_CC_IM_04022025	Won	Approved
O1023580	Clone of EGEPOL_CC_IM_04022025	Won	Disapproved
O1023580	Clone of EGEPOL_CC_IM_04022025	Won	Reset
O1018509	100. YIL IM - 2023-01-31 - 3000000 - TRY - NEMESİS TIBBİ LAB.MED.ELEK. İN (0061005250) - Turkey	Completed	Approved
O1023185	HATAY İSM_PAZARLIK_COAG_2024/1741098	Completed	Approved
O1021409	MEDİPOL ACIBADEM HASTANESİ_UR CİHAZ KİRA_06032024	Won	Approved
O1023985	İNEGOL DEVLET HASTANESİ_RTD_DT_04042025	Won	Approved
O1017002	MEDİVİA_CC_IM_09052022	Approved	Approved
O1020126	AZ_Azerimed_C4800 - 2023-08-31 - 50000 - EUR - AZERIMED CJSC (0061004052) - Azerbaijan	Cancelled	Approved
O1027332	2026_933706_SWA_MERSİN İSM_HALK SAĞLIĞI_DC	In Progress	Disapproved
O1019408	AVICENNA HOSPITAL_CC_IM_ID_07042023	Approved	Approved
O1022379	ANTALYA İSM_ID_2024_974670	Completed	Disapproved
O1022379	ANTALYA İSM_ID_2024_974670	Completed	Approved
O1022379	ANTALYA İSM_ID_2024_974670	Completed	Disapproved
O1022379	ANTALYA İSM_ID_2024_974670	Completed	Cancelled
O1025133	Mersin Üni DT 82806 - 2025-11-27 - 80000 EUR - DETAY LAB. CİH. SAN. VE TİC. A (0061000026) Turkey	Won	Approved
O1020644	BAYBURT İSM_CC_2023_1156655	Approved	Approved
O1022006	Clone of Her2 DT 2024 - 2024-07-24 - 4800000 TRY - MERSİN ÜNİVERSİTESİ TIP FAKÜLT (ACC-0001618592) Turkey	Approved	Approved
O1027002	Clone of 2026_3 DIACORE EGEPAT - 2026-06-30 - 90000 EUR - DİACORE DİAGNOSTİK SİSTEMLER A (0061006157) Turkey	Approved	Approved
O1024291	KOCAELİ ÜNVERSİTESİ_RTD_5.KISIM_2025_622460	Approved	Approved
O1020207	SİSTEM TIP_CC_IM_ID_21082023	Approved	Reset
O1020207	SİSTEM TIP_CC_IM_ID_21082023	Approved	Reset
O1020207	SİSTEM TIP_CC_IM_ID_21082023	Approved	Approved
O1021075	Clone of LEOMDS ÖZEL HASTANESİ_CC_IM_08012024	Completed	Approved
O1024119	Clone of KOCAELİ ÜNİVERSİTESİ_RTD_PAZARLIK_2025_595694	Won	Approved
O1025594	BEHÇET UZ EAH_ID_2025_1988568	Approved	Approved
O1025865	Özel Uncalı Hastanesi_SWA_05012026	Approved	Approved
O1025865	Özel Uncalı Hastanesi_SWA_05012026	Approved	Disapproved
O1027976	ÇAPA_DT_C4D_28092026	Approved	Approved
O1019998	ELITE HOSPITAL_IM_18072023	Completed	Approved
O1016801	ÖZEL BİYOTIP LABORATUVARI_IM_06042022	Approved	Approved
O1025728	ESKİŞEHİR İSM_CC_IM_2025_2270340	Won	Approved
O1025728	ESKİŞEHİR İSM_CC_IM_2025_2270340	Won	Cancelled
O1019157	ONDOKUZ MAYIS ÜNV_IHC_2023_168792	Completed	Approved
O1017760	KKTC IHC Kit Alımı - 2022-09-30 - 340750 - TRY - BIOSYS LIMITED (0061005595) - Cyprus	Won	Approved
O1026516	Manavgat DH_DT_RTD_26032026	Won	Approved
O1019199	KIZILCAHAMAM DH_IM_2023_186189-2	Approved	Approved
O1025950	Kanuni EAH Viroloji_20012026	Approved	Approved
O1025950	Kanuni EAH Viroloji_20012026	Approved	Disapproved
O1024061	BALIKESİR ATATÜRK ŞEHİR HASTANESİ_RTD_IHC_DT_17042025	Approved	Approved
O1025378	KONYA BAŞKENT ÜNİ.RTD_IHC_03112025	Approved	Approved
O1025378	KONYA BAŞKENT ÜNİ.RTD_IHC_03112025	Approved	Disapproved
O1020359	CENTRO_VİZYON ÇALIŞTAY_19092023	Approved	Approved
O1023932	Clone of İMPERİAL SWA_cobas pro	Approved	Approved
O1021327	İZMİR EAH BOZYAKA_RMD VİROLOJİ_2024_124121	Approved	Approved
O1021099	Gazi Ünv NT-ProBNP D - 2024-04-30 - 4000000 - TRY - GAZİ ÜNİVERSİTESİ TIP FAKÜLTES (0061000084) - Turkey	Completed	Reset
O1021099	Gazi Ünv NT-ProBNP D - 2024-04-30 - 4000000 - TRY - GAZİ ÜNİVERSİTESİ TIP FAKÜLTES (0061000084) - Turkey	Completed	Approved
O1025382	ÇORUM EAH_BG_2025_1780205	In Progress	Started
O1019163	TRT GENEL MÜD._IM_230306	Completed	Approved
O1026900	Clone of 2026_662121_YEDEK PARÇA_İSLAB_3	In Progress	Initial
O1020383	ASYA OKMEYDANI HASTANELERİ_CC_IM_02102023	Approved	Approved
O1027174	2026_911591_TRABZON İSM_ID_Bayi	Approved	Cancelled
O1027174	2026_911591_TRABZON İSM_ID_Bayi	Approved	Approved
O1026640	KEMER YAŞAM HASTANESİ_CC_13042026	Won	Approved
O1017703	INVITRO LAB_CİHAZ KİRASI_01092022	Won	Disapproved
O1017703	INVITRO LAB_CİHAZ KİRASI_01092022	Won	Approved
O1022731	AVUSTORYA SEN. JORJ HASTANESİ_CC_IM_24102024	Approved	Approved
O1022506	AKDENİZ ÜNV HST_TORCH_2024_1074098	In Progress	Cancelled
O1022506	AKDENİZ ÜNV HST_TORCH_2024_1074098	In Progress	Disapproved
O1025984	Clone of Dünya Göz Hastaneleri - 2026-02-25 - 10000 EUR - PAY MEDİKAL TIBBİ ÜRÜNLER LTD. (0061005204) Turkey	Cancelled	Approved
O1018783	İSTANBUL LABORATUVARI_IM_ID_12012023	Completed	Approved
O1026173	Clone of Emekli Sandığı CC _2026	Won	Approved
O1027859	TRAKYA BÖLGE ÖZEL HASTANELER_2H_SWA_V3_12082026	Won	Approved
O1027049	2026_819036_1.KISIM_SWA_ÇUKUROVA ÜNİVERSİTESİ	Approved	Approved
O1020891	AKBANK_CC_IM_ALTERNATİF 1_13122023	Completed	Approved
O1027819	2026_1032557_ORDU İSM_EK CİHAZ KİRASI	Won	Approved
O1018916	INTERMED_UR_02022023	Approved	Approved
O1024695	DÜZCE ÜNİVERSİTESİ_ID_2025_1105092	Approved	Disapproved
O1024695	DÜZCE ÜNİVERSİTESİ_ID_2025_1105092	Approved	Approved
O1026630	ŞANLIURFA EAH EYYÜBİYE DT - 2026-05-14 - 1000000 TRY - SANLIURFA MEHMET AKIF INAN EĞİ (0061004440) Turkey	Won	Approved
O1018270	NECMETTİN ERBAKAN ÜNV_CC_IM_2022_984911	Completed	Approved
O1027864	2026_1429227_GİRESUN İSM_SIFIR CİHAZ SATIŞ	In Progress	Disapproved
O1022186	Clone of ARDAHAN İSM_IM_2024_756795	Won	Approved
O1025753	AFYON DH_IM_ID_pazarlık_2025_2380477_kısım 4	Won	Approved
O1024305	ALANYA EAH_RTD_IHC_PAZARLIK_2025_802710	Won	Approved
O1020240	MERSİN ZİRAİ KARANTİNA_2023_823990	Cancelled	Approved
O1022319	DR.LÜTFİ KIRDAR ŞEHİR HASTANESİ_RTD_HC_2024_1018732	Approved	Approved
O1027793	MERSİN ÜNİ 87758 DT HIV - 2026-10-15 - 7000000 TRY - MERSİN ÜNİVERSİTESİ REKTÖRLÜĞÜ (0061004230) Turkey	Approved	Approved
O1023300	ERDEM HASTANESİ_RTD_IHK_07012025	Won	Approved
O1023300	ERDEM HASTANESİ_RTD_IHK_07012025	Won	Reset
O1021773	İSLAB4_SİLİVRİ CEZA İNFAZ KURUMU_EK CİHAZ KİRA E411_16052024	Won	Approved
O1018406	NAMIK KEMAL ÜNİVERSİTESİ_RMD_VIROLOJİ_2022_1264093	Approved	Cancelled
O1018406	NAMIK KEMAL ÜNİVERSİTESİ_RMD_VIROLOJİ_2022_1264093	Approved	Approved
O1018406	NAMIK KEMAL ÜNİVERSİTESİ_RMD_VIROLOJİ_2022_1264093	Approved	Disapproved
O1018406	NAMIK KEMAL ÜNİVERSİTESİ_RMD_VIROLOJİ_2022_1264093	Approved	Disapproved
O1024827	MEDİPOL_SWA_22082025	Cancelled	Approved
O1023301	DÜZEN LABORATUVARI_H232_27122024	Won	Approved
O1022897	AKDENİZ ÜNİVERSİTESİ_RMD_PCR EBV BKV_2024_1425682	Approved	Approved
O1022897	AKDENİZ ÜNİVERSİTESİ_RMD_PCR EBV BKV_2024_1425682	Approved	Disapproved
O1022897	AKDENİZ ÜNİVERSİTESİ_RMD_PCR EBV BKV_2024_1425682	Approved	Cancelled
O1024151	KKTC ÇOCUK ENDOKRİN_E402_05052025	Approved	Cancelled
O1024151	KKTC ÇOCUK ENDOKRİN_E402_05052025	Approved	Approved
O1016791	ANTALYA İSM_IM İLÇELER_2022_224856	Approved	Approved
O1026243	AKADEMİK HOSPITAL_CC_IM_10022026_DC	Won	Approved
O1023792	100.Yıl Hast.SWA - 2025-04-30 - 300000 EUR - DETAY LAB. CİH. SAN. VE TİC. A (0061000026) Turkey	Approved	Approved
O1027258	ERK DIA - VAN YY BAP DAB - 2026-07-23 - 900000 TRY - ERK DIAGNOSTIK OZEL SAGLIK HIZ (0061006093) Turkey	Approved	Approved
O1020165	Dicle Ünv İzolasyon - 2024-02-22 - 1200000 - TRY - DİYAR-MED SAĞLIK ÜRÜNLERİ SAN. (0061000054) - Turkey	Completed	Approved
O1021457	KAYSERİ İSM_SWA_2024_154604	Approved	Approved
O1019413	DARÜLACEZE_IM_ID_25042023	Approved	Approved
O1025961	2026_69047_ALANYA EAH_IHC_PAZARLIK 1 AYLIK	Won	Approved
O1021380	Mozaik KOAG - 2024-03-26 - 50000 - EUR - DETAY LAB. CİH. SAN. VE TİC. A (0061000026) - Turkey	Completed	Approved
O1025004	KARTAL EAH_RTD_HC_2025_1462742	Won	Approved
O1023416	Epifarma Anlaşma - 2025-02-28 - 20000 EUR - EPİFARMA LABORATUVAR ÜRÜNLERİ  (0061004345) Turkey	Completed	Approved
O1026392	GAZİ ÜNİ_DT_531_11032026	Approved	Approved
O1026190	GAZIANTEP PPP IHK CİHAZ KİRA - 2026-03-16 - 787500 EUR - RÖNESANS İŞLETME HİZMETLERİ DA (0061005230) Turkey	Approved	Approved
O1022956	KİLİS İSM_IM_2024_1428405	Approved	Approved
O1022851	MARMARA ÜNİVERSİTESİ_RTD_IHC_PAZARLIK_2024_1449806	Completed	Approved
O1022851	MARMARA ÜNİVERSİTESİ_RTD_IHC_PAZARLIK_2024_1449806	Completed	Cancelled
O1022851	MARMARA ÜNİVERSİTESİ_RTD_IHC_PAZARLIK_2024_1449806	Completed	Cancelled
O1027004	Clone of 2026_5 DIACORE APATOLOJI - 2026-06-30 - 120000 EUR - DİACORE DİAGNOSTİK SİSTEMLER A (0061006157) Turkey	Approved	Approved
O1017894	ERZURUM ATATÜRK ÜNV_IHC_2022_930964	Completed	Approved
O1025111	ÇORUM EAH_BG_2025_1408505	Approved	Approved
O1020776	MUŞ İSM_IM_ID_2023_1236369	Completed	Approved
O1019903	Clone of EGE ÜNİVERSİTESİ_ğRTD_IHC_DT14062023	Won	Approved
O1023272	OTA JİNEMED_CC_06012025	Won	Approved
O1022361	Test	In Progress	Started
O1020199	BOZOK ÜNİVERSİTESİ_ID_2023_839327	Completed	Approved
O1026249	MUŞ İSM_CC_2024_1884122-yeni_cihaz	Approved	Approved
O1016850	KZ_OLYMP COAG_2022	Approved	Approved
O1021875	İSTANBUL ÜNİVERSİTESİ ÇAPA_HER2_DT_30052024	Won	Approved
O1021875	İSTANBUL ÜNİVERSİTESİ ÇAPA_HER2_DT_30052024	Won	Reset
O1021875	İSTANBUL ÜNİVERSİTESİ ÇAPA_HER2_DT_30052024	Won	Cancelled
O1027959	ETLİK PPP IHK ANTİKOR_V2	Approved	Approved
O1019982	MEGAPOL HASTANESİ_CC_18072023	Completed	Approved
O1026011	Clone of HACETTEPE NGS 2026 - 2026-02-27 - 8000000 TRY - NUCLEUS GENETİK ÜRÜNLERİ ANONİ (0061005513) Turkey	Won	Approved
O1026011	Clone of HACETTEPE NGS 2026 - 2026-02-27 - 8000000 TRY - NUCLEUS GENETİK ÜRÜNLERİ ANONİ (0061005513) Turkey	Won	Cancelled
O1026703	2026_550412_KAYSERİ İSM_COAG	Approved	Approved
O1023314	GAZİ BAP_P1NP-Betacrossla - 2025-01-31 - 1782000 TRY - GAZİ ÜNİVERSİTESİ REKTÖRLÜĞÜ B (0061000184) Turkey	Approved	Approved
O1026343	2026_137835_AKDENİZ ÜNİVERSİTESİ_EBV PANEL_E801 İÇİN	Approved	Approved
O1019222	Clone of BOZYAKA EAH_CC IM_2023_100210	Approved	Reset
O1025005	MARDİN İSM_BG_2025_1369967	Approved	Approved
O1027766	2026_1562768_TRAKYA ÜNİV_MOL_KISIM 1	Approved	Disapproved
O1027766	2026_1562768_TRAKYA ÜNİV_MOL_KISIM 1	Approved	Approved
O1019601	EGELAB_C501 KİRA_03052023	Won	Approved
O1026543	AZ_LS_CARDIOLOGY_INST_InvCase_Pure_CE_5 yrs	Approved	Approved
O1022833	ÖZEL KENT HASTANESİ SWA - 2024-12-23 - 300000 EUR - İLMED İLAÇ ve MEDİKAL ÖZEL  LA (0061000027) Turkey	Approved	Approved
O1026244	2026_185561 MUĞLA EAH_IHC	Approved	Approved
O1019001	İZMİR İSM_IM_İLÇELER_2023_100210	Approved	Approved
O1020088	PENDİK YAŞAM TIP MERKEZİ_IM_ID_28072023	Approved	Approved
O1020088	PENDİK YAŞAM TIP MERKEZİ_IM_ID_28072023	Approved	Cancelled
O1026676	LETGEN DNA LAB COL TUB - 2026-05-31 - 32000 EUR - LETGEN BİYOTEKNOLOJİ LABORATUV (0061005075) Turkey	Approved	Approved
O1027028	Clone of 2026_846123_SAMSUN HSL_Pazarlık	Won	Approved
O1021201	BURSA NEV GRUBU HASTANELERİ_CC_IM_31012024	Approved	Approved
O1022228	İSLAB 4_CİHAZ KİRASI C501_26072024	Won	Approved
O1018367	MEDİKENT HASTANESİ_CC_IM_29112022	Completed	Approved
O1024734	Clone of Clone of AFİYET HASTANESİ_CC_IM_23062025	Approved	Approved
O1019318	RTU Antikor Alımı - 2023-04-10 - 250000 - TRY - EPİFARMA KİMYASAL VE TIBBİ ÜRÜ (0061004345) - Turkey	Won	Approved
O1017902	ANTALYA EAH_RTD_IHC_PAZARLIK_2022_100721	Won	Approved
O1024286	HARRAN ÜNİVERSİTESİ_ID_2025_614061	Approved	Approved
O1026467	GAZİ ÜNİ_DT_531_17032026	Approved	Approved
O1017247	EGE LAB GÖÇMEN PROJE 2_IM_ID_13062022	Approved	Approved
O1019101	Antikor Anlaşması - 2023-03-20 - 1000000 - TRY - BAŞKENT ÜNİVERSİTESİ ADANA (0061000046) - Turkey	Approved	Approved
O1016914	SÜLEYMAN DEMİREL ÜNİVERSİTESİ_CC_ID_2022_344465	Won	Disapproved
O1016914	SÜLEYMAN DEMİREL ÜNİVERSİTESİ_CC_ID_2022_344465	Won	Approved
O1016914	SÜLEYMAN DEMİREL ÜNİVERSİTESİ_CC_ID_2022_344465	Won	Disapproved
O1019109	Clone of GÖLBAŞI DH_ID_2023_106660	Approved	Approved
O1018393	ENA LAB IM - 2022-12-31 - 3500000 - TRY - DETAY LAB. CİH. SAN. VE TİC. A (0061000026) - Turkey	Won	Approved
O1020865	Clone of KOÇ ÜNİVERSİTESİ_CC_IM_rev_21112023	Completed	Approved
O1022066	EDREMİT DH_CC_PAZARLIK_2024_825387	Won	Approved
O1016917	ADANA SEYHAN DH_IHK_2022_350643	Won	Approved
O1026150	2026/330002_GOP SWA 3.PAZARLIK	Won	Cancelled
O1026150	2026/330002_GOP SWA 3.PAZARLIK	Won	Approved
O1026150	2026/330002_GOP SWA 3.PAZARLIK	Won	Disapproved
O1026150	2026/330002_GOP SWA 3.PAZARLIK	Won	Cancelled
O1023987	Mersn Yenşhr/Erdemli - 2025-05-21 - 250000 EUR - DETAY LAB. CİH. SAN. VE TİC. A (0061000026) Turkey	Approved	Disapproved
O1023987	Mersn Yenşhr/Erdemli - 2025-05-21 - 250000 EUR - DETAY LAB. CİH. SAN. VE TİC. A (0061000026) Turkey	Approved	Approved
O1025811	ESKİŞEHİR İSM_preanalitik_2025_1908097	Approved	Approved
O1020731	AVICENNA HOSPITAL_CC_IM_18112023	Completed	Approved
O1021180	İSLAB 3_CC_IM_ID_RMD_PAZARLIK_2024_13578_DETAY	Won	Approved
O1021180	İSLAB 3_CC_IM_ID_RMD_PAZARLIK_2024_13578_DETAY	Won	Disapproved
O1022185	MEDDEM HASTANESİ_NEMESİS_IM_ID_23072024	Approved	Cancelled
O1022185	MEDDEM HASTANESİ_NEMESİS_IM_ID_23072024	Approved	Approved
O1021566	ESKİŞEHİR İSM_IM_ID_2024_354548	Approved	Disapproved
O1021566	ESKİŞEHİR İSM_IM_ID_2024_354548	Approved	Cancelled
O1021566	ESKİŞEHİR İSM_IM_ID_2024_354548	Approved	Disapproved
O1021566	ESKİŞEHİR İSM_IM_ID_2024_354548	Approved	Approved
O1017481	ANTALYA HALK SAĞLIĞI_CC_IM_ID_2022_692871	Approved	Disapproved
O1017481	ANTALYA HALK SAĞLIĞI_CC_IM_ID_2022_692871	Approved	Approved
O1022049	PAMUKKALE ÜNİVERSİTESİ_RTD_EBER_DT_25062024	Won	Approved
O1020857	KONYA NUMUNE HST_CC_2023_1237608	Approved	Approved
O1024088	TUZLALI LABORATUVARI_RTD_2025 ANLAŞMASI_28042025	Won	Approved
O1024493	YALOVA BİRİM LAB_CC_IM_08072025	In Progress	Started
O1023691	ANKARA ONKOLOJİ EAH_RTD_DT_1AYLIK_250219	Completed	Approved
O1024253	Siirt Özel Hastanesi 2025 - 2025-07-29 - 160000 EUR - DİYAR-MED SAĞLIK ÜRÜNLERİ San. (ACC-0004052772) Turkey	Won	Approved
O1025850	Clone of KARS İSM IM_ID BAYİ_2025_2131625	Won	Approved
O1025850	Clone of KARS İSM IM_ID BAYİ_2025_2131625	Won	Disapproved
O1018410	Clone of UŞAK ÖZEL ÖZTAN HASTANESİ_SWA_04112022	Approved	Approved
O1027252	MERSİN YENİŞEHİR HASTANESİ_COAG_29062026	Cancelled	Approved
O1025422	ÇANAKKALE İSM_ID_ 2025_1827270	Approved	Approved
O1022499	Clone of Clone of ACIBADEM_MULTIPLATE_16072024	Completed	Approved
O1021970	AYDINCIK DH_CC_2024_782293	Won	Approved
O1025937	2026_69050_TUZLUCA DH_CC_IM_PAZARLIK	Won	Approved
O1027430	PAÜ p16 DT 2026-9778 - 2026-08-03 - 10560000 TRY - PAMUKKALE ÜNİVERSİTESİ (0061000235) Turkey	In Progress	Cancelled
O1027430	PAÜ p16 DT 2026-9778 - 2026-08-03 - 10560000 TRY - PAMUKKALE ÜNİVERSİTESİ (0061000235) Turkey	In Progress	Cancelled
O1027376	Afyon DH AMH DT - 2026-07-30 - 420000 TRY - NUKLEUS SAĞLIK HİZMETLERİ A.Ş. (0061000175) Turkey	Won	Approved
O1027376	Afyon DH AMH DT - 2026-07-30 - 420000 TRY - NUKLEUS SAĞLIK HİZMETLERİ A.Ş. (0061000175) Turkey	Won	Disapproved
O1027376	Afyon DH AMH DT - 2026-07-30 - 420000 TRY - NUKLEUS SAĞLIK HİZMETLERİ A.Ş. (0061000175) Turkey	Won	Cancelled
O1018505	İSTANBUL ÜNİVERSİTESİ ÇAPA_RTD_ANTİKOR_2022_1190038	Approved	Approved
O1025633	KARS İSM_COAG_2025_2131625	Approved	Approved
O1021109	Clone of DR. ABDURRAHMAN YURTASLAN ONKOLOJİ HASTANESİ_RTD_24.KALEM_KAPPA_2023_1356922	Won	Approved
O1021246	TUZLALI HASTANESİ_RTD_IHK_07022024	Approved	Approved
O1017823	ALANYA DH_ID_PAZARLIK_2022_956493	Won	Approved
O1017823	ALANYA DH_ID_PAZARLIK_2022_956493	Won	Cancelled
O1018917	INTERMED_SWA_03022023	Approved	Approved
O1025658	ÇANKIRI DH_Pazarlık_ID_2025_2299041	Won	Disapproved
O1025658	ÇANKIRI DH_Pazarlık_ID_2025_2299041	Won	Approved
O1027907	2026_ANKARA EAH_CC_IM_COAG_DC_Revize	Approved	Approved
O1024798	HARRAN ÜNV_İHK_2025_1055151	Approved	Cancelled
O1024798	HARRAN ÜNV_İHK_2025_1055151	Approved	Approved
O1027973	ÇAPA_DT_ÖSTROJEN_28092026	Approved	Approved
O1021676	GE_NSC_5800_HPV	Approved	Approved
O1021594	GİRESUN EAH_PAZARLIK_RTD_2024_452321	Completed	Approved
O1022547	Clone of HACETTEPE ÜNİVERSİTESİ_IHK_2024_1008321	Approved	Approved
O1022547	Clone of HACETTEPE ÜNİVERSİTESİ_IHK_2024_1008321	Approved	Cancelled
O1020070	Clone of Cumhurbaşkanlığı SWA - 2023-08-31 - 3500000 - TRY - T.C. CUMHURBAŞKANLIĞI MİLLİ İS (0061000344) - Turkey	Cancelled	Approved
O1018664	Clone of TRAKYA ÜNİVERSİTESİ_VIT D_DT_29122022	Won	Approved
O1019056	E-LAB BODRUM_CİHAZ KİRASI_21022023	Won	Disapproved
O1019056	E-LAB BODRUM_CİHAZ KİRASI_21022023	Won	Approved
O1020122	BURGEN CELL-FREE - 2023-09-04 - 300 - EUR - EPİFARMA KİMYASAL VE TIBBİ ÜRÜ (0061004345) - Turkey	Won	Approved
O1023908	Clone of İMPERİAL SWA_cobas pro	Approved	Approved
O1022451	DR ALİ KEMAL BELVİRANLI_COAG_2024_1075641	Approved	Approved
O1020878	Kanuni EAH 24 IHC_2023_1402849	Completed	Approved
O1020791	19 Mayıs HPV&Onk.D.T - 2023-12-22 - 6000000 - TRY - ONDOKUZ MAYIS ÜNV. SAĞ.UYG.ARŞ (0061000540) - Turkey	Approved	Approved
O1023527	ADIYAMAN_İSM_ID_ODS - 2025-03-01 - 10000 EUR - GÜNEY TIP TIBBİ CİH.KİM.MADD.L (0061000029) Turkey	In Progress	Cancelled
O1023527	ADIYAMAN_İSM_ID_ODS - 2025-03-01 - 10000 EUR - GÜNEY TIP TIBBİ CİH.KİM.MADD.L (0061000029) Turkey	In Progress	Disapproved
O1026518	REFERANS LABORATUVARI_SWA_27.03.2026	Won	Approved
O1016965	GAZİ ÜNİVERSİTESİ_RTD_HER2 SISH_2022_322967	Won	Approved
O1024180	GİRESUN İSM E801 EKLE - 2025-05-30 - 1000000 EUR - İLMED İLAÇ ve MEDİKAL ÖZEL  LA (0061000027) Turkey	Won	Disapproved
O1024180	GİRESUN İSM E801 EKLE - 2025-05-30 - 1000000 EUR - İLMED İLAÇ ve MEDİKAL ÖZEL  LA (0061000027) Turkey	Won	Approved
O1027539	2026-1356102_IM_BURDUR İSM_DC	Approved	Approved
O1024401	BURSA PPP - Yeni Dönem Anlaşması--ssbtk- SB -	In Progress	Disapproved
O1021227	BİLECİK İSM_CC_IM_2024_28627	Approved	Approved
O1022202	EGEPOL_CC_IM_26072024	Approved	Approved
O1023967	ÖZEL LİV HOSPİTAL - 2025-04-15 - 250000 EUR - İLMED İLAÇ ve MEDİKAL ÖZEL  LA (0061000027) Turkey	Won	Approved
O1023967	ÖZEL LİV HOSPİTAL - 2025-04-15 - 250000 EUR - İLMED İLAÇ ve MEDİKAL ÖZEL  LA (0061000027) Turkey	Won	Disapproved
O1023967	ÖZEL LİV HOSPİTAL - 2025-04-15 - 250000 EUR - İLMED İLAÇ ve MEDİKAL ÖZEL  LA (0061000027) Turkey	Won	Disapproved
O1023967	ÖZEL LİV HOSPİTAL - 2025-04-15 - 250000 EUR - İLMED İLAÇ ve MEDİKAL ÖZEL  LA (0061000027) Turkey	Won	Disapproved
O1023967	ÖZEL LİV HOSPİTAL - 2025-04-15 - 250000 EUR - İLMED İLAÇ ve MEDİKAL ÖZEL  LA (0061000027) Turkey	Won	Disapproved
O1023967	ÖZEL LİV HOSPİTAL - 2025-04-15 - 250000 EUR - İLMED İLAÇ ve MEDİKAL ÖZEL  LA (0061000027) Turkey	Won	Disapproved
O1025698	ALANYA EAH_IHC_DT_22122025	Won	Approved
O1020371	ACIBADEM_İSTANBUL_BURSA_ESKİŞEHİR_CC_IM_ID_26092023	Approved	Approved
O1022329	HİSAR HOSPİTAL_CC_IM_04092024	Approved	Approved
O1023854	NECİP FAZIL ŞEHİR HST_ID_DT_250311	Completed	Approved
O1020969	Karatekin SWA - 2024-02-29 - 200000 - EUR - AR SAĞLIK İŞLET. VE TIBBİ CİH. (0061000388) - Turkey	Completed	Reset
O1020969	Karatekin SWA - 2024-02-29 - 200000 - EUR - AR SAĞLIK İŞLET. VE TIBBİ CİH. (0061000388) - Turkey	Completed	Approved
O1021382	GAZİ ÜNİVERSİTESİ_BAP_RTD_28022024	Won	Approved
O1021387	ÖZEL MEDİBAFRA HST - 2024-02-29 - 230000 - EUR - İLMED İLAÇ ve MEDİKAL ÖZEL  LA (0061000027) - Turkey	Completed	Approved
O1024562	Antalya Zirai K. 6500 - 2025-09-25 - 10000 TRY - LETGEN BİYOTEKNOLOJİ LABORATUV (0061005075) Turkey	Approved	Approved
O1025311	SELÇUK ÜNV_CC_IM_2025_1680317	Approved	Cancelled
O1025311	SELÇUK ÜNV_CC_IM_2025_1680317	Approved	Approved
O1023269	EMSEY HOSPITAL_ SWA_06012025	Completed	Approved
O1025733	AYDIN DH_PAZARLIK_IHC_2025_2344392	Won	Approved
O1020133	İZMİR ATATÜRK EAH_RTD_IHC_PAZARLIK_2023_790415	Won	Approved
O1024622	İZMİR İSM_SWA_PRE POST ANALİTİK_2025_896673	Approved	Approved
O1024008	TRT_CC_2025 - 2025-05-01 - 1200000 TRY - TRT GENEL MÜDÜRLÜĞÜ (0061000553) Turkey	Won	Approved
O1024008	TRT_CC_2025 - 2025-05-01 - 1200000 TRY - TRT GENEL MÜDÜRLÜĞÜ (0061000553) Turkey	Won	Disapproved
O1024535	AMASYA İSM_UR_2025_868484	Approved	Disapproved
O1024535	AMASYA İSM_UR_2025_868484	Approved	Cancelled
O1024535	AMASYA İSM_UR_2025_868484	Approved	Disapproved
O1024535	AMASYA İSM_UR_2025_868484	Approved	Disapproved
O1024535	AMASYA İSM_UR_2025_868484	Approved	Approved
O1018962	KONYA MERAM HASTANESİ_GENETİK_LC480 KİRA_2023_34307	Approved	Approved
O1025687	YEDİTEPE ÜNİVERSİTESİ_GLUCOMETRE_UYDU LAB	Approved	Approved
O1024107	SAMSUN HSL-CİHAZ KİRASI - 2025-05-15 - 50000 EUR - İLMED İLAÇ ve MEDİKAL ÖZEL  LA (0061000027) Turkey	Won	Approved
O1021093	Clone of ADANA SEYHAN DEVLET HASTANESİ Pazarlık  2025-02-22 - 2250000 - EUR -  (0061003516) - Turkey	Won	Reset
O1021093	Clone of ADANA SEYHAN DEVLET HASTANESİ Pazarlık  2025-02-22 - 2250000 - EUR -  (0061003516) - Turkey	Won	Approved
O1026826	Clone of 2026_550412_KAYSERİ İSM_SWA_DC	Approved	Approved
O1026826	Clone of 2026_550412_KAYSERİ İSM_SWA_DC	Approved	Disapproved
O1023087	Clone of İSTANBUL ÜNİVERSİTESİ ÇAPA_RTD_IHK_2024_1433103	Approved	Approved
O1020325	RTE UNV_IHC_PAZARLIK_2023_981688	Won	Approved
O1022327	GAZİ ÜNİVERSİTESİ_DT 74359_14082024	Won	Approved
O1018429	KAHRAMANMARAŞ SÜTÇÜ İMAM ÜNİV_HK_2022_147882	Won	Approved
O1021794	Updt of BİOGEN-BİLKENTPPP EURO - 2024-06-30 - 780000 EUR - BİOGEN DİAGNOSTİK SİSTEMLER A. (0061004859) Turkey	Cancelled	Approved
O1019710	İSLAB 2_CC_IM_ID_2023_457059_NUKLEUS INVITROLAB_12062023	Approved	Disapproved
O1019710	İSLAB 2_CC_IM_ID_2023_457059_NUKLEUS INVITROLAB_12062023	Approved	Approved
O1025740	ZONGULDAK ATATÜRK DH_GLUKOMETRE_PAZARLIK_2025_2367702	Approved	Cancelled
O1025740	ZONGULDAK ATATÜRK DH_GLUKOMETRE_PAZARLIK_2025_2367702	Approved	Approved
O1022295	İSTANBUL ÜNİVERSİTESİT_ÇAPA SPESİFİK_2024_1043523	Approved	Reset
O1022295	İSTANBUL ÜNİVERSİTESİT_ÇAPA SPESİFİK_2024_1043523	Approved	Approved
O1022295	İSTANBUL ÜNİVERSİTESİT_ÇAPA SPESİFİK_2024_1043523	Approved	Cancelled
O1022128	GAZİ ÜNİVERSİTESİ_RTD_DT_22 KALEM_05072024	Won	Approved
O1023973	ÖZEL MEDİKAR HST - 2025-04-15 - 140000 EUR - İLMED İLAÇ ve MEDİKAL ÖZEL  LA (0061000027) Turkey	Won	Disapproved
O1023973	ÖZEL MEDİKAR HST - 2025-04-15 - 140000 EUR - İLMED İLAÇ ve MEDİKAL ÖZEL  LA (0061000027) Turkey	Won	Disapproved
O1023973	ÖZEL MEDİKAR HST - 2025-04-15 - 140000 EUR - İLMED İLAÇ ve MEDİKAL ÖZEL  LA (0061000027) Turkey	Won	Approved
O1027485	BANDIRMA EAH ID_DT - 2026-08-30 - 150000 EUR - DEVA KİMYA SANAYİ VE TİCARET L (0061000074) Turkey	Won	Approved
O1027613	2026_1447059_ONDOKUZ MAYIS ÜNİ_ID	Approved	Approved
O1026654	Clone of 2026_561964_IĞDIR DH_ID_Cihaz Satış	Approved	Disapproved
O1026654	Clone of 2026_561964_IĞDIR DH_ID_Cihaz Satış	Approved	Approved
O1024989	AKDENİZ ÜNİVERSİTESİ_CC_IM_PRE_POST ANALİTİK_ALTERNATİF 2_DC_2025_1223724	Approved	Cancelled
O1024989	AKDENİZ ÜNİVERSİTESİ_CC_IM_PRE_POST ANALİTİK_ALTERNATİF 2_DC_2025_1223724	Approved	Disapproved
O1024989	AKDENİZ ÜNİVERSİTESİ_CC_IM_PRE_POST ANALİTİK_ALTERNATİF 2_DC_2025_1223724	Approved	Approved
O1025816	Mersin IMC Hastanesi - 2026-02-19 - 70000 EUR - DETAY LAB. CİH. SAN. VE TİC. A (0061000026) Turkey	Won	Approved
O1018043	BİNGÖL_İSM_IM_2022_988084	Completed	Approved
O1023766	KOCAELİ DH_RTD_DT 500 IHC_27022025	Completed	Approved
O1020188	PAMUKKALE ÜNİVERSİTESİ_RTD_HPV_DT_17082023	Won	Approved
O1024753	SAMSUN İSM_SPESİFİK IM_2025_1051365	Approved	Approved
O1024753	SAMSUN İSM_SPESİFİK IM_2025_1051365	Approved	Disapproved
O1023534	BİNGÖL İSM_IHC_2025_44615	Approved	Disapproved
O1023534	BİNGÖL İSM_IHC_2025_44615	Approved	Approved
O1019240	GENTAN İZOLASYON-EXOM_RTD SEQ_09032023	Won	Approved
O1021858	İSTANBUL ÜNİVERSİTESİ ÇAPA_225 KALEM ANTİKOR ALIMI_2024_608761	Approved	Approved
O1019999	ANTALYA İSM ŞEHİR HASTANESİ_RTD_IHC_2023_645934	Approved	Approved
O1026459	ERK DIA MEDİKAL DEĞER - 2026-04-09 - 150000 TRY - ERK DIAGNOSTIK OZEL SAGLIK HIZ (0061006093) Turkey	Won	Approved
O1021726	DT ISH Alımı - 2024-06-17 - 2400000 TRY - FIRAT ÜNİVERSİTESİ HASTANESİ F (0061003864) Turkey	Won	Approved
O1021726	DT ISH Alımı - 2024-06-17 - 2400000 TRY - FIRAT ÜNİVERSİTESİ HASTANESİ F (0061003864) Turkey	Won	Reset
O1026310	ÖZEL KARABÜK MEDİKAR_09032026	Won	Approved
O1017815	ÇORUM İSM_ID_2022_907544	Approved	Approved
O1026121	MEMORIAL GRUP_SWA_GLUCOMETRE_26022026	Approved	Approved
O1022886	Clone of FIRAT ÜNV_HİSTOKİMYA_2024_1292730	Approved	Approved
O1021248	GÜVEN HASTANESİ_RTD_DT_05022024	Completed	Approved
O1026098	AMERİKAN HASTANESİ_CC_IM_PRO_PURE_11022026	Won	Approved
O1017618	BALIKESİR İSM İLÇELER_IM_PAZARLIK_2022_829913	Won	Approved
O1017287	ÇORLU VATAN HASTANESİ_CİHAZ KİRASI_C501_17062022	Approved	Approved
O1026966	MEDİCANA HASTANELER GRUBU_SWA_25052026	Approved	Cancelled
O1026966	MEDİCANA HASTANELER GRUBU_SWA_25052026	Approved	Approved
O1024536	İSLAB 1 MOLEKÜLER_SARTRON BİYOTEKNOLOJİ_2025_739894	Approved	Cancelled
O1024536	İSLAB 1 MOLEKÜLER_SARTRON BİYOTEKNOLOJİ_2025_739894	Approved	Approved
O1026496	MEDIHOUSE TM_CC_IM_Medih	Approved	Approved
O1027012	İzmir Amerikan_Cihaz Kira_22052026	Approved	Approved
O1021540	Ultra_MR_Gözde_SWA - 2024-04-01 - 2500000 - TRY - DİYAR-MED SAĞLIK ÜRÜNLERİ SAN. (0061000054) - Turkey	Completed	Approved
O1023267	GAZİ ÜNV_HPV-HIV_2024_1611903	Completed	Disapproved
O1023267	GAZİ ÜNV_HPV-HIV_2024_1611903	Completed	Approved
O1024662	YILDIZ TEKNİK ÜNİVERSİTESİ_CC_IM_24072025	Approved	Approved
O1025591	EGE ÜNİVERSİTESİ_IHC_2025_1945906	Approved	Approved
O1025591	EGE ÜNİVERSİTESİ_IHC_2025_1945906	Approved	Disapproved
O1021515	GAZİ ÜNİVERSİTESİ_RTD_DT ANTİKOR_18032024	Completed	Disapproved
O1021515	GAZİ ÜNİVERSİTESİ_RTD_DT ANTİKOR_18032024	Completed	Approved
O1021703	BİOGEN-BİLKENTPPP EURO - 2024-06-30 - 780000 EUR - BİOGEN DİAGNOSTİK SİSTEMLER A. (0061004859) Turkey	Cancelled	Approved
O1022592	KORU HAST.İDRAR - 2025-01-01 - 10000 EUR - KORU HAST MER LAB (0061003476) Turkey	Completed	Approved
O1016889	Niğde SHGB DT - 2022-04-30 - 42000 - TRY - DETAY LAB. CİH. SAN. VE TİC. A (0061000026) - Turkey	Completed	Approved
O1027621	Mersin Uni Probnp - 2026-09-29 - 12000 EUR - DETAY LAB. CİH. SAN. VE TİC. A (0061000026) Turkey	Approved	Approved
O1025715	EDİRNE İSM_ID_2025_2216286	Approved	Approved
O1019962	ETİMESGUT DH_IM_2023_571280	Approved	Approved
O1026757	2026_595740_Şanlıurfa_Şehir_Hastanesi_CC_IM_Rent	Approved	Approved
O1017266	İSTANBUL ÜNİVERSİTESİ ÇAPA_RTD_IHC_2022_489827	Approved	Approved
O1026702	AZ_Azerimed_C4800 - 186K EUR- AZERIMED CJSC (0061004052) - Azerbaijan	Won	Disapproved
O1026702	AZ_Azerimed_C4800 - 186K EUR- AZERIMED CJSC (0061004052) - Azerbaijan	Won	Approved
O1024677	MERSİN ÜNİ 81684 DT 750 - 2025-08-28 - 5000000 TRY - MERSİN ÜNİVERSİTESİ REKTÖRLÜĞÜ (0061004230) Turkey	Approved	Approved
O1020898	RTD BAP PROJELERİ - EPİFARMA_08122023	Completed	Approved
O1027270	2026_1176629_LETGEN_ANTALYA ZİRAİ KARANTİNA_Cihaz Satış	Won	Approved
O1019908	Clone of KATİP ÇELEBİ ÜNİVERSİTESİ HASTANESİ_RMD_VIROLOJI_2023_623743	Completed	Approved
O1017087	ELITE HOSTIPAL LEKOSA KKTC_IM_ID_26052022	Won	Approved
O1026586	MEMORIAL GRUP_SWA_GLUCOMETRE_V2_26022026	Approved	Approved
O1024925	Clone of SAMSUN İSM_IHK_HK_HPV_PCR	Won	Approved
O1017301	YAŞAM HASTANELER GRUBU_CC_IM_ID_23062022	Approved	Approved
O1026275	Clone of GAZİ ÜNİV_DT_Antikor_24022026	Won	Approved
O1019460	QPCR TEKLİFİMİZ - 2023-04-18 - 500000 - TRY - KURUL LABORATUVAR ÜRÜNLERİ ELE (0061004171) - Turkey	Cancelled	Approved
O1020205	ILGAZ DH_TROP_DT_17.08.2023	Won	Approved
O1016792	ANTALYA İSM_CARDIAC_2022_224856	Approved	Cancelled
O1016792	ANTALYA İSM_CARDIAC_2022_224856	Approved	Approved
O1022754	ERZURUM EAH_IHK_2024_1293163	Approved	Approved
O1022754	ERZURUM EAH_IHK_2024_1293163	Approved	Cancelled
O1022754	ERZURUM EAH_IHK_2024_1293163	Approved	Cancelled
O1023176	İSTANBUL İSM_1.KISIM_GUNEY_RTD_IHC_2024_1552802	Approved	Approved
O1018800	E LAB_CC_IM_16012023	Completed	Approved
O1018800	E LAB_CC_IM_16012023	Completed	Disapproved
O1017837	ACIBADEM HASTANESİ_RTD_CHAZ KİRASI_22092022	Completed	Approved
O1022409	ORION CENTER LAB_CC_03092024	Approved	Approved
O1026697	2026_560107_IHC_ŞANLIURFA İSM	Won	Approved
O1027889	Selçuk Üni DT 105269 - 2026-10-21 - 10000 EUR - DETAY LAB. CİH. SAN. VE TİC. A (0061000026) Turkey	Won	Approved
O1019314	AFYONKARAHİSAR DH_SPEC IM_DT_23032023	Won	Cancelled
O1019314	AFYONKARAHİSAR DH_SPEC IM_DT_23032023	Won	Approved
O1020414	OLİMPOS HASTANESİ_CC_IM_04102023	Won	Approved
O1020182	ŞANLIURFA_İSM_CC_IM_2023_972290	Completed	Approved
O1020182	ŞANLIURFA_İSM_CC_IM_2023_972290	Completed	Cancelled
O1020182	ŞANLIURFA_İSM_CC_IM_2023_972290	Completed	Cancelled
O1020182	ŞANLIURFA_İSM_CC_IM_2023_972290	Completed	Reset
O1021397	TUZLALI HASTANESİ_RTD_IHK_07022024	Completed	Approved
O1021536	TEPECİK  EAH_RTD CISH_2024_307166	Won	Approved
O1027344	Özel Güven_Cobas Pulse_08072026	Approved	Approved
O1027344	Özel Güven_Cobas Pulse_08072026	Approved	Disapproved
O1024588	GAZİANTEP İSM_CC_IM_2025_955146	Approved	Approved
O1024588	GAZİANTEP İSM_CC_IM_2025_955146	Approved	Disapproved
O1025913	CBUDT DAB Alımı - 2026-02-02 - 9600000 TRY - MANİSA CELAL BAYAR ÜNİVERSİTES (0061003759) Turkey	Won	Approved
O1024979	LİFE BİOTEK ELAZIĞ ÜNİ - 2025-10-16 - 2000000 TRY - LİFE BİOTEK MEDİKAL BİL TEK MO (0061005712) Turkey	Cancelled	Approved
O1027157	LABMED_ÖZEL KURUMLAR_5 YILLIK_SWA_COAG_10062026	Won	Approved
O1027048	Özel Karatekin Hastanesi_SWA_27042026_İLMED	Approved	Approved
O1023815	GÜVEN HASTANESİ_RTD_DT_08032025	Won	Approved
O1026276	ÖZEL SAMSUN LİVHOSPİTAL_16032026	Won	Approved
O1024708	Clone of BURSA YÜKSEK İHTİSAS HASTANESİ_COBAS 8100 BAĞLANTI PARÇALARI_02072025	Won	Approved
O1027133	ÇAĞDAŞ LABORATUVARI_HIS MEDİKAL_SWA_1906206	Approved	Approved
O1024848	Clone of ÇAPA_RMD_CMV DT_19082025	Approved	Cancelled
O1024848	Clone of ÇAPA_RMD_CMV DT_19082025	Approved	Approved
O1025438	Akdeniz Üniv_Coag_2025_1791026	Approved	Approved
O1025099	MERSİN ÜNİ 82810 DT ALIMI - 2025-10-16 - 4500000 TRY - MERSİN ÜNİVERSİTESİ REKTÖRLÜĞÜ (0061004230) Turkey	Approved	Approved
O1019230	KONYA İSM_IM_ID_2023_115526	Approved	Disapproved
O1019230	KONYA İSM_IM_ID_2023_115526	Approved	Approved
O1017892	ANTALYA EAH_CARDIAC_PAZARLIK_2022_999302	Won	Approved
O1020052	EGE ÜNVERSİTESİ_RTD_IHC_PAZARLIK_2023_745363	Won	Approved
O1019223	KONYA İSM_CC_2023_115526	Approved	Approved
O1026935	DİCLE ÜNV Hematoloji PCR - 2025-03-28 - 400000 TRY - DİYAR-MED SAĞLIK ÜRÜNLERİ SAN. (0061000054) Turkey	Approved	Approved
O1022025	TOROS DH_CC_IM_ID_UR_COAG_ 2024_805682	Won	Approved
O1019512	BİRUNİ ÜNİVERSİTESİ_CC_IM_15052023	Approved	Approved
O1019512	BİRUNİ ÜNİVERSİTESİ_CC_IM_15052023	Approved	Cancelled
O1021098	PAMUKKALE ÜNİVERSİTESİ_RMD_3 AYLIK PAZARLIK_2024_45261	Completed	Approved
O1020160	BALA İLÇE DH_COAG_2023_801275	Approved	Approved
O1022750	ANTALYA ATATÜRK DH_IM_2024_1221419	Approved	Approved
O1018642	Clone of NAMIK KEMAL ÜNİVERSİTESİ_RMD_VIROLOJİ_2022_1264093	Approved	Approved
O1018097	ADNAN MENDERES ÜNİVERSİTESİ_DT_HBV_21102022	Approved	Approved
O1018979	Clone of İSTANBUL ÜNİVERSİTESİ CERRAHPAŞA TF_RTD_IHC_PAZARLIK_2023_126077	Approved	Approved
O1026723	KADIKÖY INVITRO LAB_CC_IM_24042026	In Progress	Disapproved
O1025537	ÖZEL YAŞAR HASTANESİ_CC_IM_ID_24112025	In Progress	Disapproved
O1027856	ÖZEL ANTAKYA SAĞLIK MOZAİK_COAG_31082026	Approved	Approved
O1017642	EGE ÜNİVERSİTESİ_RTD_HC_2022_789257	Won	Approved
O1026029	Selçuk DT CC - 2026-02-27 - 100000 EUR - DETAY LAB. CİH. SAN. VE TİC. A (0061000026) Turkey	Won	Approved
O1022685	Niğde ISM Ek Kira - 2024-10-30 - 20000 EUR - DETAY LAB. CİH. SAN. VE TİC. A (0061000026) Turkey	Won	Approved
O1026707	Clone of LETGEN DNA LAB COL TUB - 2026-05-31 - 32000 EUR - LETGEN BİYOTEKNOLOJİ LABORATUV (0061005075) Turkey	Won	Approved
O1025165	TUNCELİ İSM_CC_2025_1445680	Approved	Approved
O1024139	MERSİN ÜNİ DT 450 TEST - 2025-05-22 - 4000000 TRY - MERSİN ÜNİVERSİTESİ REKTÖRLÜĞÜ (0061004230) Turkey	Approved	Approved
O1017877	Clone of KARAMAN İSM_IM_2022_676493	Approved	Disapproved
O1017877	Clone of KARAMAN İSM_IM_2022_676493	Approved	Approved
O1017877	Clone of KARAMAN İSM_IM_2022_676493	Approved	Cancelled
O1019664	Karabük EAH IHC - 2023-06-30 - 1250000 - TRY - KARABÜK EAH (0061001478) - Turkey	Won	Approved
O1023119	MUĞLA İSM_SWA_2024_1548365	Won	Approved
O1023119	MUĞLA İSM_SWA_2024_1548365	Won	Cancelled
O1018928	BİYOTIP ÖZEL CEYLAN HASTANESİ_CC_IM_06022023	Approved	Approved
O1020988	SUAT SEREN GÖĞÜS HASTANESİ_RTD_IHC_2023_1475659	Approved	Approved
O1017134	HACETTEPE ÜNİVERSİTESİ_RTD_IHK_2022_437235	Won	Disapproved
O1017134	HACETTEPE ÜNİVERSİTESİ_RTD_IHK_2022_437235	Won	Approved
O1018252	ISLAB1-cPIM - 2022-12-06 - 100000 - TRY - INVITROLAB- NUKLEUS ALGEN ADİ  (0061005324) - Turkey	Approved	Approved
O1017274	İSTANBUL ÜNİVERSİTESİ ÇAPA_RTD_ANTİKOR_ALK_2022_489827	Won	Approved
O1018948	ANKARA ÜNİVERSİTESİ_SWA_2023_121254	Won	Approved
O1024563	Rize EAH IHC DT - 2025-07-31 - 3000000 TRY - T.C.S.B RECEP TAYYİP ERDOĞAN Ü (0061000348) Turkey	Won	Approved
O1019198	NESİLLER GENETİK_RTD_PAN CANCER&CES_08032023	Approved	Approved
O1020651	DT HPV Alımı - 2023-12-11 - 3840000 - TRY - FIRAT ÜNİVERSİTESİ HASTANESİ F (0061003864) - Turkey	Won	Approved
O1019904	MARDİN İSM_ID_2023_636984	Won	Approved
O1019655	AÜ Everolimus DT - 2023-06-30 - 100000 - TRY - ANKARA ÜNİVERSİTESİ İBNİ SİNA  (0061000126) - Turkey	Won	Approved
O1019652	Clone of Clone of BAYINDIR_RTD_2023 ANLAŞMASI_24042023	Approved	Approved
O1027421	2025_2010085_SAMSUN ŞEHİR_EK CİHAZ KİRA	Won	Approved
O1026949	Gülhane EAH_DR Şafak Akın_DT_DAB	Approved	Approved
O1019768	Clone of BALIKLI RUM HASTANESİ_CC_IM_30052023	Completed	Approved
O1019390	ERCİYES ÜNİVERSİTESİ_İZOLASYON PROJESİ_V1_09042023	Approved	Approved
O1019390	ERCİYES ÜNİVERSİTESİ_İZOLASYON PROJESİ_V1_09042023	Approved	Cancelled
O1026285	Clone of  GOP SWA DT_3 2026_03_02	Won	Approved
O1026875	2026_662121_YEDEK PARÇA_İSLAB_5	In Progress	Started
O1023664	DR.ABDURRAHMAN YURTASLAN ONKOLOJİ HASTANESİ_RTD_16.KISIM_IHC_2025_89768	Won	Approved
O1023664	DR.ABDURRAHMAN YURTASLAN ONKOLOJİ HASTANESİ_RTD_16.KISIM_IHC_2025_89768	Won	Disapproved
O1025513	KORU HAST.İDRAR - 2027-12-31 - 30000 EUR - ERER EĞİTİM VE SAĞLIK KURUMLAR (0061000508) Turkey	Approved	Cancelled
O1025513	KORU HAST.İDRAR - 2027-12-31 - 30000 EUR - ERER EĞİTİM VE SAĞLIK KURUMLAR (0061000508) Turkey	Approved	Approved
O1022883	Hatay Ek  Kira Anlaşması - 2024-11-20 - 12000 EUR - DETAY LAB. CİH. SAN. VE TİC. A (0061000026) Turkey	Won	Approved
O1027138	Clone of 2026_853981_GAZİ ÜNİV_RTD_HC_IHC	Won	Approved
O1027957	ÇOMÜ_MSB KİRA - 2026-10-15 - 0 EUR - DEVA KİMYA SANAYİ VE TİCARET L (0061000074) Turkey	Won	Approved
O1026061	2026_80596 İZMİR İSM_SWA	Won	Approved
O1020554	ÇANKIRI İSM_2.KISIM_IM_2023_1023338	Approved	Disapproved
O1020554	ÇANKIRI İSM_2.KISIM_IM_2023_1023338	Approved	Approved
O1020554	ÇANKIRI İSM_2.KISIM_IM_2023_1023338	Approved	Cancelled
O1020554	ÇANKIRI İSM_2.KISIM_IM_2023_1023338	Approved	Cancelled
O1020554	ÇANKIRI İSM_2.KISIM_IM_2023_1023338	Approved	Reset
O1020554	ÇANKIRI İSM_2.KISIM_IM_2023_1023338	Approved	Cancelled
O1020037	GAZİ ÜNİVERSİTESİ_RTD_DT_19072023	Won	Approved
O1022056	Mersin Üni Anti HAv DT - 2024-07-24 - 90000 EUR - DETAY LAB. CİH. SAN. VE TİC. A (0061000026) Turkey	Won	Approved
O1023990	Clone of Özel Karatekin.SWA - 2025-03-31 - 150000 EUR - AR SAĞLIK İŞLET. VE TIBBİ CİH. (0061000388) Turkey	Won	Disapproved
O1023990	Clone of Özel Karatekin.SWA - 2025-03-31 - 150000 EUR - AR SAĞLIK İŞLET. VE TIBBİ CİH. (0061000388) Turkey	Won	Approved
O1023990	Clone of Özel Karatekin.SWA - 2025-03-31 - 150000 EUR - AR SAĞLIK İŞLET. VE TIBBİ CİH. (0061000388) Turkey	Won	Disapproved
O1023990	Clone of Özel Karatekin.SWA - 2025-03-31 - 150000 EUR - AR SAĞLIK İŞLET. VE TIBBİ CİH. (0061000388) Turkey	Won	Cancelled
O1027655	SARTRONBİO_SYBR_20082026	Won	Approved
O1027104	EPİFARMA CLDN FGFR2 - 2026-07-15 - 780 EUR - EPİFARMA LABORATUVAR ÜRÜNLERİ  (0061004345) Turkey	Won	Approved
O1022235	Mersin HSL EK Kira - 2024-07-31 - 5000 EUR - DETAY LAB. CİH. SAN. VE TİC. A (0061000026) Turkey	Won	Approved
O1026283	2026_334017_ARDAHAN İSM_COAG-bayi	Approved	Approved
O1024114	ANKARA VETERİNER ENSTİTÜSÜ_SEQ_29042025	Won	Approved
O1017810	GÜLHANE_RTD_BAP ALIMI_19092022	Won	Cancelled
O1017810	GÜLHANE_RTD_BAP ALIMI_19092022	Won	Approved
O1027908	2026_ANKARA EAH_CC_IM_COAG_Cihaz_Revize	Approved	Approved
O1023747	Reportable_KIRIKKALE ÜNV_CC_2025_190255	Won	Approved
O1027526	Clone of 2025_1812563_ERZİNCAN İSM_IM_ID	Approved	Approved
O1027526	Clone of 2025_1812563_ERZİNCAN İSM_IM_ID	Approved	Reset
O1018202	İSLAB 2 GÖZTEPE EAH_İLAVE CİHAZ_31102022	Won	Approved
O1027124	ATLAS MEDİCİNE HASTANESİ_SWA_18062026	Approved	Approved
O1027124	ATLAS MEDİCİNE HASTANESİ_SWA_18062026	Approved	Cancelled
O1027124	ATLAS MEDİCİNE HASTANESİ_SWA_18062026	Approved	Disapproved
O1027124	ATLAS MEDİCİNE HASTANESİ_SWA_18062026	Approved	Cancelled
O1019634	EGE ÜNİVERSİTESİ_RTD IHC_DT_10052023	Won	Approved
O1023925	MERSİN ÜNİ DAB ALIMI 2650 - 2025-04-15 - 10000000 TRY - MERSİN ÜNİVERSİTESİ REKTÖRLÜĞÜ (0061004230) Turkey	Won	Approved
O1023717	MARDİN DH DT 1000 ANTİKOR - 2025-03-12 - 7200000 TRY - MARDİN DEVLET HASTANESİ (0061005325) Turkey	Won	Approved
O1024727	KARABÜK İSM_ID_2025_1053733	Approved	Approved
O1019107	EGE ÜNİVERSİTESİ_RMD VIROLOGY_DT_26022023	Won	Approved
O1020638	Van YYÜ_ID_2023_1059885	Completed	Approved
O1023907	Manisa PPP Ek Cihaz - 2025-04-30 - 280000 EUR - NUKLEUS SAĞLIK HİZMETLERİ A.Ş. (0061000175) Turkey	Approved	Approved
O1023907	Manisa PPP Ek Cihaz - 2025-04-30 - 280000 EUR - NUKLEUS SAĞLIK HİZMETLERİ A.Ş. (0061000175) Turkey	Approved	Cancelled
O1027416	Clone of Gazi Üniv_PTAU217_DT_11052026	Won	Approved
O1025652	BİRİM LAB.ÖZGÜN - 2025-12-31 - 1151975 EUR - ÖZGÜN KİMYEVİ MADDE TIBBİ MALZ (0061000040) Turkey	Won	Approved
O1025652	BİRİM LAB.ÖZGÜN - 2025-12-31 - 1151975 EUR - ÖZGÜN KİMYEVİ MADDE TIBBİ MALZ (0061000040) Turkey	Won	Disapproved
O1023042	GİRESUN HSL_PAZARLIK_CC_IM_COA_2024_1621789	Completed	Approved
O1027383	2026_1076507_ISPARTA İSM HALK SAĞLIĞI_SWA_Instrument Sale Offer (New)	Approved	Approved
O1020053	<Kz>_<Helix>_<SWA>_rrental	Approved	Cancelled
O1020053	<Kz>_<Helix>_<SWA>_rrental	Approved	Cancelled
O1020053	<Kz>_<Helix>_<SWA>_rrental	Approved	Approved
O1019994	Clone of ORDU İSM_CC_IM_ID_COAG_UR_GLU_MS_2023_532075	Approved	Cancelled
O1019994	Clone of ORDU İSM_CC_IM_ID_COAG_UR_GLU_MS_2023_532075	Approved	Reset
O1019994	Clone of ORDU İSM_CC_IM_ID_COAG_UR_GLU_MS_2023_532075	Approved	Approved
O1020607	Gazi Ünv_CK-MB DT_ - 2024-02-29 - 7000 - TRY - GAZİ ÜNİVERSİTESİ TIP FAKÜLTES (0061000084) - Turkey	Won	Approved
O1023954	GE_AIDS Center_C5800_2025	Won	Cancelled
O1023954	GE_AIDS Center_C5800_2025	Won	Cancelled
O1023954	GE_AIDS Center_C5800_2025	Won	Approved
O1021551	BALIKESİR ÜNİVERSİTESİ_RTD_IHK_2024_275410	Completed	Cancelled
O1021551	BALIKESİR ÜNİVERSİTESİ_RTD_IHK_2024_275410	Completed	Cancelled
O1021551	BALIKESİR ÜNİVERSİTESİ_RTD_IHK_2024_275410	Completed	Approved
O1018859	ERCİYES ÜNİVERSİTESİ_SOLUNUM PANELİ_2023_273221	Approved	Approved
O1019917	Clone of ÇİĞLİ EAH_RTD- HC 6 AYLIK_2023_515248	Won	Approved
O1027603	ÖZEL ANTAKYA SAĞLIK_MOZAİK_SWA_31082026	Approved	Approved
O1020544	ELİTİUM _IM ID_23102023	In Progress	Cancelled
O1020544	ELİTİUM _IM ID_23102023	In Progress	Started
O1027502	YEDİTEPE ÜNİVERSİTESİ_SWA_PRO_PURE_V3_29072026	Approved	Approved
O1017974	İZMİR İSM_ID_TORCH_10.KISIM_2022_972740	Approved	Approved
O1018274	DİYARBAKIR İSM_CC_IM_2022_1142672	Approved	Approved
O1019749	TRAKYA ÜNİVERSİTESİ_IM FT4_CEA_CEA15-3 DT_29052023	In Progress	Approved
O1027382	2026_1076507_ISPARTA İSM HALK SAĞLIĞI_SWA_CCC+Reagent	Approved	Approved
O1017094	NECMETTİN ERBAKAN_ID_2022_429128 - 2022-06-09 - 250000 - TRY - DETAY LAB. CİH. SAN. VE TİC. A (0061000026) - Turkey	Approved	Approved
O1021649	Clone of Siirt Özel Hastanesi - 2024-02-22 - 2000000 - TRY - DİYAR-MED SAĞLIK ÜRÜNLERİ San. (ACC-0004052772) - Turkey	Completed	Approved
O1022208	ERCİYES ÜNİVERSİTESİ_SWA_2024_918497	Completed	Approved
O1027837	2026_1618302 KARABÜK EAH_RMD_VİROLOJİ	Approved	Approved
O1017853	Dicle Ünv_SISH CISH_2022_897844	Completed	Approved
O1026460	ELİPS 2026_3 - 2026-04-30 - 300000 EUR - ELİPS SAĞLIK ÜRÜNLERİ İTH.VE İ (0061000064) Turkey	Won	Approved
O1017775	ETLİK ZÜBEYDE HANIM HST_IM_ID_PAZARLIK_2022_997762	Won	Approved
O1017367	ANKARA DR. ABDURRAHMAN TURTASLAN ONKOLOJİ HASTANESİ_RTD_1.KISIM_KAPPA_2022_663703	Won	Approved
O1022585	ŞİŞLİ ETFAL EAH_RTD_IHC_2024_1108448	Completed	Cancelled
O1022585	ŞİŞLİ ETFAL EAH_RTD_IHC_2024_1108448	Completed	Approved
O1026222	Olbamed SWA - 2026-03-26 - 75000 EUR - DETAY LAB. CİH. SAN. VE TİC. A (0061000026) Turkey	In Progress	Disapproved
O1026222	Olbamed SWA - 2026-03-26 - 75000 EUR - DETAY LAB. CİH. SAN. VE TİC. A (0061000026) Turkey	In Progress	Disapproved
O1019912	HİSAR ÇAMLICA HOSPITAL_CC_IM_21062023	Completed	Approved
O1019912	HİSAR ÇAMLICA HOSPITAL_CC_IM_21062023	Completed	Disapproved
O1021320	Clone of MEDİPOL_RMD VİROLOJİ_REVİZE_13022024	Completed	Approved
O1026962	2026_809206_PAMUKKALE ÜNİVERSİTESİ_COAG	Approved	Cancelled
O1026962	2026_809206_PAMUKKALE ÜNİVERSİTESİ_COAG	Approved	Cancelled
O1026962	2026_809206_PAMUKKALE ÜNİVERSİTESİ_COAG	Approved	Approved
O1027134	ACIBADEM_RTD_Bios_07052026	Won	Approved
O1022909	İZMİR EAH BOZYAKA_SWA_2024_1463896	Completed	Approved
O1019175	ANTALYA MEDİKAL PARK_CC_IM_08032023	Won	Approved
O1022616	Utkan.M_Dünya_IM_CC,2025 - 2024-11-10 - 160000 EUR - DİYAR-MED SAĞLIK ÜRÜNLERİ San. (ACC-0004052772) Turkey	Approved	Approved
O1018463	Siirt Özel Hastanesi - 2022-12-15 - 1000000 - TRY - SİİRT ÖZEL HAYAT HASTANESİ BİO (0061001734) - Turkey	Completed	Approved
O1018463	Siirt Özel Hastanesi - 2022-12-15 - 1000000 - TRY - SİİRT ÖZEL HAYAT HASTANESİ BİO (0061001734) - Turkey	Completed	Reset
O1024358	Osmaniye Park Hastanesi - 2025-07-31 - 150000 EUR - DETAY LAB. CİH. SAN. VE TİC. A (0061000026) Turkey	Approved	Approved
O1022356	CERRAHPAŞA_RTD_EBER DT_18082024	Won	Approved
O1026405	2026_304559 DİYARBAKIR İSM_ID	Approved	Approved
O1023906	TRABZON ÖZEL 7M HASTANESİ - 2025-04-28 - 150000 EUR - AKÇAABAT ÖZEL 7M HASTANESİ (0061005280) Turkey	Approved	Approved
O1021456	YILDIZ TEKNİK ÜNİVERSİTESİ_CC_IM_12032024Yıldız Teknik Ünv. - 2024-06-28 - 50000 - TRY - ALGEN TIBBİ ÜRÜNLER VE SAĞLIK  (0061000032) - Turkey	Completed	Approved
O1019863	EGE ÜNİ RTD BAP_14062023	Won	Approved
O1018536	MEDIHOUSE_CC_IM_16122022	Completed	Approved
O1025804	Clone of KANUNİ EAH_IHC_2025_2131342	Won	Approved
O1026126	DORA LAB_ERCİYES BAP_17022026	Won	Approved
O1021475	LETGEN_2024 YILI GENEL ANLAŞMA_14032024	Approved	Approved
O1024781	ERDURAN HASTANESİ_SWA_PURE_07082025	Approved	Disapproved
O1024781	ERDURAN HASTANESİ_SWA_PURE_07082025	Approved	Approved
O1020550	Tahakkuk Fatura İçin - 2023-10-30 - 8376000 - TRY - TC SAĞLIK BAK.KATİP ÇELEBİ ÜNİ (0061005059) - Turkey	Completed	Approved
O1025745	AFYONKARAHİSAR DH_PAZARLIK_IHC_2025_2380477	Approved	Approved
O1018249	MEDİPOİNT TM_CC_IM_08112022	Won	Approved
O1021848	Mut DH IM - 2024-05-29 - 90000 EUR - DETAY LAB. CİH. SAN. VE TİC. A (0061000026) Turkey	Approved	Approved
O1025235	Clone of ŞANLIURFA İSM_İLÇELER_CC_IM_2025_1323971	Approved	Approved
O1027799	2026_1418685_5.KISIM_CC_IM_ANTALYA İSM_ANTALYA EAH_CİHAZ SATIŞ_v2	Approved	Approved
O1018888	NAMIK KEMAL ÜNİVERSİTESİ_RMD_VIROLOJİ_DT_27012023	Won	Approved
O1021092	Clone of İSLAB 4.BÖLGE_CC_IM_ID_BG_RMD_2023_317402-ÖZGÜN	Completed	Approved
O1021908	BÜLENT ECEVİT ÜNİVERSİTESİ_SWA_2024_697104	Approved	Approved
O1024613	EMSEY_COAG_16072025	Approved	Approved
O1024526	İZMİR İSM_SWA _3.KISIM_2025_896673	Approved	Approved
O1020945	YAPI KREDİ BANKASI_CC_IM_25122023	Completed	Approved
O1022900	ERZURUM ATATÜRK ÜNV_SWA_2024_1394050	Approved	Approved
O1018678	ÖZEL BURSA MEDİCANA HASTANESİ_CC_IM_ID_03012023	Approved	Approved
O1027903	2026_1522690_ANKARA EAH_CC_IM_COAG_SIFIR CİHAZ SATIŞ	Approved	Approved
O1017358	EDİRNE İSM_ID_2022_621629	Completed	Approved
O1023078	HATAY İSM_SWA_2024_1489821	Approved	Disapproved
O1023078	HATAY İSM_SWA_2024_1489821	Approved	Approved
O1023414	BÜYÜK İST ÇORLU LAB_CC_17012025	Won	Approved
O1017607	CLINIC EXPERT_CC_IM_19082022	Won	Approved
O1017607	CLINIC EXPERT_CC_IM_19082022	Won	Disapproved
O1017421	MERSİN İSM İLÇELER_COAG_2022_651779	Approved	Approved
O1027739	2026_1519998_RİZE İSM_HSL_SWA	Approved	Approved
O1017323	Clone of MANİSA CELAL BAYAR ÜNİVERSİTESİ_RTD_2022_537409	Won	Approved
O1017323	Clone of MANİSA CELAL BAYAR ÜNİVERSİTESİ_RTD_2022_537409	Won	Cancelled
O1019185	HACETTEPE ÜNV_TDM_2023_117009	Approved	Approved
O1023179	M CİTY HST	Completed	Approved
O1026270	EREĞLİ ECHOMAR_SWA_09032026	Approved	Disapproved
O1026270	EREĞLİ ECHOMAR_SWA_09032026	Approved	Cancelled
O1026270	EREĞLİ ECHOMAR_SWA_09032026	Approved	Approved
O1027544	Gazi Ünv BAP_Canan Hanım_10082026	Won	Cancelled
O1027544	Gazi Ünv BAP_Canan Hanım_10082026	Won	Approved
O1026837	2026_656174_ARDAHAN İSM_SWA	Approved	Approved
O1017221	DNA LABORATUVARLARI_RTD_AVENIO_08062022	Approved	Approved
O1027933	BİLECİK EAH PDL1 DT - 2026-10-31 - 1800000 TRY - BİLECİK EĞİTİM VE ARAŞTIRMA HA (0061006156) Turkey	Won	Approved
O1027863	Clone of 2026_1482610_CUMHURİYET ÜNİ_PURE303 SATIŞ	Approved	Approved
O1022581	TOBB ETÜ SWA - 2	Approved	Disapproved
O1022581	TOBB ETÜ SWA - 2	Approved	Approved
O1023374	LÖSANTE_RTD_2025 YILI ANLAŞMASI_14012025	Approved	Approved
O1021798	GİRESUN İSM_CC_IM_2024_452321	Won	Approved
O1020848	İZMİR EŞREFPAŞA BELEDİYESİ_CC_IM_2023_1306276	Approved	Approved
O1021365	FATİH SULTAN MEHMET HASTANESİ_RTD_ANTİKOR_DT_21022024	Won	Approved
O1025196	ÇANAKKALE İSM_UR_2025_1562467	Approved	Approved
O1022503	Megapol Hastanesi - 2024-10-15 - 19495 EUR - ALGEN TIBBİ ÜRÜNLER VE SAĞLIK  (0061000032) Turkey	Approved	Approved
O1017362	Clone of İSTANBUL ÜNİVERSİTESİ ÇAPA_RTD_HC_2022_489827	Won	Approved
O1020602	KOCAELİ ÜNİVERSİTESİ_RTD_FITC DT ALIMI_23102023	Completed	Approved
O1025657	ISLAB_PAZARLIK_MULTİPLATE_2025_2128051	Approved	Approved
O1022556	YAŞAM HASTANELER GRUBU KAYA MEDİKAL_CC_IM_30092024	Completed	Approved
O1021113	Trabzon İSM ID - 2024-01-31 - 2000000 - EUR - DİYAR-MED SAĞLIK ÜRÜNLERİ SAN. (0061000054) - Turkey	Approved	Reset
O1021113	Trabzon İSM ID - 2024-01-31 - 2000000 - EUR - DİYAR-MED SAĞLIK ÜRÜNLERİ SAN. (0061000054) - Turkey	Approved	Cancelled
O1021113	Trabzon İSM ID - 2024-01-31 - 2000000 - EUR - DİYAR-MED SAĞLIK ÜRÜNLERİ SAN. (0061000054) - Turkey	Approved	Approved
O1019156	AKSARAY İSM_IM_ID_2023_80177	Approved	Approved
O1025935	Clone of AHENK LABORATUVARI_PRE ANALİTİK_09012026	Won	Approved
O1025527	Clone of EŞREFPAŞA BELEDİYE HAS_2025_1872817	Won	Disapproved
O1025527	Clone of EŞREFPAŞA BELEDİYE HAS_2025_1872817	Won	Approved
O1019174	Clone of BOZYAKA EAH_CC IM_2023_100210	Approved	Approved
O1025446	SAMSUN HSL_CC_IM_ID_UR_2025_1856448	Approved	Approved
O1025360	İZMİR İSM_HALK SAĞLIĞI_SWA_ID_IM_2025_1629117	Approved	Approved
O1025360	İZMİR İSM_HALK SAĞLIĞI_SWA_ID_IM_2025_1629117	Approved	Cancelled
O1023330	MARDİN DH DT İHK - 2025-01-22 - 8000000 TRY - MARDİN DEVLET HASTANESİ (0061005325) Turkey	Completed	Disapproved
O1023330	MARDİN DH DT İHK - 2025-01-22 - 8000000 TRY - MARDİN DEVLET HASTANESİ (0061005325) Turkey	Completed	Reset
O1023330	MARDİN DH DT İHK - 2025-01-22 - 8000000 TRY - MARDİN DEVLET HASTANESİ (0061005325) Turkey	Completed	Approved
O1021295	ANKARA HS Pazarlık - 2024-03-31 - 100000 - EUR - ÖZGÜN KİMYEVİ MAD TIB MALZ DİY (0061005905) - Turkey	Completed	Approved
O1026110	YaşamLAb SWA - 2026-03-06 - 1200000 EUR - DETAY LAB. CİH. SAN. VE TİC. A (0061000026) Turkey	In Progress	Disapproved
O1023835	YEDİTEPE ÜNİVERSİTESİ_SWA_10032025	Won	Approved
O1017100	KÖRFEZ MARMARA HASTANESİ_CC_IM_ID_26052022	Won	Approved
O1017100	KÖRFEZ MARMARA HASTANESİ_CC_IM_ID_26052022	Won	Disapproved
O1017100	KÖRFEZ MARMARA HASTANESİ_CC_IM_ID_26052022	Won	Cancelled
O1026253	CBU DT DAB-Antikor - 2026-03-23 - 9600000 TRY - MANİSA CELAL BAYAR ÜNİVERSİTES (0061003759) Turkey	Won	Approved
O1027390	ÖZEL ANTALYA YAŞAM HASTANELER GRUBU_SWA_16072026	Approved	Approved
O1016896	Ek Kira Yüreğir Anş. - 2022-04-27 - 150000 - TRY - DETAY LAB. CİH. SAN. VE TİC. A (0061000026) - Turkey	Won	Approved
O1022089	ÇANAKKALE ONSEKİZ MART ÜNİVERSİTESİ_UR_2024_780919	Approved	Approved
O1024580	ÇUKUROVA DAB DT 1500 TEST - 2025-07-30 - 9000000 TRY - ÇUKUROVA ÜNİV. BALCALI TIP FAK (0061000548) Turkey	Won	Approved
O1027772	2026_1418685_5.KISIM_CC_IM_ANTALYA İSM_ANTALYA EAH_DC	In Progress	Disapproved
O1020518	BEYHEKİM EAH_CC_2023_969417	In Progress	Disapproved
O1025275	K.MARAŞ SÜTÇÜ İMAM ÜNİVERSİTESİ_6.KISIM_UR_2025_1535884	Approved	Approved
O1018951	KOCAELİ GEBZE FATİH DH_RTD_IHK_DT_07022023	Approved	Approved
O1022602	Selçuk Üni Probnp DT - 2024-10-23 - 50000 EUR - DETAY LAB. CİH. SAN. VE TİC. A (0061000026) Turkey	Approved	Approved
O1027941	KTÜ BAP Alımı - 2026-11-30 - 900000 TRY - KTÜ PROJE KOORDİNASYON UYGULAM (0061005569) Turkey	Won	Approved
O1025810	Clone of Sonomed - 2026-01-19 - 40000 EUR - ALGEN TIBBİ ÜRÜNLER VE SAĞLIK  (0061000032) Turkey	Won	Approved
O1027185	Metabio 2026_18062026_12 aylık	Won	Approved
O1021559	GİRESUN İSM_CC_IM_COAG_2024_308856	Approved	Approved
O1016995	ÖZEL ERCİYES KAN GAZI - 2022-09-30 - 1200000 - TRY - KAYSERİ ERCİYES SAĞLIK HİZMETL (0061005212) - Turkey	Approved	Approved
O1016995	ÖZEL ERCİYES KAN GAZI - 2022-09-30 - 1200000 - TRY - KAYSERİ ERCİYES SAĞLIK HİZMETL (0061005212) - Turkey	Approved	Disapproved
O1027690	Clone of <KZ>_<Karasay RH_cPro>_<2026>	Won	Disapproved
O1027690	Clone of <KZ>_<Karasay RH_cPro>_<2026>	Won	Approved
O1019778	UZUN MEHMET GÖĞÜS HASTALIKLARI HASTANESİ_CC_2023_560238	Won	Approved
O1019584	SİİRT İSM_ID_2023_359792	Approved	Approved
O1024570	İZMİR İSM_21.KISIM_YARI OTM COAG_2025_896673	Approved	Approved
O1025107	ŞANLIURFA İSM_İLÇELER_CC_IM_2025_1323971	Approved	Disapproved
O1025107	ŞANLIURFA İSM_İLÇELER_CC_IM_2025_1323971	Approved	Approved
O1016758	DİCLE UNV_1.KISIM_2022_281031	Approved	Approved
O1018763	Clone of EGE ÜNİVERSİTESİ_NAT_DT_06012023	Won	Approved
O1025949	ETLİK PPP KOAG. FAKTÖRLER - 2025-12-31 - 90000 EUR - TECHNO HEALTH LAB.DİAGNOSTİK S (0061003872) Turkey	In Progress	Approved
O1022210	GAZİ ÜNİVERSİTESİ_RTD_ANTIKOR_DT_23072024	Completed	Approved
O1022210	GAZİ ÜNİVERSİTESİ_RTD_ANTIKOR_DT_23072024	Completed	Disapproved
O1018562	BEHÇET UZ ÇOCUK HASTANESİ_CC_IM_PAZARLIK_2022_1425221	Won	Approved
O1026868	2026_822122_TEKİRDAĞ HALK SAĞLIĞI_SWA_PAZARLIK	Won	Approved
O1026127	2026_114495_BİLECİK İSM_CC_IM_Cihaz_Kira	Approved	Approved
O1027395	ROCHE İLAÇ_ÇAPA BAĞIŞ_ISH	Approved	Approved
O1022984	QPCR NAP Tekklifimiz - 2024-10-13 - 42000 EUR - LİFE BİOTEK MEDİKAL BİL TEK MO (0061005712) Turkey	Won	Approved
O1023285	ETLİK PPP - sn -ODS NAVIFY MONT - 2024-09-01 - 6000 EUR - TECHNO HEALTH LAB.DİAGNOSTİK S (0061003872) Turkey	Approved	Approved
O1027830	TM_Balkan BB_NAT (IDT+ Pool)	Won	Approved
O1025390	Clone of CEMİL TAŞÇIOĞLU ŞEHİR HAS_DT_IHK_31102025	Won	Approved
O1020596	MEDİSTATE KAVACIK_CC_IM_25102023	Approved	Approved
O1019786	ANKARA HS_PCR_2023_487522	Won	Reset
O1019786	ANKARA HS_PCR_2023_487522	Won	Approved
O1025784	MALATYA İSM_IM_REV2_CİHAZ SATIŞ_2025_1955668	Won	Approved
O1025890	CLDN18 - 2026-02-04 - 0 EUR - EPİFARMA LABORATUVAR ÜRÜNLERİ  (0061004345) Turkey	Approved	Approved
O1025559	ELAZIĞ HSM_PAZARLIK_CC_IM_2025_2107989	Won	Disapproved
O1025559	ELAZIĞ HSM_PAZARLIK_CC_IM_2025_2107989	Won	Approved
O1019776	ISLAB-1_TsTrop_E411 KİRA ANLAŞMASI_2023_457059	Approved	Approved
O1024090	ANKARA ÜNV_HEPATOLOJİ_2025_391388	Won	Approved
O1024090	ANKARA ÜNV_HEPATOLOJİ_2025_391388	Won	Reset
O1019316	MEDILIFE GRUBU_CC_IM_24032023	Completed	Cancelled
O1019316	MEDILIFE GRUBU_CC_IM_24032023	Completed	Cancelled
O1019316	MEDILIFE GRUBU_CC_IM_24032023	Completed	Approved
O1019316	MEDILIFE GRUBU_CC_IM_24032023	Completed	Cancelled
O1019316	MEDILIFE GRUBU_CC_IM_24032023	Completed	Cancelled
O1022166	ERZURUM EAH_HPV_2024_869147	Approved	Approved
O1018607	GAZİANTEP DR. ERSIN ARSLAN EAH_IHK_2022_1291969	Approved	Approved
O1022394	BİOS ACIBADEM ULTRA PLUS_CİHAZ KİRA_29082024	In Progress	Disapproved
O1027219	2026_1091508_IHC_YÜREĞİR DH	Approved	Disapproved
O1027219	2026_1091508_IHC_YÜREĞİR DH	Approved	Approved
O1018405	NAMIK KEMAL ÜNİVERSİTESİ_ID_2022_1264093	Approved	Disapproved
O1018405	NAMIK KEMAL ÜNİVERSİTESİ_ID_2022_1264093	Approved	Cancelled
O1018405	NAMIK KEMAL ÜNİVERSİTESİ_ID_2022_1264093	Approved	Cancelled
O1018405	NAMIK KEMAL ÜNİVERSİTESİ_ID_2022_1264093	Approved	Disapproved
O1018405	NAMIK KEMAL ÜNİVERSİTESİ_ID_2022_1264093	Approved	Disapproved
O1018405	NAMIK KEMAL ÜNİVERSİTESİ_ID_2022_1264093	Approved	Disapproved
O1018405	NAMIK KEMAL ÜNİVERSİTESİ_ID_2022_1264093	Approved	Approved
O1021886	SELÇUK ÜNİVERSİTESİ ALİ ÜNLÜ PROJE_DT_31052024	Approved	Approved
O1023244	DÜZEN LABORATUVARI_BGAS_26122024	Won	Approved
O1023244	DÜZEN LABORATUVARI_BGAS_26122024	Won	Disapproved
O1022598	TÜRKLAB SWA - 2024-10-31 - 250000 EUR - ORSİS MED.ELEK. BİLG.VE İLET.S (0061000452) Turkey	Completed	Approved
O1022596	KARAMAN HS_CC_2024_1209282	Approved	Approved
O1017127	İHK DAP & RTU Antikor - 2022-06-30 - 350000 - TRY - VAN BÖLGE EĞİTİM VE ARAŞTIRMA  (0061004046) - Turkey	Won	Approved
O1021714	MOODİST_CC_IM_13052024	Approved	Approved
O1020777	MUŞ İSM_CC_2023_1236369	Completed	Approved
O1022906	BALIKESİR ATATÜRK DH_RTD_IHC_2024_1480589	Approved	Approved
O1024014	ALİAĞA DH._IM _ ID_2025_481279	In Progress	Cancelled
O1024014	ALİAĞA DH._IM _ ID_2025_481279	In Progress	Started
O1017295	Atatürk Ünv. BAP - 2022-07-15 - 0 - TRY - ÖZGÜL EĞİTİM SAĞLIK HİZ. MED.  (0061000500) - Turkey	Won	Approved
O1021482	EPİFARMA_RTD_Her2_DT_14032024	Approved	Approved
O1024469	29 MAYIS HASTANESİ_RTD_ANTİKOR_DT_30062025	Won	Approved
O1019053	AKSARAY ÜNİVERSİTESİ_RTD_IHK_2023_78801	Completed	Approved
O1022171	GÜLHANE EAH_2024_839461	Approved	Approved
O1023724	KONYA HALK SAĞLIĞI_SWA_2025_137255	Approved	Approved
O1024684	Mersin Üni Hıv-CMV - 2025-08-30 - 60000 EUR - DETAY LAB. CİH. SAN. VE TİC. A (0061000026) Turkey	Approved	Approved
O1024818	Medipol_UR_18082025	Approved	Cancelled
O1024818	Medipol_UR_18082025	Approved	Approved
O1023889	YÜREĞİR DH_2025_274233	Approved	Approved
O1023496	HATEM_SWA_cobas 6000	Approved	Approved
O1017553	TRAKYA ÜNİVERSİTESİ_RTD_HC_DT_REVİZE_09082022	Won	Approved
O1026842	2026_785795_SAMSUN HSL_SWA_PAZARLIK	Won	Approved
O1026685	2026_484689_ISPARTA ISM HALK SAĞLIĞI_SWA_CİHAZLAR SATIŞ	Approved	Approved
O1025455	KASTAMONU İSM_COA_2025_1633224	Approved	Disapproved
O1025455	KASTAMONU İSM_COA_2025_1633224	Approved	Approved
O1022695	MARMARA EAH PENDİK_RTD_HC_DT_10102024	Approved	Approved
O1017741	KOCAELİ PPP_V3_2_updt_01.09.2021	Completed	Approved
O1025922	KORU HAST.İDRAR_Üç Yıllık- 2027-12-31 - 30000 EUR - ERER EĞİTİM VE SAĞLIK KURUMLAR (0061000508) Turkey	Won	Approved
O1025303	MERSİN ÜNV_COAG_2025_1564387	Approved	Approved
O1021912	PAMUKKALE ÜNİVERSİTESİ_RTD_ONKOLOJİ_2024_711565	Approved	Approved
O1018204	TRAKYA ÜNİVERSİTESİ_RTD_HC_2022_963860	Won	Approved
O1020840	TRAKYA ÜNİV._PREALBUMİN_DT_29112023	Won	Disapproved
O1020840	TRAKYA ÜNİV._PREALBUMİN_DT_29112023	Won	Approved
O1023044	DORA HOSPITAL_CC_IM_16122024	Approved	Approved
O1027205	2026_1074531_KASTAMONU İSM İLÇE_CC_3 aylık Pazarlık	Won	Approved
O1026670	Clone of 2026_612282_TOKAT DEVLET_ID	Approved	Approved
O1017178	NUCLEUS GENETİK_KAPA GEMLİN_06062022	In Progress	Disapproved
O1021310	ESKİŞEHİR YUNUS EMRE DH_ID_TORCH_DT_12022024	Completed	Approved
O1026393	GAZİ ÜNİ_ DT_684_11032026	In Progress	Disapproved
O1025464	HACETTEPE UNIV_Viroloji26&27_5800_KISIM 39_2025_1497824	Won	Approved
O1027371	ACIBADEM Labmed Merkez Otomasyon_Vertical CCM_CC_IM_Caog_Mol	Approved	Approved
O1025059	AYDIN İSM_İLÇELER_UR_REV2_2025_1220634	Approved	Approved
O1017883	BOLU İZZET BAYSAL ÜNİVERSİTESİ HASTANESİ_RMD_2022_888535	Lost	Disapproved
O1017883	BOLU İZZET BAYSAL ÜNİVERSİTESİ HASTANESİ_RMD_2022_888535	Lost	Approved
O1026906	2026_709366_KASTAMONU İSM_CC_IM	Approved	Cancelled
O1026906	2026_709366_KASTAMONU İSM_CC_IM	Approved	Disapproved
O1026906	2026_709366_KASTAMONU İSM_CC_IM	Approved	Approved
O1027063	2026_809206_NEW_SWA_PAMUKKALE ÜNV_OSB	Approved	Approved
O1020344	ACADEMIC HOSPITAL_CC_IM_18092023	Completed	Disapproved
O1020344	ACADEMIC HOSPITAL_CC_IM_18092023	Completed	Approved
O1017857	ARTVİN İSM_SWA_2022_1019122	Completed	Approved
O1023944	Clone of İMPERİAL SWA_cobas 6000	Won	Approved
O1023944	Clone of İMPERİAL SWA_cobas 6000	Won	Cancelled
O1018670	TRABZON KANUNİ EAH_IHC_2022_1355665	Approved	Approved
O1020781	ÇANAKKALE İSM_RTD_IHC_2023_1254540	Approved	Disapproved
O1020781	ÇANAKKALE İSM_RTD_IHC_2023_1254540	Approved	Approved
O1024963	Clone of İSTANBUL ÜNİVERSİTESİ_CERRAHPAŞA TF_SWA_2025_760282	Won	Approved
O1025669	Garanti Bankası - 2026-01-20 - 15000 EUR - ALGEN TIBBİ ÜRÜNLER VE SAĞLIK  (0061000032) Turkey	In Progress	Disapproved
O1025302	MERSİN ÜNV _UR_2025_1564387	Approved	Approved
O1025141	AYDIN ŞH_UR_2025_1426978	Approved	Approved
O1018115	DNA LABORATUVARI_RTD_CELL FREE_25102022	Completed	Approved
O1017494	NAMIK KEMAL ÜNİVERSİTESİ_ID_PAZARLIK_2022_732340	Approved	Approved
O1018490	GİRESUN İSM_CC-IM_2022_1236205	Completed	Approved
O1018490	GİRESUN İSM_CC-IM_2022_1236205	Completed	Disapproved
O1024120	Clone of İSLAB4 EK CİHAZ C702_PREANALİTİK PARÇALARI_V2_29042025	Won	Approved
O1021645	EDİRNE İSM_1.KISM_SWA_2024_453299	Approved	Approved
O1026592	AYDIN DH 2026-428 DT alım - 2026-04-27 - 9600000 TRY - AYDIN DEVLET HASTANESİ (0061003824) Turkey	Won	Approved
O1027331	Clone of ÇANAKKALE ONSEKİZ MART ÜNİVERSİTESİ_SWA_DT	Cancelled	Approved
O1024199	SAMSUN İSM_CC_IM_2025_582798	Approved	Approved
O1024199	SAMSUN İSM_CC_IM_2025_582798	Approved	Disapproved
O1020574	ERZİNCAN İSM_SOLUNUM_2023_1018668	Approved	Approved
O1025185	AFYON İSM_RTD_14.KISIM_IHC_2025_1483130	Approved	Approved
O1022005	Mersin Üni Her2 DT Alım - 2024-07-15 - 2550000 TRY - MERSİN ÜNİVERSİTESİ REKTÖRLÜĞÜ (0061004230) Turkey	In Progress	Cancelled
O1022005	Mersin Üni Her2 DT Alım - 2024-07-15 - 2550000 TRY - MERSİN ÜNİVERSİTESİ REKTÖRLÜĞÜ (0061004230) Turkey	In Progress	Started
O1024686	ÇANAKKALE HS_PAZARLIK_SWA_2025_1121809	Approved	Approved
O1024686	ÇANAKKALE HS_PAZARLIK_SWA_2025_1121809	Approved	Disapproved
O1024557	Clone of Clone of İSLAB 5_RMD_SANTRON_2025_739894	Approved	Approved
O1019620	ÖZEL MEDİNOVA HASTANESİ_NEMESİS_CC_IM_ID_15052023	Won	Approved
O1017357	EDİRNE İSM_CC_IM_2022_621629	Completed	Approved
O1017357	EDİRNE İSM_CC_IM_2022_621629	Completed	Disapproved
O1017296	FIRAT ÜNV_HK_2022_550466	Completed	Approved
O1016788	SAMSUN ÖZEL MEDİCALPARK_CC_IM_UR_211213	Won	Approved
O1020812	ERDEM HASTANESİ_RTD_IHK_23112023	Approved	Approved
O1025691	YEDİTEPE ÜNİVERSİTESİ_GLUCOMETRE	Approved	Approved
O1021704	GEBZE YÜZYIL HASTANESİ_SWA_02052024	Approved	Approved
O1021704	GEBZE YÜZYIL HASTANESİ_SWA_02052024	Approved	Disapproved
O1026502	Clone of 2026_376412 Celal Bayar Üni_İHC	Won	Approved
O1027050	2026_819036_27.KISIM_ID_ÇUKUROVA ÜNİVERSİTESİ	Won	Approved
O1019468	KANUNİ EAH_RTD_2023_320098	Completed	Approved
O1021082	Clone of MED-AR HASTANELERİ - 2024-01-31 - 1000000 - EUR - ÖZGÜN KİMYEVİ MADDE TIBBİ MALZ (0061000040) - Turkey	Approved	Disapproved
O1021082	Clone of MED-AR HASTANELERİ - 2024-01-31 - 1000000 - EUR - ÖZGÜN KİMYEVİ MADDE TIBBİ MALZ (0061000040) - Turkey	Approved	Approved
O1027042	Kütahya PPP İHK - 2026-06-30 - 210000 EUR - BİOGENLAB Genel Laboratuvar Hi (0061006259) Turkey	Won	Approved
O1021112	Clone of İSLAB 2_CC_IM_ID_2023_457059_INVITROLAB_12062023	Completed	Approved
O1019110	Ordu MedicalPark Demirbaş Antikor	Won	Approved
O1027040	2026_841995_RTD_IHC_DÜZCE İSM_DÜZCE ATATÜRK DH	Won	Disapproved
O1027040	2026_841995_RTD_IHC_DÜZCE İSM_DÜZCE ATATÜRK DH	Won	Approved
O1025580	KÜTAHYA EVLİYA ÇELEBİ EAH_CC_IM_KISIM 1_2025_1702473	Approved	Approved
O1018495	BÜLENT ECEVİT ÜNİVERSİTESİ_RTD_DT2_11122022	Won	Approved
O1020454	SAKARYA EAH_PCT_PAZARLIK 3 AYLIK_2023_1055712	Approved	Approved
O1026441	2026_467979_SELÇUK ÜNİVERSİTESİ_SWA_PAZARLIK	Won	Approved
O1021595	ÇANAKKALE ONSEKİZ MART ÜNİVERSİTESİ_RTD_IHC_2024_220647	Approved	Approved
O1021595	ÇANAKKALE ONSEKİZ MART ÜNİVERSİTESİ_RTD_IHC_2024_220647	Approved	Cancelled
O1021964	GÜLNAR DH_CC_2024_778260	Won	Approved
O1022377	NucleusGen Oncology panel - 2024-08-26 - 3000000 TRY - NUCLEUS GENETİK ÜRÜNLERİ ANONİ (0061005513) Turkey	Won	Approved
O1024007	TRT_IM_2025 - 2025-05-01 - 2000000 TRY - TRT GENEL MÜDÜRLÜĞÜ (0061000553) Turkey	Won	Approved
O1021090	DR. ABDURRAHMAN YURTASLAN ONKOLOJİ HASTANESİ_RTD_26.KALEM EBER_2023_1356922	Won	Approved
O1021090	DR. ABDURRAHMAN YURTASLAN ONKOLOJİ HASTANESİ_RTD_26.KALEM EBER_2023_1356922	Won	Cancelled
O1020334	SİVAS İSM_COAG_2023_878533	Completed	Approved
O1017646	METROPARK MEDLİNE_CC_IM_220822	Won	Approved
O1017282	ANTALYA EAH_RTD_IHC_PAZARLIK_2022_608098	Approved	Approved
O1027572	MERSİN ÜNİ DT MOL 87567 - 2026-09-10 - 1000000 TRY - MERSİN ÜNİVERSİTESİ REKTÖRLÜĞÜ (0061004230) Turkey	Won	Approved
O1021838	DİYARBAKIR İSM_IM_2024_511091	Completed	Approved
O1027320	KADIKÖY INVITRO LAB_CC_IM_06072026	Won	Approved
O1021406	ADNAN MENDERES ÜNİVERSİTESİ_RMD_HBV_2024_159710	Completed	Approved
O1021406	ADNAN MENDERES ÜNİVERSİTESİ_RMD_HBV_2024_159710	Completed	Disapproved
O1019464	AZ_LS_MoD_Tender - 2023-09-01 - 62.187 - EUR - Labservis Ltd. (0061000004) - Azerbaijan	Won	Approved
O1023646	ANTALYA EAH_RTD_MOL.ONKOLOJİ_2025_197901	Approved	Approved
O1023702	KAHRAMANMARAŞ İSM_PAZARLIK_ID_2025_201570	Approved	Approved
O1027814	2026_1418685_6.KISIM_CC_IM_ANTALYA İSM_ŞEHİR HASTANESİ_v3	Approved	Approved
O1017563	ERZURUM İSM_SWA_2022_696368	Approved	Approved
O1017563	ERZURUM İSM_SWA_2022_696368	Approved	Disapproved
O1017563	ERZURUM İSM_SWA_2022_696368	Approved	Cancelled
O1024459	BURSA PPP - updt - Yeni Dönem Anlaşması--ssbtk- SB -	In Progress	Disapproved
O1027515	2023_605815_SAMSUN İSM_IM_KİRA_e411	Won	Approved
O1025570	Clone of MERSİN ÜNV_COAG_2025_1564387	Approved	Approved
O1025822	BEZMİALEM_SWA_BVU2025037	Approved	Approved
O1027562	Eskişehir PPP navify PLH - 2026-09-15 - 11200 EUR - ÖZGÜN KİMYEVİ MADDE TIBBİ MALZ (0061000040) Turkey	Won	Approved
O1027483	2026_1390072_DÜZCE ÜNİVERSİTESİ_SWA_PAZARLIK	Won	Approved
O1022182	ANKARA ÜNİVERSİTESİ_RTD_IHC_2024_899369	Completed	Approved
O1019353	NAMIK KEMAL ÜNİVERSİTESİ_RTD_2023_188562	Won	Approved
O1019353	NAMIK KEMAL ÜNİVERSİTESİ_RTD_2023_188562	Won	Cancelled
O1023914	Clone of GOP EAH_RTD_DT_20032025	Approved	Approved
O1020134	GÜVEN HASTANESİ_RTD_DT_HER2_07082023	Approved	Approved
O1018602	TRAKYA ÜNİVERSİTESİ_VIT D_DT_23122022	Approved	Approved
O1026566	UZ_Blood banks Project (NAT-IDT) RR MPX 192T pack	Approved	Approved
O1018617	KOCAELİ İSM_IM_ID_2022_1291052	Approved	Approved
O1021909	Clone of Diyarbakır ÖBH SWA 2024 - 2024-07-06 - 160000 EUR - DİYAR-MED SAĞLIK ÜRÜNLERİ SAN. (0061000054) Turkey	Completed	Approved
O1026030	2026_150235_SAMSUN GAZİ DH_IM_PAZARLIK	Won	Disapproved
O1026030	2026_150235_SAMSUN GAZİ DH_IM_PAZARLIK	Won	Disapproved
O1026030	2026_150235_SAMSUN GAZİ DH_IM_PAZARLIK	Won	Approved
O1017249	Gülhane_Antikor - 2022-08-04 - 6100 - TRY - DİAFARMA ECZA DEPOSU VE MEDİKA (0061005218) - Turkey	Won	Approved
O1020755	ULUS LIV HASTANESİ_CC_IM_COBAS PURE_18112023	Approved	Approved
O1018420	EGE ÜNİVERSİTESİ_RMD_VİROLOJİ_DT_28112022	Won	Approved
O1018857	Kırıkkale YİH_PCT - 2023-06-30 - 400000 - TRY - KIRIKKALE YÜKSEK İHTİSAS HASTA (0061000341) - Turkey	Won	Approved
O1027031	2026_836082_COAG_SELÇUK ÜNİVERSİTESİ	Approved	Cancelled
O1027031	2026_836082_COAG_SELÇUK ÜNİVERSİTESİ	Approved	Approved
O1022145	QPCR Teklifimiz - 2024-07-12 - 6000 EUR - LİFE BİOTEK MEDİKAL BİL TEK MO (0061005712) Turkey	Won	Approved
O1020264	AFYONKARAHİSAR İSM_RTD_2023_805317	Approved	Disapproved
O1020264	AFYONKARAHİSAR İSM_RTD_2023_805317	Approved	Approved
O1020292	NİĞDE İSM_ID_2023_827313	Approved	Approved
O1017790	Sistem Tıp IM - 2022-10-12 - 800000 - TRY - DETAY LAB. CİH. SAN. VE TİC. A (0061000026) - Turkey	Won	Approved
O1019949	ÇUKUROVA ÜNV_SP PAZR_2023_651128	Won	Approved
O1020497	DATA LABORATUVARI_IM_18102023	Completed	Approved
O1023250	KORU_SWA_Revize - 2025-12-31 - 1400000 EUR - KORU HAST MER LAB (0061003476) Turkey	Completed	Approved
O1022785	BURSA İSM_RTD_IHC_2024_1208699	Approved	Approved
O1026488	2026_304559 DİYARBAKIR İSM_PCR	Approved	Approved
O1022727	Kocaeli PPP ODS - 2024-10-31 - 4200 EUR - NUKLEUS SAĞLIK ÜRÜNLERİ TANI H (0061000175) Turkey	Approved	Approved
O1022727	Kocaeli PPP ODS - 2024-10-31 - 4200 EUR - NUKLEUS SAĞLIK ÜRÜNLERİ TANI H (0061000175) Turkey	Approved	Reset
O1022727	Kocaeli PPP ODS - 2024-10-31 - 4200 EUR - NUKLEUS SAĞLIK ÜRÜNLERİ TANI H (0061000175) Turkey	Approved	Reset
O1022727	Kocaeli PPP ODS - 2024-10-31 - 4200 EUR - NUKLEUS SAĞLIK ÜRÜNLERİ TANI H (0061000175) Turkey	Approved	Reset
O1023885	AZ_BSM_HPV_4800	Won	Approved
O1023885	AZ_BSM_HPV_4800	Won	Cancelled
O1018709	C.Ü DAP BAP Alımı - 2023-01-20 - 240000 - TRY - CUMHURIYET UNIVERSITESI BILIMS (0061004482) - Turkey	Won	Approved
O1024556	Clone of İSLAB 4 MOLEKÜLER_SARTRON BİYOTEKNOLOJİ_ 2025_739894	Approved	Approved
O1024074	Clone of Özel Güven Cobas Pulse - 2024-12-31 - 40000 EUR - ÖZEL ANKARA GÜVEN HASTANESİ (0061004289) Turkey	Approved	Disapproved
O1024074	Clone of Özel Güven Cobas Pulse - 2024-12-31 - 40000 EUR - ÖZEL ANKARA GÜVEN HASTANESİ (0061004289) Turkey	Approved	Approved
O1025575	GAZİANTEP İSM_CC_IM_2025_2007147	Approved	Approved
O1024754	SAMSUN İSM_MERKEZ_COAG_2025_1051365	Approved	Cancelled
O1024754	SAMSUN İSM_MERKEZ_COAG_2025_1051365	Approved	Approved
O1024099	ÖZEL SANKO 10.000 İHK - 2025-05-22 - 7000000 TRY - ROCHE DİAGNOSTİCS TURKEY A.Ş A (0061000055) Turkey	Approved	Disapproved
O1024099	ÖZEL SANKO 10.000 İHK - 2025-05-22 - 7000000 TRY - ROCHE DİAGNOSTİCS TURKEY A.Ş A (0061000055) Turkey	Approved	Approved
O1024531	AMASYA İSM_CAR_2025_868484	Won	Disapproved
O1024531	AMASYA İSM_CAR_2025_868484	Won	Approved
O1024531	AMASYA İSM_CAR_2025_868484	Won	Disapproved
O1026712	Malatya_IM_ek_parametrele - 2026-04-30 - 120000 EUR - DİYAR-MED SAĞLIK ÜRÜNLERİ SAN. (0061000054) Turkey	Won	Approved
O1021423	KÜTAHYA İSM_ID_TORCH_PAZARLIK_2024_120217	In Progress	Cancelled
O1025596	İslab 1 8 aylık pazarlık - 2026-03-31 - 650000 EUR - SARTRON BİYOTEKNOLOJİ İthalat  (0061006152) Turkey	Approved	Approved
O1025596	İslab 1 8 aylık pazarlık - 2026-03-31 - 650000 EUR - SARTRON BİYOTEKNOLOJİ İthalat  (0061006152) Turkey	Approved	Cancelled
O1020288	NİĞDE İSM_CC_2023_827313	Approved	Approved
O1025605	Gazi DT	In Progress	Cancelled
O1025608	BUCA SD.EAH_PAZARLIK_SWA_2025_2189131	Won	Approved
O1027706	2026_1483748_ANKARA ÜNV_SPESİFİK IM	Won	Approved
O1018324	Adana Sistem Swa - 2022-12-31 - 400000 - TRY - DETAY LAB. CİH. SAN. VE TİC. A (0061000026) - Turkey	Won	Approved
O1021841	MAVİ LABORATUVARI_CC_IM_09062024	Approved	Cancelled
O1021841	MAVİ LABORATUVARI_CC_IM_09062024	Approved	Approved
O1024110	EPİFARMA_RTD_2025 BAP_29042025	Won	Approved
O1027971	EPİFARMA 4. IHK 2026 - 2026-12-09 - 9800 EUR - EPİFARMA LABORATUVAR ÜRÜNLERİ  (0061004345) Turkey	Approved	Approved
O1025168	LETGEN BİO-ADANA BİO MÜC - 2025-11-06 - 2000000 TRY - LETGEN BİYOTEKNOLOJİ LABORATUV (0061005075) Turkey	Won	Approved
O1025168	LETGEN BİO-ADANA BİO MÜC - 2025-11-06 - 2000000 TRY - LETGEN BİYOTEKNOLOJİ LABORATUV (0061005075) Turkey	Won	Cancelled
O1023479	<KG>_<Prenatal screening>_<2025>	Approved	Cancelled
O1023479	<KG>_<Prenatal screening>_<2025>	Approved	Approved
O1018232	KARAMAN HSL_IM_2022_1088726	Approved	Approved
O1025202	BEYHEKİM EAH_CC_2025_1624930	Approved	Approved
O1024313	KOCAELİ ÜNİVERSİTESİ_RTD_4.KISIM HC_2025_622460	Approved	Cancelled
O1024313	KOCAELİ ÜNİVERSİTESİ_RTD_4.KISIM HC_2025_622460	Approved	Approved
O1021965	GİRESUN İLÇELER PAZARLIK - 2024-06-24 - 1000000 EUR - İLMED İLAÇ ve MEDİKAL ÖZEL  LA (0061000027) Turkey	Approved	Approved
O1019925	QPCR Teklifimiz - 2023-06-28 - 1000000 - TRY - Life Biotek Medikal (ACC-0004104148) - Turkey	Completed	Approved
O1025079	ŞANLIURFA HSM_SWA_2025_1323971	Approved	Disapproved
O1025079	ŞANLIURFA HSM_SWA_2025_1323971	Approved	Approved
O1027783	2026_1527836_CC_IM_NECMETTİN ERBAKAN ÜNİVERSİTESİ	Approved	Approved
O1025793	GÜLHANE EAH_Kan Bankası_2025_1919793_pro	Approved	Approved
O1023715	ELAZIĞ FIRAT 7 KALEM İMMF - 2025-03-04 - 3000000 TRY - FIRAT ÜNİVERSİTESİ HASTANESİ F (0061003864) Turkey	Approved	Approved
O1023715	ELAZIĞ FIRAT 7 KALEM İMMF - 2025-03-04 - 3000000 TRY - FIRAT ÜNİVERSİTESİ HASTANESİ F (0061003864) Turkey	Approved	Cancelled
O1023469	KIRŞEHİR İSM_CC_IM_2025_13884	Approved	Cancelled
O1023469	KIRŞEHİR İSM_CC_IM_2025_13884	Approved	Cancelled
O1023469	KIRŞEHİR İSM_CC_IM_2025_13884	Approved	Cancelled
O1023469	KIRŞEHİR İSM_CC_IM_2025_13884	Approved	Cancelled
O1023469	KIRŞEHİR İSM_CC_IM_2025_13884	Approved	Cancelled
O1023469	KIRŞEHİR İSM_CC_IM_2025_13884	Approved	Approved
O1020842	DÜZCE ÜNİVERSİTESİ_RTD_DT_29112023	Completed	Approved
O1027417	2026_1173728 MALATYA İSM_CC	Approved	Approved
O1023428	ADIYAMAN_ISM_ID_2024_1787924	Approved	Approved
O1017965	İZMİR İSM_CC_IM_14.KISIM_2022_952564	Approved	Disapproved
O1017965	İZMİR İSM_CC_IM_14.KISIM_2022_952564	Approved	Approved
O1017965	İZMİR İSM_CC_IM_14.KISIM_2022_952564	Approved	Disapproved
O1022660	ADANA İSM_SWA_ 2024_1202163	Approved	Approved
O1027689	2026_1663292_CUMHURİYET ÜNİV_PAZARLIK_SWA	Won	Approved
O1017912	SUR HOSPITAL_CC_IM_29092022	Approved	Disapproved
O1017912	SUR HOSPITAL_CC_IM_29092022	Approved	Approved
O1018863	ÖZEL YAŞAR HASTANESİ_CC_IM_ID_25012023	Completed	Approved
O1025526	Clone of Ümit Hastaneleri_CC+IM_yeni cihaz_31102025	Approved	Approved
O1022614	Clone of YEDİKULE REFERANS_CC_IM_04092024	Approved	Approved
O1019258	YAŞAM LAB_CC_IM_REVİZE	Won	Approved
O1017242	DÜZEN PREANALİTİK - 2022-07-31 - 250000 - TRY - DÜZEN BİYOLOJİK BİLİMLER ARAŞT (0061000024) - Turkey	Approved	Approved
O1025297	SAKARYA İSM EAH_RTD_IHC_2025_1622068	Approved	Approved
O1018111	BURGEN GENETİK_RTD_25102022	Won	Approved
O1018571	GENTAN_SEQ CGP KİT ALIMI_21122022	Approved	Approved
O1021534	TEPECİK EAH_RTD_EBER_21032024	Won	Approved
O1025683	GAZİANTEP İSM_CC_IM_DC ANLAŞMA_2025_2007147	Approved	Approved
O1026311	ÖZEL ÇORUM ELİTPARK_10032026	Won	Approved
O1018550	ÖZEL ÇORUM HAST - 2022-12-31 - 2500000 - TRY - ÖZEL ÇORUM HASTANESİ (0061001528) - Turkey	Completed	Cancelled
O1018550	ÖZEL ÇORUM HAST - 2022-12-31 - 2500000 - TRY - ÖZEL ÇORUM HASTANESİ (0061001528) - Turkey	Completed	Reset
O1018550	ÖZEL ÇORUM HAST - 2022-12-31 - 2500000 - TRY - ÖZEL ÇORUM HASTANESİ (0061001528) - Turkey	Completed	Approved
O1021467	AKYURT DH_CC_2024_287547	Approved	Approved
O1026666	MOZAİK ÖZEL ANTAKYA SAĞLIK_SWA_03042026	Won	Approved
O1024961	Clone of Konya Numune Has_IM_DT_04092025	Approved	Approved
O1018073	ULUDAĞ ÜNİVERSİTESİ_GLUCOMETRE_DT_17102022	Won	Approved
O1023235	ÇUKUROVA ÜNV_IHK_ANTİKOR_PAZARLIK_2024_1735352	Completed	Approved
O1020902	ÇİĞLİ EAH._RMD VİROLOJİ_2023_1448824	Completed	Approved
O1017920	PATHERN LABORATUVARI_RTD_MD ANTIKOR_30092022	Completed	Approved
O1021259	ESKİŞEHİR YUNUS EMRE DH_ID_TORCH_PAZARLIK_2024_131062	Won	Approved
O1024633	Clone of SELÇUK ÜNV_IM_2025_679482	Won	Approved
O1025110	ÇORUM EAH_COAG_2025_1408505	Approved	Approved
O1027490	TRAKYA ÜNİVERSİTESİ_SEROLOJİ_DT_6 KALEM_28072026	Won	Approved
O1027885	ANKARA ÜNİV_DT 10_IHC_HC_14092026	Won	Approved
O1023902	BURSA İSM_RTD_IHC_PAZARLIK_2025_395138	Won	Approved
O1025759	DEVREK DH_CC_PAZARLIK_2025_2417994	Won	Cancelled
O1025759	DEVREK DH_CC_PAZARLIK_2025_2417994	Won	Disapproved
O1025759	DEVREK DH_CC_PAZARLIK_2025_2417994	Won	Approved
O1025759	DEVREK DH_CC_PAZARLIK_2025_2417994	Won	Cancelled
O1025759	DEVREK DH_CC_PAZARLIK_2025_2417994	Won	Cancelled
O1025499	ALANYA EAH_RTD_IHC_PAZARLIK 2 AYLIK_2025_2004947	Won	Approved
O1027962	2026_1455599_1.KISIM_ID_SAKARYA ŞH_CİHAZ SATIŞ	Approved	Approved
O1018929	ÖZEL BİLGE HASTANESİ_CC_IM_03022023	Approved	Disapproved
O1018929	ÖZEL BİLGE HASTANESİ_CC_IM_03022023	Approved	Approved
O1018929	ÖZEL BİLGE HASTANESİ_CC_IM_03022023	Approved	Disapproved
O1017493	AVICENNA HASTANESİ_RTD_01082022	Approved	Approved
O1024419	İSLAB 5_RMD_6 AYLIK_COBAS 5800_16062025	Approved	Cancelled
O1024419	İSLAB 5_RMD_6 AYLIK_COBAS 5800_16062025	Approved	Approved
O1024419	İSLAB 5_RMD_6 AYLIK_COBAS 5800_16062025	Approved	Cancelled
O1017050	Qpcr - 2022-06-18 - 150000 - TRY - Life Biotek Medikal (ACC-0004104148) - Turkey	Won	Approved
O1016865	ÇANKIRI İSM_CAR_2022_311545 -  2022-07-29 - 600000 - TRY - ÇANKIRI DEVLET HASTANESİ (0061003781) - Turkey	Won	Approved
O1016865	ÇANKIRI İSM_CAR_2022_311545 -  2022-07-29 - 600000 - TRY - ÇANKIRI DEVLET HASTANESİ (0061003781) - Turkey	Won	Disapproved
O1020887	Nucleus GenetikKapa2 - 2023-12-18 - 20000 - TRY - NUCLEUS GENETİK ÜRÜNLERİ ANONİ (0061005513) - Turkey	Completed	Approved
O1027844	2026_1650575_RMD_VİROLOJİ_TRABZON İSM_KANUNİ EAH	Approved	Approved
O1019724	EGE ÜNİVERSİTESİ_RMD_VİROLOJİ_1.KISIM_2023_403643	In Progress	Disapproved
O1019724	EGE ÜNİVERSİTESİ_RMD_VİROLOJİ_1.KISIM_2023_403643	In Progress	Cancelled
O1024867	MERSİN ÜNİ DT HIV 384 - 2025-09-18 - 9000000 TRY - MERSİN ÜNİVERSİTESİ REKTÖRLÜĞÜ (0061004230) Turkey	Approved	Approved
O1021968	Updt of Bursa PPP 3 Aylık İHK-HPV - 2024-06-30 - 70000 EUR - ADA ANALİZ VE DANIŞMANLIK TİC. (0061005094) Turkey	Approved	Approved
O1020377	SİVAS İSM_SWA_2023_878533	Cancelled	Approved
O1020377	SİVAS İSM_SWA_2023_878533	Cancelled	Cancelled
O1022229	KANUNİ EAH_RTD_1500 AD.İHK DT_29072024	Won	Approved
O1027661	2026_1450429_6.KISIM_RMD_BURSA İSM	Approved	Approved
O1027661	2026_1450429_6.KISIM_RMD_BURSA İSM	Approved	Cancelled
O1019449	VİROMED CİHAZ KİRA - 2023-12-30 - 300000 - TRY - ÖZKAYA LABORATUVAR SİST. SAĞ.  (0061000368) - Turkey	Approved	Approved
O1026278	Clone of Ena Lab CC - 2026.01.20- DC - DETAY LAB. CİH. SAN. VE TİC. A (0061000026) Turkey	Approved	Approved
O1021111	HATEM_SWA_24 - 2024-02-01 - 500000 - TRY - GÜNEY TIP TIBBİ CİH.KİM.MADD.L (0061000029) - Turkey	Approved	Approved
O1027313	2026_1158223_LETGEN_ANTALYA ZİRAİ KARANTİNA	Won	Reset
O1027313	2026_1158223_LETGEN_ANTALYA ZİRAİ KARANTİNA	Won	Approved
O1021620	Clone of MERSİN İSM İLÇELER_IM_2024_284110	Approved	Cancelled
O1021620	Clone of MERSİN İSM İLÇELER_IM_2024_284110	Approved	Approved
O1021620	Clone of MERSİN İSM İLÇELER_IM_2024_284110	Approved	Cancelled
O1020756	KOÇ ÜNİVERSİTESİ_GLUKOMETRE_16112023	Completed	Approved
O1020756	KOÇ ÜNİVERSİTESİ_GLUKOMETRE_16112023	Completed	Disapproved
O1026139	2026_376412 Celal Bayar Üni_İHC	In Progress	Disapproved
O1024471	MANAVGAT DH_RTD_PAZARLIK_2025_920018	Won	Approved
O1021493	Her2 D.T - 2024-03-29 - 4500000 - TRY - KARTAL DR.LÜTFİ KIRDAR ŞEHİR H (0061000545) - Turkey	Won	Approved
O1018188	TOKAT İSM_HK_2022_1338015	Completed	Reset
O1018188	TOKAT İSM_HK_2022_1338015	Completed	Approved
O1017565	KTÜ SISH_2022_792711_220816	Won	Approved
O1018514	BURTOM LABORATUVARI_CC_IM_ALTERNATİF 2_DC COBAS 6000_11122022	Approved	Approved
O1025465	VAN GÜVEN_CC_IM_28112025	Won	Cancelled
O1025465	VAN GÜVEN_CC_IM_28112025	Won	Approved
O1021453	İSTANBUL ÜNİVERSİTESİ ÇAPA_RTD_HC_2024_161283	Approved	Approved
O1027107	KOÜ DİGİTAL/ÖZGÜN - 2026-06-30 - 12000 EUR - ÖZGÜN KİMYEVİ MADDE TIBBİ MALZ (0061000040) Turkey	Won	Approved
O1025041	KTU_3 AYLIK PAZARLIK_ID_2025_1534653	Approved	Approved
O1025041	KTU_3 AYLIK PAZARLIK_ID_2025_1534653	Approved	Disapproved
O1025041	KTU_3 AYLIK PAZARLIK_ID_2025_1534653	Approved	Disapproved
O1022648	DIŞKAPI EAH_CC_IM_2024_1227808	Completed	Approved
O1022648	DIŞKAPI EAH_CC_IM_2024_1227808	Completed	Reset
O1018417	BOZYAKA EAH_RTD_ CISH PDL1_DT_29112022	Approved	Approved
O1022217	Guncel_1 Yıllık_Bursa PPP  İHK-HPV -EUR - ADA ANALİZ VE DANIŞMANLIK TİC. (0061005094) Turkey	Completed	Approved
O1022217	Guncel_1 Yıllık_Bursa PPP  İHK-HPV -EUR - ADA ANALİZ VE DANIŞMANLIK TİC. (0061005094) Turkey	Completed	Cancelled
O1024892	İZMİR İSM_8.GRUP_BGAS_2025_1235598	Approved	Approved
O1019784	ISPARTA SÜLEYMAN DEMİREL ÜNİVERSİTESİ_9.KISIM IM_2023_469521	Approved	Approved
O1024098	MERSİN ÜNV._IHK_2025_481359	Won	Cancelled
O1024098	MERSİN ÜNV._IHK_2025_481359	Won	Approved
O1021260	GİRESUN İSM_PREANALİTİK_2024_48982	Approved	Approved
O1021260	GİRESUN İSM_PREANALİTİK_2024_48982	Approved	Cancelled
O1019319	Kanuni EAH IHC DT - 2023-04-27 - 5040000 - TRY - TRABZON KANUNİ EĞT.VE ARŞ.HAST (0061000536) - Turkey	Won	Approved
O1024527	Clone of İSLAB 5_RMD_SANTRON_2025_739894	Approved	Approved
O1024527	Clone of İSLAB 5_RMD_SANTRON_2025_739894	Approved	Cancelled
O1017490	NUKLEUS GENETİK_RTD_29072022	Won	Approved
O1026617	MEDLINE_SWA_DC_10032026	Won	Approved
O1024831	GAZİ ÜNİVERSİTESİ_RTD_ANTİKOR_DT_19082025	Won	Approved
O1023104	QPCR NAP Tekklifimizz - 2024-12-02 - 10000 EUR - ERK DIAGNOSTIK OZEL SAGLIK HIZ (0061006093) Turkey	Won	Approved
O1024472	DNA LAB_RTD_CİHAZ KİRA_30062025	Approved	Approved
O1025483	IĞDIR İSM_BG_2025_1975183	Approved	Approved
O1025054	ERCİYES ÜNİ BAP 250 TEST - 2025-10-16 - 1500000 TRY - ERCİYES ÜNİVERSİTESİ DÖNER SER (0061000197) Turkey	Approved	Approved
O1018587	MALTEPE TIP MERKEZİ_CC_22122022	Completed	Approved
O1018587	MALTEPE TIP MERKEZİ_CC_22122022	Completed	Cancelled
O1025407	KTÜ_ID_RMD_2025_1736727	Approved	Disapproved
O1025407	KTÜ_ID_RMD_2025_1736727	Approved	Approved
O1025463	TORBALI DH_ID_2025_1928670	Approved	Approved
O1021309	AKDENİZ ÜNİVERSİTESİ_RMD_2024_71247	Approved	Cancelled
O1021309	AKDENİZ ÜNİVERSİTESİ_RMD_2024_71247	Approved	Approved
O1021309	AKDENİZ ÜNİVERSİTESİ_RMD_2024_71247	Approved	Cancelled
O1019820	GARANTTİ BANKASI_CC_12062023	Completed	Approved
O1027525	Clone of SELÇUK ÜNİV_Nucleus_Kapa hyper	Won	Approved
O1016786	SAMSUN ÖZEL HOSPİTALPARK HST_CC_IM_ID_211213	Won	Approved
O1026848	2026_662121_14.KISIM_COAG_İSLAB_4	In Progress	Cancelled
O1016822	ANKARA ÜNİVERSİTESİ_RTD_5.KISIM_HC_2022_235528	Won	Reset
O1016822	ANKARA ÜNİVERSİTESİ_RTD_5.KISIM_HC_2022_235528	Won	Cancelled
O1016822	ANKARA ÜNİVERSİTESİ_RTD_5.KISIM_HC_2022_235528	Won	Approved
O1018538	BUCA SEYFİ DEMİRSOY EAH_CC_IM_PAZARLIK_2022_1397937	Won	Approved
O1018538	BUCA SEYFİ DEMİRSOY EAH_CC_IM_PAZARLIK_2022_1397937	Won	Cancelled
O1027327	MERSİN YENİŞEHİR HASTANESİ_COAG_29062026	Cancelled	Approved
O1017041	Gazi Ünv ID_DT_2022 - 2022-06-01 - 20000 - TRY - GAZİ ÜNİVERSİTESİ TIP FAKÜLTES (0061000084) - Turkey	Won	Approved
O1023679	Clone of DÜZEN_SWA_2025	Won	Approved
O1025898	AHENK LABORATUVARI_PRE ANALİTİK_09012026	Approved	Approved
O1018385	2022_1116877_BATMAN İSM_2022_1116877_İHK_Medikal Değer	In Progress	Reset
O1027427	2026_1259069_SWA_MERSİN İSM_HALK SAĞLIĞI_RR	Approved	Approved
O1026133	Selçuk Üni DT 2 - 2026-03-05 - 120000 EUR - DETAY LAB. CİH. SAN. VE TİC. A (0061000026) Turkey	Won	Approved
O1021047	ENA Lab IM - 2024-02-29 - 300000 - EUR - DETAY LAB. CİH. SAN. VE TİC. A (0061000026) - Turkey	Completed	Approved
O1023606	AZ_LS_Cardiology_InvstCase_2025	Won	Disapproved
O1023606	AZ_LS_Cardiology_InvstCase_2025	Won	Approved
O1027625	Clone of Özel Karatekin Hastanesi_SWA_27042026_İLMED	Approved	Approved
O1027801	2026_1418685_6.KISIM_CC_IM_ANTALYA İSM_ŞEHİR HASTANESİ_v2	In Progress	Disapproved
O1020711	Clone of PD-L1 & Her2 ISH DT - 2023-11-20 - 12000000 - TRY - ÇUKUROVA ÜNİV. BALCALI TIP FAK (0061000548) - Turkey	Won	Approved
O1024353	MUĞLA HSM_SWA_2025_753318	Approved	Approved
O1024353	MUĞLA HSM_SWA_2025_753318	Approved	Disapproved
O1026076	2025_2486243_DİCLE ÜNİV_CC_IM	Approved	Approved
O1027654	ELİPS YEDİTEPE UNI LCPRO - 2026-10-31 - 396000 EUR - ELİPS SAĞLIK ÜRÜNLERİ İTH.VE İ (0061000064) Turkey	Approved	Approved
O1025023	BALIKESİR ATATURK DH_RTD_PDL1_2025_1364870	Won	Approved
O1025130	DETAY LAB 1 KALEM - 2025-10-30 - 500000 TRY - DETAY LAB. CİH. SAN. VE TİC. A (0061000026) Turkey	Approved	Approved
O1025785	MALATYA İSM_ID_REV2_CİHAZ SATIŞ_2025_1955668	Won	Approved
O1023568	MERSİN ÜNİ 1600 TEST ANT - 2025-02-06 - 13000000 TRY - MERSİN ÜNİVERSİTESİ REKTÖRLÜĞÜ (0061004230) Turkey	Approved	Approved
O1021233	TAVŞANLI DH_ID_DT_31012024	Won	Approved
O1020719	Medikalpoint_KOAG - 2024-01-01 - 2000000 - TRY - GÜNEY TIP TIBBİ CİH.KİM.MADD.L (0061000029) - Turkey	Approved	Approved
O1024995	SİVAS İSM_IHC_2025_1317613	Approved	Approved
O1016857	ANKARA ÜNİVERSİTESİ_2.KISIM_IFM_2022_235528	Won	Approved
O1022233	Denge ve Bulgu Lab. SWA - 2024-10-31 - 500000 EUR - ORSİS MED.ELEK. BİLG.VE İLET.S (0061000452) Turkey	In Progress	Reset
O1022233	Denge ve Bulgu Lab. SWA - 2024-10-31 - 500000 EUR - ORSİS MED.ELEK. BİLG.VE İLET.S (0061000452) Turkey	In Progress	Cancelled
O1022233	Denge ve Bulgu Lab. SWA - 2024-10-31 - 500000 EUR - ORSİS MED.ELEK. BİLG.VE İLET.S (0061000452) Turkey	In Progress	Reset
O1024072	Clone of ANTEP PPP_IHK_Cihaz satış - 2025-06-02 - 280000 EUR - RÖNESANS İŞLETME HİZMETLERİ DA (0061005230) Turkey	Approved	Reset
O1016892	İSTANBUL ÜNİVERSİTESİ_ÇAPA_SPESIFIK IM_2022_280243	Completed	Approved
O1022781	İSTANBUL ÜNİVERSİTESİ ÇAPA_SWA PAZARLIK_2024_1405375	Completed	Approved
O1027701	TM_Balkan BB_NAT (IDT)	Approved	Disapproved
O1027701	TM_Balkan BB_NAT (IDT)	Approved	Approved
O1020372	Gazi Ünv_HPV DT - 2024-02-29 - 392000 - TRY - GAZİ ÜNİVERSİTESİ TIP FAKÜLTES (0061000084) - Turkey	Won	Approved
O1022551	BALIKESİR İSM_RTD_2024_1078223	Approved	Approved
O1017316	HACETTEPE ÜNV_ID_2022_577052	Approved	Approved
O1018225	Lokman Hekim ALAB - 2023-02-28 - 17500000 - TRY - LOKMAN HEKİM AKAY TIBBİ HİZ.Tİ (0061004603) - Turkey	Completed	Cancelled
O1018225	Lokman Hekim ALAB - 2023-02-28 - 17500000 - TRY - LOKMAN HEKİM AKAY TIBBİ HİZ.Tİ (0061004603) - Turkey	Completed	Approved
O1018225	Lokman Hekim ALAB - 2023-02-28 - 17500000 - TRY - LOKMAN HEKİM AKAY TIBBİ HİZ.Tİ (0061004603) - Turkey	Completed	Disapproved
O1018225	Lokman Hekim ALAB - 2023-02-28 - 17500000 - TRY - LOKMAN HEKİM AKAY TIBBİ HİZ.Tİ (0061004603) - Turkey	Completed	Cancelled
O1022437	Güleç_LAB_2024 - 2024-10-01 - 35000 EUR - GÜNEY TIP TIBBİ CİH.KİM.MADD.L (0061000029) Turkey	Approved	Approved
O1019891	ANKARA ÜNİVERSİTESİ_RTD_IFA_2023_621192	Completed	Approved
O1017158	KAHRAMANMARAŞ ISM_ID_DT_220531	Completed	Reset
O1017158	KAHRAMANMARAŞ ISM_ID_DT_220531	Completed	Approved
O1024965	MERSİN ÜNİ DT 2650 DAB - 2025-10-09 - 10000000 TRY - MERSİN ÜNİVERSİTESİ REKTÖRLÜĞÜ (0061004230) Turkey	Won	Approved
O1025923	Clone of K.MARAŞ İSM_HS_13.KISIM_ID_2025_2438204	Won	Approved
O1024144	BİLECİK EAH_RTD_IHC_2025_512375	Approved	Approved
O1026363	YAKIN DOĞU ÜNİVERSİTESİ_SWA_16032026	Approved	Approved
O1016723	TEST - 2022-06-30 - 1000000 - TRY - T.C. SAĞLIK BAKANLIĞI ANKARA E (0061000100) - Turkey	In Progress	Cancelled
O1026737	2026_662121_13.KISIM_İSLAB_3_COAG	In Progress	Cancelled
O1025679	AYDIN ÜNİVERSİTESİ_CC_IM_08012026	Won	Approved
O1026999	Medikalpoint_ek_402 - 2026-06-01 - 20000 EUR - GÜNEY TIP TIBBİ CİH.KİM.MADD.L (0061000029) Turkey	Won	Approved
O1018458	AFYON KOCATEPE ÜNİVERSİTESİ_ID_DT_05122022	Won	Approved
O1024654	İZMİR İSM_7.KISIM_BGAS_2025_896673	Approved	Approved
O1027482	ERK DİA-ADANA GIDA KONTR - 2026-09-29 - 1000000 TRY - ERK DIAGNOSTIK OZEL SAGLIK HIZ (0061006093) Turkey	Won	Approved
O1020888	ILGAZ DH_IM_PAZARLIK	Completed	Approved
O1020888	ILGAZ DH_IM_PAZARLIK	Completed	Reset
O1018721	ÖZEL BURSA SYNEVO_CC_IM_09012023	Approved	Approved
O1021855	Clone of GAZİ ÜNİVERSİTESİ_RTD_DT 16 KALEM_20052024	Approved	Approved
O1026753	2026_662121_5.KISIM_SWA_MD_İSLAB_5	In Progress	Started
O1025012	Antalya Yaşam Hast._SWA_19092025	Approved	Approved
O1025012	Antalya Yaşam Hast._SWA_19092025	Approved	Cancelled
O1017886	KARAMAN İSM_CC_2022_925108	Approved	Disapproved
O1017886	KARAMAN İSM_CC_2022_925108	Approved	Approved
O1025058	KARS İSM_PAZARLIK_IM_2025_1539880	Won	Approved
O1021199	QPCR Teklifimiz - 2024-02-09 - 20000 - TRY - LİFE BİOTEK MEDİKAL BİL TEK MO (0061005712) - Turkey	Won	Approved
O1021182	EDİRNE İSM_RTD_IHC_2024_35928	In Progress	Cancelled
O1016959	EREĞLİ ECHOMAR_CC_22042022	Won	Approved
O1022544	GİRESUN HSL_CC_IM_COAG_ PAZARLIK_2024_1202263	Won	Approved
O1026042	2025_2331872_SAMSUN HSL_SWA_PAZARLIK	Won	Approved
O1019957	SAMSUN İSM İLÇE_ COAG_2023_605815	Approved	Approved
O1020593	AFYON SAĞLIK BİLİMLERİ ÜNİVERSİTESİ_BAP ALIMI_ANTİ-TG_23102023	Approved	Approved
O1022992	SÜLEYMAN DEMİREL ÜNİVERSİTESİ_ID_2024_1423211	Completed	Disapproved
O1022992	SÜLEYMAN DEMİREL ÜNİVERSİTESİ_ID_2024_1423211	Completed	Cancelled
O1022992	SÜLEYMAN DEMİREL ÜNİVERSİTESİ_ID_2024_1423211	Completed	Approved
O1023831	DİCLE ÜNV Hematoloji PCR - 2025-03-28 - 400000 TRY - DİYAR-MED SAĞLIK ÜRÜNLERİ SAN. (0061000054) Turkey	Won	Reset
O1023831	DİCLE ÜNV Hematoloji PCR - 2025-03-28 - 400000 TRY - DİYAR-MED SAĞLIK ÜRÜNLERİ SAN. (0061000054) Turkey	Won	Approved
O1017735	Clone of YALOVA İSM_DEVLET HASTANESİ ACİL LAB_CC_IM_2022_802276	Won	Approved
O1026058	TEKİRDAĞ STAR MEDİCA - 2026-04-03 - 120000 EUR - ALGEN TIBBİ ÜRÜNLER VE SAĞLIK  (0061000032) Turkey	Approved	Approved
O1020920	SELÇUK ÜNV_HBA1C_2023	Approved	Approved
O1022991	SÜLEYMAN DEMİREL ÜNİVERSİTESİ_RMD_2024_1423211	Won	Approved
O1020757	AMERİKAN HASTANESİ_GLUKOMETRE_16112023	Completed	Disapproved
O1020757	AMERİKAN HASTANESİ_GLUKOMETRE_16112023	Completed	Approved
O1024448	KZ_OPENHEALTHCARE_Cprox2+_2025	Approved	Reset
O1024448	KZ_OPENHEALTHCARE_Cprox2+_2025	Approved	Approved
O1024448	KZ_OPENHEALTHCARE_Cprox2+_2025	Approved	Cancelled
O1024448	KZ_OPENHEALTHCARE_Cprox2+_2025	Approved	Reset
O1027834	AÜ Doğrudan Alım4 -2026.08.31 TRY - ANKARA ÜNİVERSİTESİ SAĞL UYG A (0061000126) Turkey	Won	Approved
O1016893	genmark	In Progress	Initial
O1024918	AYDIN İSM_CC_PREANALİTİK_2025_1220634	Approved	Approved
O1023891	29 MAYIS HASTANESİ_DT_20032025	Won	Approved
O1026948	2026_595740_Şanlıurfa_Şehir_Hastanesi_Vitrotek	Approved	Approved
O1023484	ULUDAĞ ÜNİVERSİTESİ_RTD_ DT MEDİKAL D._23012025	Won	Approved
O1026699	AYDIN DH 2026-521 DT alım - 2026-04-30 - 803420 TRY - AYDIN DEVLET HASTANESİ (0061003824) Turkey	Won	Approved
O1026389	ISPARTA SÜLEYMAN DEMİREL ÜNİ_COAG_DC_2026_190999	Approved	Approved
O1023799	KONYA İSM_İLÇELER_IM_ID_2025/214337	Approved	Approved
O1017115	19 Mayıs FITC DT - 2022-06-24 - 0 - TRY - ONDOKUZ MAYIS ÜNV. SAĞ.UYG.ARŞ (0061000540) - Turkey	Won	Approved
O1021489	9 AYLIK IMPERIAL SWA - 2024-05-31 - 160000 - EUR - ANADOLU ÖZEL SAĞLIK OTO.TUR.VE (0061000516) - Turkey	Completed	Approved
O1016845	RTU Antikor Alımı - 2022-05-09 - 300000 - TRY - FIRAT UNV HAST PATOLOJİ LAB (0061003865) - Turkey	Completed	Approved
O1018234	AYDIN DH_RTD_IHC_REVİZE_2022_1035441	Completed	Approved
O1018698	KİLİS İSM_ID_2022_1021895	Approved	Cancelled
O1018698	KİLİS İSM_ID_2022_1021895	Approved	Approved
O1019689	HACETTEPE ÜNV_SWA_2023_394097	Approved	Approved
O1021368	QPCR  Tübitak - 2024-03-10 - 150000 - TRY - LİFE BİOTEK MEDİKAL BİL TEK MO (0061005712) - Turkey	Won	Approved
O1017422	MERSİN İSM İLÇELER_UR_2022_651779	Approved	Approved
O1023135	ACIBADEM_RTD_16122024	Won	Disapproved
O1023135	ACIBADEM_RTD_16122024	Won	Reset
O1023135	ACIBADEM_RTD_16122024	Won	Approved
O1027126	Maras_life - 2026-08-01 - 200000 EUR - DETAY LAB. CİH. SAN. VE TİC. A (0061000026) Turkey	Approved	Approved
O1026318	ÖZEL 7M HASTANESİ_SWA_16032026	Won	Approved
O1026233	Türkiye Hastanesi - cobas pro	Approved	Approved
O1021811	Clone of AKSARAY İSM_CC_IM_2024_464991	Approved	Approved
O1017943	MAVİ LABORATUVARI_CC_04102022	Approved	Approved
O1027742	432_2026_SP IM_KKTC SAĞLIK BAKANLIĞI	Approved	Approved
O1023302	KOCAELİ ÜNİVERSİTESİ_RTD_IHC_DT_30122024	Approved	Approved
O1017186	<KG>_<Gemotest>_<2022>	Completed	Reset
O1017186	<KG>_<Gemotest>_<2022>	Completed	Reset
O1017186	<KG>_<Gemotest>_<2022>	Completed	Cancelled
O1017186	<KG>_<Gemotest>_<2022>	Completed	Approved
O1026897	AK HAYAT_2026_662121_3.KISIM_İSLAB_2_RMD	Approved	Approved
O1022492	GİRESUN İSM_KD_PAZARLIK_CC_IM_2024_1163490	Completed	Approved
O1019469	ÇANAKKALE DH_CC_2023_343560	Approved	Approved
O1021225	BİLECİK İSM_UR_2024_28627	Approved	Approved
O1019371	Clone of GAZİ ÜNİVERSİTESİ_RTD_EBER DT_23032023	Approved	Approved
O1024288	19 MAYIS ÜNİVERSİTESİ_2025_733886	Cancelled	Approved
O1022589	Tekirdağ PPP Ek Cihaz - 2024-10-31 - 235000 EUR - ÖZGÜN KİMYEVİ MADDE TIBBİ MALZ (0061000040) Turkey	Completed	Approved
O1022114	Clone of TARSUS DH_CC_IM_ID_UR_COAG_2024_815831	Won	Approved
O1023779	PAMUKKALE ÜNİVERSİTESİ_EBV_DT_04032025	Won	Approved
O1017783	LÖSEV HASTANESİ_RTD_15092022	Won	Approved
O1017783	LÖSEV HASTANESİ_RTD_15092022	Won	Cancelled
O1017783	LÖSEV HASTANESİ_RTD_15092022	Won	Disapproved
O1024933	OKMEYDANI EAH_RTD_İHK_2025_1211927	Approved	Approved
O1026731	2026_3 DIACORE EGEPAT - 2026-06-30 - 90000 EUR - DİACORE DİAGNOSTİK SİSTEMLER A (0061006157) Turkey	Approved	Reset
O1022966	YALOVA İSM_ 5.KISIM_ID_2024_1473049	Approved	Cancelled
O1022966	YALOVA İSM_ 5.KISIM_ID_2024_1473049	Approved	Approved
O1022966	YALOVA İSM_ 5.KISIM_ID_2024_1473049	Approved	Cancelled
O1022966	YALOVA İSM_ 5.KISIM_ID_2024_1473049	Approved	Disapproved
O1021740	EPİFARMA RTD_KAPA HİF_08052024	Completed	Approved
O1017956	ANTALYA ATATÜRK DH_RTD_DT_06102022	Won	Approved
O1017217	ÇUKUROVA ÜNV_BG_2022_494695	Approved	Approved
O1017217	ÇUKUROVA ÜNV_BG_2022_494695	Approved	Disapproved
O1022395	BALIKESİR ÜNİVERSİTESİ_CC_IM_ALTERNATİF 1_2024_1017479	Approved	Cancelled
O1022395	BALIKESİR ÜNİVERSİTESİ_CC_IM_ALTERNATİF 1_2024_1017479	Approved	Cancelled
O1022395	BALIKESİR ÜNİVERSİTESİ_CC_IM_ALTERNATİF 1_2024_1017479	Approved	Approved
O1022395	BALIKESİR ÜNİVERSİTESİ_CC_IM_ALTERNATİF 1_2024_1017479	Approved	Disapproved
O1022395	BALIKESİR ÜNİVERSİTESİ_CC_IM_ALTERNATİF 1_2024_1017479	Approved	Cancelled
O1017979	Dicle Ünv RTUAntikor - 2022-11-28 - 3000000 - TRY - DİCLE UNV TIP (0061002450) - Turkey	Completed	Approved
O1023551	Özel Güven İdrar Stribi - 2025-02-28 - 12000 EUR - DETAY LAB. CİH. SAN. VE TİC. A (0061000026) Turkey	Won	Disapproved
O1023551	Özel Güven İdrar Stribi - 2025-02-28 - 12000 EUR - DETAY LAB. CİH. SAN. VE TİC. A (0061000026) Turkey	Won	Approved
O1026844	TUZLALI LABORATUVARI_RTD_2026 ANLAŞMASI_05052026	Won	Approved
O1025456	Clone of BİRUNİ ÜNİVERSİTESİ_CC_IM_21102025	Approved	Approved
O1027942	TRAKYA ÜNİV_DT_DAB_22092026	Approved	Approved
O1020270	BANDIRMA ROYAL HASTANESİ_UR_COMBUR_01092023	Completed	Approved
O1023382	EDİRNE İSM_RTD_IHC_2024_1801941	Approved	Cancelled
O1023382	EDİRNE İSM_RTD_IHC_2024_1801941	Approved	Approved
O1027369	2026_1194361_ANKARA ÜNV_SPESİFİK IM	Approved	Approved
O1027369	2026_1194361_ANKARA ÜNV_SPESİFİK IM	Approved	Disapproved
O1026123	GOP SWA DT_1 2026_02_12	Won	Approved
O1018381	GAZİ ÜNİVERSİTESİ BAP ALIMI_RTD_DAB KİTİ_23112022	Completed	Approved
O1026370	2026_364053 SİİRT EAH_IHC	Won	Approved
O1024602	Clone of BEZMİ ALEM VAKIF ÜNİVERSİTESİ_RTD_07072025	Approved	Approved
O1024602	Clone of BEZMİ ALEM VAKIF ÜNİVERSİTESİ_RTD_07072025	Approved	Disapproved
O1027680	2026_1412344 ŞANLIURFA İSM_CC_IM-KİRA	Approved	Approved
O1021364	EGE ÜNİVERSİTESİ_RTD_ISH_2024_84622	Completed	Disapproved
O1021364	EGE ÜNİVERSİTESİ_RTD_ISH_2024_84622	Completed	Approved
O1016856	D.T. Samsun_PCR - 2022-04-18 - 1500000 - TRY - SAMSUN EĞT. VE ARŞ. HAST. (0061000549) - Turkey	Completed	Approved
O1016856	D.T. Samsun_PCR - 2022-04-18 - 1500000 - TRY - SAMSUN EĞT. VE ARŞ. HAST. (0061000549) - Turkey	Completed	Reset
O1023001	KARTAL LÜTFİ KIRDAR_DT FITC ANTİKOR_20112024	Completed	Approved
O1024388	MN_Military_pure	In Progress	Disapproved
O1024388	MN_Military_pure	In Progress	Reset
O1026589	2026_491883_8.KISIM_CC_ISPARTA ISM İLÇELER	Approved	Approved
O1018941	ANKARA ÜNV_PAZARLIK_SP IM_2023_121254	Won	Approved
O1020611	SELÇUK ÜNİVERSİTESİ_GENETİK_2023_1051637	Approved	Approved
O1027508	YEDİTEPE ÜNİVERSİTESİ_CİHAZ SATIŞ_PRO_29072026	Approved	Approved
O1027558	2026_1401297_BGAS_HATAY İSM	Approved	Approved
O1027213	Ankara Üniv_DT_Hepatoloji_22062026	Won	Approved
O1022869	ANTALYA EAH_RTD_ONKOLOJİ_PAZARLIK_2024_148046	Completed	Approved
O1021596	SUAT SEREN HASTANESİ_RTD_IHC_NİSAN DT_02042024	Won	Approved
O1021596	SUAT SEREN HASTANESİ_RTD_IHC_NİSAN DT_02042024	Won	Disapproved
O1021426	KÜTAHYA İSM_ID_PAZARLIK_2024_120217	Completed	Cancelled
O1021426	KÜTAHYA İSM_ID_PAZARLIK_2024_120217	Completed	Approved
O1025866	Adana Güzelyalı - 2026-02-04 - 100000 EUR - DETAY LAB. CİH. SAN. VE TİC. A (0061000026) Turkey	Won	Disapproved
O1025866	Adana Güzelyalı - 2026-02-04 - 100000 EUR - DETAY LAB. CİH. SAN. VE TİC. A (0061000026) Turkey	Won	Approved
O1022263	BURSA İSM_RTD_IHC_2024_923745	Approved	Approved
O1025240	Clone of ASTELLAS BİOS_IHK_26092025	Approved	Approved
O1022958	BAYINDIR_RTD_IHK_15112024	Approved	Approved
O1018250	OTA JİNEMED_CC_08112022	Completed	Approved
O1027805	2026_1418685_7.KISIM_CC_IM_ANTALYA İSM_ALANYA_KEPEZ DH_v2	In Progress	Disapproved
O1026541	EPİFARMA NEW 2026 - 2027-03-16 - 1009900 EUR - EPİFARMA LABORATUVAR ÜRÜNLERİ  (0061004345) Turkey	Won	Approved
O1016924	ANKARA ÜNİVERSİTESİ_RTD_ÖZEL CLON_19042022	Completed	Approved
O1017765	Ankara HS Cihaz Kira - 2022-10-31 - 500000 - TRY - DİYARMED SAĞLIK ÜR.SAN.TİC.A.Ş (0061005622) - Turkey	Won	Approved
O1020216	ÇAMLIK HASTANESİ_CC_IM_23082023	Approved	Approved
O1018361	İZMİR İSM_CC_IM_14.KISIM_BOZYAKA 8 AY REVİZE_2022_952564	Approved	Cancelled
O1018361	İZMİR İSM_CC_IM_14.KISIM_BOZYAKA 8 AY REVİZE_2022_952564	Approved	Approved
O1019598	ZETA 1 LABORATUVARI_CC	Approved	Approved
O1018606	Clone of ESKİŞEHİR OSMANGAZİ ÜNİVERSİTESİ_CC_IM_2022_1414726	Approved	Approved
O1016980	Clone of ÇANAKKALE ONSEKİZ MART ÜNİVERSİTESİ_SWA_DT_01042022	Won	Approved
O1020785	ESKİŞEHİR İSM_CC_IM_2023_1179185	Completed	Cancelled
O1020785	ESKİŞEHİR İSM_CC_IM_2023_1179185	Completed	Approved
O1020867	KÜTAHYA ANADOLU HASTANESİ_CC_IM_ID_11122023	Completed	Approved
O1020170	ZETA LAB IM - 2023-09-30 - 40000 - EUR - ZETA 1 LABORATUVAR HİZM. SAN.  (0061005323) - Turkey	Approved	Approved
O1016987	AHENK LAB._E411_C501 KİRASI_26042022	Won	Approved
O1021184	REFERANS LABORATUVARI_CC_IM_rev_24012024	Completed	Approved
O1027426	2026_1086127 DİYARBAKIR HS_CC_IM-KİRA	Approved	Approved
O1017424	KARAMAN İSM_ID_2022_676493	Approved	Approved
O1020795	ZONGULDAK ATATÜRK DH_ID_CARD_PAZARLIK_2023_1319695	Won	Approved
O1025309	Clone of Antalya Yaşam Hast._SWA_19092025	Approved	Approved
O1018236	Düzen P612 Kira - 2022-12-31 - 325000 - TRY - DÜZEN BİYOLOJİK BİLİMLER ARAŞT (0061000024) - Turkey	Won	Approved
O1020162	DÜZCE ÜNİVERSİTESİ_RTD_ IHC_2023_605762	Completed	Approved
O1022895	Clone of Denge ve Bulgu Lab. SWA - 2024-10-31 - 500000 EUR - ORSİS MED.ELEK. BİLG.VE İLET.S (0061000452) Turkey	Completed	Approved
O1018210	YDA PPP GENETİK_Satış - 2022-12-01 - 2000000 - TRY - NUKLEUS SAĞLIK ÜRÜNLERİ TANI H (0061000175) - Turkey	In Progress	Started
O1017375	SURKENT_CC_IM_ID_220708	Won	Approved
O1027452	ATLAS MEDİCİNE HASTANESİ_SWA_18062026	Approved	Disapproved
O1027452	ATLAS MEDİCİNE HASTANESİ_SWA_18062026	Approved	Approved
O1024906	İZMİR İSM._15.KISIM_AUTOUR_2025_1235598	Approved	Approved
O1027335	2026_1251507_SWA_BURSA HSL_PAZARLIK	Won	Approved
O1025024	ULUDAĞ ÜNİVERSİTESİ_MULTIPLATE_2025_1295259	Approved	Approved
O1025024	ULUDAĞ ÜNİVERSİTESİ_MULTIPLATE_2025_1295259	Approved	Cancelled
O1027328	ÖZEL AKROPOL HAS_IM_08072026	Approved	Approved
O1020621	ORDU ISM_GLU_2023_1036107	Completed	Reset
O1020621	ORDU ISM_GLU_2023_1036107	Completed	Approved
O1022161	ERDEMLİ DH_ID_2024_835303	Completed	Approved
O1022161	ERDEMLİ DH_ID_2024_835303	Completed	Disapproved
O1019296	VM MedicalPark IHC Ab Hariç	Approved	Approved
O1016796	Özel Bingöl Hastanes - 2022-04-12 - 0 - TRY - DİYAR-MED SAĞLIK ÜRÜNLERİ San. (ACC-0004052772) - Turkey	Completed	Started
O1020175	GAZİ ÜNİVERSİTESİ_RTD_SISH_4.KISIM_2023_764923	Completed	Approved
O1018090	DNA LABORATUVARI_Z480 KİRA_20102022	Approved	Approved
O1026003	SİVAS İSM 2026 CİHAZ - 2026-01-31 - 0 TRY - DETAY LAB. CİH. SAN. VE TİC. A (0061000026) Turkey	Won	Approved
O1023022	ALANYA DH_ID_PAZARLIK_2024_1536253	Won	Approved
O1027671	K.Maraş_HSM_DT - 2026-09-01 - 1000000 TRY - KAHRAMANMARAŞ İL SAĞLIK MÜDÜRL (0061005604) Turkey	Cancelled	Approved
O1026070	2026_78178 ÇANAKKALE İSM_IHC	Approved	Approved
O1024595	MERSİN ÜNİ 2650 DAB DT - 2025-07-30 - 10000000 TRY - MERSİN ÜNİVERSİTESİ REKTÖRLÜĞÜ (0061004230) Turkey	Won	Cancelled
O1024595	MERSİN ÜNİ 2650 DAB DT - 2025-07-30 - 10000000 TRY - MERSİN ÜNİVERSİTESİ REKTÖRLÜĞÜ (0061004230) Turkey	Won	Approved
O1023927	Clone of MOZAİK HASTANESİ_UR	Won	Approved
O1019932	MEDIAN DAVRAZ HASTANESİ_IM_ID_11072023	Approved	Approved
O1019932	MEDIAN DAVRAZ HASTANESİ_IM_ID_11072023	Approved	Cancelled
O1019932	MEDIAN DAVRAZ HASTANESİ_IM_ID_11072023	Approved	Reset
O1026814	2026_662121_MULTİPLATE_İSLAB-1	In Progress	Cancelled
O1026814	2026_662121_MULTİPLATE_İSLAB-1	In Progress	Cancelled
O1027915	KARTAL EAH 2026 HC_2 - 2026-10-31 - 12000000 TRY - KARTAL DR.LÜTFİ KIRDAR ŞEHİR H (0061000545) Turkey	Approved	Approved
O1019506	ERCİYES ÜNİVERSİTESİ_RTD_EBER_30.KISIM_2023_321746	Approved	Approved
O1022018	ESPİYE DH_CC_IM_2024_791706	Won	Reset
O1022018	ESPİYE DH_CC_IM_2024_791706	Won	Approved
O1019006	Clone of YAPI KREDİ BANKASI_CC_IM_26012023	In Progress	Disapproved
O1016870	AZ_LS_300K_PCR_2022 - 2022-05-16 - 3300000 - EUR - Labservis Ltd. (0061000004) - Azerbaijan	Approved	Cancelled
O1016870	AZ_LS_300K_PCR_2022 - 2022-05-16 - 3300000 - EUR - Labservis Ltd. (0061000004) - Azerbaijan	Approved	Approved
O1017402	ULUDAĞ ÜNİVERSİTESİ_GLUCOMETRE_DT_06072022	Won	Approved
O1024415	Clone of YÖNTEM LABORATUVARI_CC_IM_04042025	Won	Approved
O1018399	UŞAK İSM_CC_IM_ID_202_1140589	Approved	Approved
O1017119	KTÜ DT 2 AYLIK 26522 - 2022-07-29 - 1068102 - TRY - KARADENİZ TEKNİK ÜNV. SAĞ. UYG (0061000375) - Turkey	Won	Approved
O1021130	İZMİR TEPECİK EAH_RMD VİROLOJİ_2023_1555831	Completed	Approved
O1025863	KANUNİ EAH_RTD_Her2_Chr17_DT_08012026	Won	Approved
O1018666	Clone of EGE ÜNİVERSİTESİ_GENETİK_NGS_2022_964067	Completed	Approved
O1018019	REYAP HASTANELERİ_CORLU ESENYURT_CC_IM_ID_14102022	Approved	Cancelled
O1018019	REYAP HASTANELERİ_CORLU ESENYURT_CC_IM_ID_14102022	Approved	Disapproved
O1018019	REYAP HASTANELERİ_CORLU ESENYURT_CC_IM_ID_14102022	Approved	Cancelled
O1018019	REYAP HASTANELERİ_CORLU ESENYURT_CC_IM_ID_14102022	Approved	Approved
O1027415	KOÇ_PATOLOJİ_EK CİHAZ KİRA_20072026	Approved	Approved
O1018539	SERİK AKSEKİ GÜNDOĞMUŞ DH_IM_ID_PAZARLIK_2022_1405339	Approved	Approved
O1027796	ERK DİA-ATA DİA ANTİKOR - 2026-11-05 - 20000000 TRY - ERK DIAGNOSTIK OZEL SAGLIK HIZ (0061006093) Turkey	Approved	Approved
O1017082	İSLAB 1_KARTAL KOŞUYOLU EAH_E411 CİHAZ KİRASI_23052022	Won	Approved
O1023180	IMC HST_SWA	Completed	Approved
O1027649	Clone of NASMED_EGEPOL HST. - 2026-07-31 - 500000 EUR - NUKLEUS SAĞLIK HİZMETLERİ A.Ş. (0061000175) Turkey	Approved	Approved
O1022645	Merck Kocaeli Ünv. PD-L1 - 2024-10-25 - 24000 EUR - MERCK İLAÇ ECZA KİMYA TİC.AŞ. (0061000276) Turkey	Won	Approved
O1019324	ÇİĞLİ DH_RTD ISH_DT_27032023	Won	Approved
O1019324	ÇİĞLİ DH_RTD ISH_DT_27032023	Won	Cancelled
O1026268	2026_221567 AFYON DH_VİROLOJİ	Approved	Approved
O1025972	ÖZEL DORUK HAST. CC+IM - 2026-03-15 - 150000 EUR - DEVA KİMYA SANAYİ VE TİCARET L (0061000074) Turkey	Won	Approved
O1025421	Medisun SWA_2026 - 2025-12-31 - 200000 EUR - ORT-HOS SAĞLIK HİZMETLERİ TİC. (0061004610) Turkey	Won	Approved
O1025566	Denge ve Bulgu Lab_SWA_03122025	Won	Approved
O1016947	KTÜ 2022 DT ELİZA - 2022-04-29 - 1800000 - TRY - KARADENİZ TEKNİK ÜNV. SAĞ. UYG (0061000375) - Turkey	Won	Approved
O1017776	KEMER DH_IM_PAZARLIK_2022_940837	Won	Approved
O1025376	ADNAN MENDERES ÜNV_IHC_2025_1691032	Approved	Approved
O1022704	GÜVEN HASTANESİ_RTD_10102024	Won	Approved
O1026337	ISPARTA SÜLEYMAN DEMİREL ÜNİ_7.KISIM_IM_2026_190999	Approved	Approved
O1024365	ILGAZ DH_IM_2025_748473	Won	Approved
O1017900	ANTALYA EAH_RTD_HC_PAZARLIK_2022_1000721	Won	Approved
O1018120	AFYON KOCATEPE ÜNİVERSİTESİ_CC_IM_2022_1196934	Won	Approved
O1024149	Clone of ANTALYA EAH_RTD_2.KISIM IHC_2025_593941	Approved	Approved
O1026758	ATATÜRK ŞH. D.TEMİN - 2026-05-15 - 300000 EUR - DEVA KİMYA SANAYİ VE TİCARET L (0061000074) Turkey	Approved	Disapproved
O1026758	ATATÜRK ŞH. D.TEMİN - 2026-05-15 - 300000 EUR - DEVA KİMYA SANAYİ VE TİCARET L (0061000074) Turkey	Approved	Approved
O1018181	KOCAELİ BELEDİYESİ_IM_ID_20012023	Approved	Approved
O1026761	Clone of FLORA LAB_IM_09032026	In Progress	Disapproved
O1018356	YILDIRIM BEYAZIT ÜNİVERSİTESİ_RTD_IHC_2022_1204207	Won	Disapproved
O1018356	YILDIRIM BEYAZIT ÜNİVERSİTESİ_RTD_IHC_2022_1204207	Won	Cancelled
O1018356	YILDIRIM BEYAZIT ÜNİVERSİTESİ_RTD_IHC_2022_1204207	Won	Approved
O1025751	ZONGULDAK ATATÜRK DH_6.KISIM_ID_CARD_PAZARLIK_2025_2401965	Won	Approved
O1025751	ZONGULDAK ATATÜRK DH_6.KISIM_ID_CARD_PAZARLIK_2025_2401965	Won	Cancelled
O1019977	ADANA İSM_CC_IM_2023_613827	Approved	Approved
O1020968	MEDIHOUSE TM_CC_IM_25122023	Completed	Approved
O1017578	REYHANLI AMERİKAN HASY-TANESİ_CC_IM_22072022	Won	Cancelled
O1017578	REYHANLI AMERİKAN HASY-TANESİ_CC_IM_22072022	Won	Approved
O1017578	REYHANLI AMERİKAN HASY-TANESİ_CC_IM_22072022	Won	Disapproved
O1019253	Toros Selime Coag - 2023-05-23 - 400000 - TRY - DETAY LAB. CİH. SAN. VE TİC. A (0061000026) - Turkey	Approved	Approved
O1022448	Clone of BİRİM LAB_CİHAZ KİRASI_27082024	Won	Approved
O1026750	ACIBADEM MOLEKÜLER_2_24042026	Approved	Approved
O1026044	PATHERN LABORATUVARI_IHC	Cancelled	Cancelled
O1026044	PATHERN LABORATUVARI_IHC	Cancelled	Approved
O1022915	SEYHAN DH_IHK_2024_1431542	Approved	Approved
O1018954	DICLE UNV_IHK_ANTIKOR_2023_110753	Approved	Approved
O1019370	Yakın Doğu Patoloji - 2023-07-11 - 500000 - TRY - YAKINDOĞU UNV LEFKOŞA (0061002600) - Cyprus	Completed	Approved
O1019370	Yakın Doğu Patoloji - 2023-07-11 - 500000 - TRY - YAKINDOĞU UNV LEFKOŞA (0061002600) - Cyprus	Completed	Reset
O1027098	LETGEN - DOLLVET - 2026-07-23 - 5000000 TRY - LETGEN BİYOTEKNOLOJİ LABORATUV (0061005075) Turkey	Won	Approved
O1023536	MALATYA İNÖNÜ ÜNV_SPESİFİK IM_2024_1886107	Won	Disapproved
O1023536	MALATYA İNÖNÜ ÜNV_SPESİFİK IM_2024_1886107	Won	Approved
O1024154	Clone of TRAKYA ÜNİVERSİTESİ_COAG_2025_515433	Approved	Approved
O1027745	DİACORE Pro c503 Kira - 2026-09-15 - 26400 EUR - DİACORE DİAGNOSTİK SİSTEMLER A (0061006157) Turkey	Approved	Approved
O1023444	Clone of CENTRO LABORATUVARLARI_SWA_ALTERNATİF 2_MEVCUT CİHAZLAR_18122024	Completed	Disapproved
O1023444	Clone of CENTRO LABORATUVARLARI_SWA_ALTERNATİF 2_MEVCUT CİHAZLAR_18122024	Completed	Approved
O1024952	KAHRAMANMARAŞ İSM_ID_PAZARLIK_2025_1172976	Won	Approved
O1024952	KAHRAMANMARAŞ İSM_ID_PAZARLIK_2025_1172976	Won	Disapproved
O1022096	Clone of BURDUR İSM_ID_2024_762716	Approved	Approved
O1017845	KOCAELİ İSM_İHK_2022_933465	Approved	Approved
O1026041	2026_134215_SİNOP İSM_ID_PAZARLIK	Approved	Approved
O1026041	2026_134215_SİNOP İSM_ID_PAZARLIK	Approved	Cancelled
O1026041	2026_134215_SİNOP İSM_ID_PAZARLIK	Approved	Disapproved
O1022755	İSTANBUL ÜNİVERSİTESİ CERRAHPAŞA_DT EBET_17102024	In Progress	Disapproved
O1022996	KONYA SELÇUK ÜNİVERSİTESİ_RTD_SEQ_2024_1405386	Approved	Approved
O1027431	2026_1259069_SWA_MERSİN İSM_HALK SAĞLIĞI_DC	Approved	Approved
O1016953	Clone of ÖZEL BİYOTIP LABORATUVARI_IM_06042022	Won	Approved
O1022481	MAY TOHUM_CİHAZLI_06092024	Approved	Approved
O1023518	CEREN LAB._LETGEN_28012025	Won	Approved
O1022374	INTERMED_CORE KİRA_20082024	Won	Approved
O1021476	Gazi Ünv NT-ProBNP - 2024-07-01 - 2400000 - TRY - GAZİ ÜNİVERSİTESİ TIP FAKÜLTES (0061000084) - Turkey	Cancelled	Approved
O1020226	AFYONKARAHİSAR İSM_TARAMA TESTLERİ_7.KISIM_2023_805317	Approved	Approved
O1018102	AKSARAY HSL_IM_2022_1044229	Approved	Approved
O1022546	Clone of AKDENİZ ÜNV HST_TORCH_2024_1074098	Completed	Approved
O1017992	MANİSA İSM_ID_2022_931783	Approved	Disapproved
O1017992	MANİSA İSM_ID_2022_931783	Approved	Approved
O1020067	Özel Batman Zilan - 2023-08-06 - 3000000 - TRY - DİYAR-MED SAĞLIK ÜRÜNLERİ SAN. (0061000054) - Turkey	Approved	Approved
O1020941	İZMİR BOZYAKA EAH_RMD_VİROLOJİ_PAZARLIK_2023_1497236	Completed	Approved
O1027361	2026_1194361_ANKARA ÜNV_CC_IM	Approved	Disapproved
O1027361	2026_1194361_ANKARA ÜNV_CC_IM	Approved	Approved
O1021760	Clone of AHENK KİRA_CC_IM_02042024	Won	Disapproved
O1021760	Clone of AHENK KİRA_CC_IM_02042024	Won	Approved
O1025424	KÜTAHYA EVLİYA ÇELEBİ EAH_CC_IM_KISIM 1_2025_1702473	In Progress	Disapproved
O1026000	Clone of <KZ>_<OncoPCR AUM>_<2026>_REV2_3 YEARS	Approved	Approved
O1025624	DUZCE UNIV DT PDL1 - 2025-12-31 - 2400000 TRY - DÜZCE ÜNİVERSİTESİ SAĞLIK UYG  (0061000230) Turkey	Won	Approved
O1022372	ARDAHAN İSM DT IM - 2024-09-30 - 206841 TRY - ARDAHAN DEVLET HASTANESİ (0061000398) Turkey	Won	Approved
O1020689	DR.ABDURRAHMAN YURTASLAN ONKOLOJİ_IM_2023_1129986	Approved	Approved
O1017248	DİCLE UNV_İZOLASYON_220610	Won	Approved
O1024551	MARDİN İSM_BG_2025_911528	Approved	Disapproved
O1024551	MARDİN İSM_BG_2025_911528	Approved	Approved
O1024551	MARDİN İSM_BG_2025_911528	Approved	Disapproved
O1017781	ERDEM HASTANESİ_RTD_15092022	Won	Approved
O1023090	ANTALYA ATATÜRK DH_COAG_2024_1515192	Approved	Approved
O1018775	NİŞANTAŞI HASTANESİ_CC_IM_12012023	Completed	Approved
O1024408	Özel Güven UR - 2025-07-31 - 200000 EUR - DETAY LAB. CİH. SAN. VE TİC. A (0061000026) Turkey	Approved	Approved
O1024408	Özel Güven UR - 2025-07-31 - 200000 EUR - DETAY LAB. CİH. SAN. VE TİC. A (0061000026) Turkey	Approved	Disapproved
O1024408	Özel Güven UR - 2025-07-31 - 200000 EUR - DETAY LAB. CİH. SAN. VE TİC. A (0061000026) Turkey	Approved	Disapproved
O1023369	ANTALYA İSM_RTD_IHC_2.KISIM_2024_1662794	Approved	Cancelled
O1023369	ANTALYA İSM_RTD_IHC_2.KISIM_2024_1662794	Approved	Approved
O1023979	DÜZCE İSM_RTD_2025_402310	Approved	Reset
O1023979	DÜZCE İSM_RTD_2025_402310	Approved	Approved
O1026834	2026_818441_CC_IM_PAZARLIK_ELAZIĞ HSM	Won	Approved
O1026395	MANAVGAT DH_DT_11032026	Won	Approved
O1018692	RTE BAP Alımı - 2023-01-27 - 150000 - TRY - RECEP TAYYIP ERDOGAN UNIVERSIT (0061004437) - Turkey	Approved	Approved
O1025162	EtlikPPP_Spesifik_Ek_Kira - 2025-03-03 - 30000 EUR - TECHNO HEALTH LAB.DİAGNOSTİK S (0061003872) Turkey	Won	Approved
O1025162	EtlikPPP_Spesifik_Ek_Kira - 2025-03-03 - 30000 EUR - TECHNO HEALTH LAB.DİAGNOSTİK S (0061003872) Turkey	Won	Cancelled
O1021498	GİRESUN İSM_PATOLOJİ_2024_308856	Approved	Approved
O1017759	ASM Ultra Kira - 2022-09-30 - 64250 - TRY - ASM GEBZE (0061000564) - Turkey	Won	Reset
O1017759	ASM Ultra Kira - 2022-09-30 - 64250 - TRY - ASM GEBZE (0061000564) - Turkey	Won	Approved
O1026406	2026_304545 DİYARBAKIR İSM_CC	Approved	Approved
O1022324	İSLAB 2_E411 KİRA_14082024	Won	Approved
O1021289	GÜLHANE EAH_CC_IM_UR_COAG_2024_42490	In Progress	Disapproved
O1021289	GÜLHANE EAH_CC_IM_UR_COAG_2024_42490	In Progress	Cancelled
O1026344	2026_382810_ALANYA EAH_Pazarlık_2 aylık	Won	Approved
O1017789	Sistem Tıp CC - 2022-10-12 - 450000 - TRY - DETAY LAB. CİH. SAN. VE TİC. A (0061000026) - Turkey	Won	Approved
O1024699	MEDİPOL_RTD_IHC_29072025	Won	Reset
O1024699	MEDİPOL_RTD_IHC_29072025	Won	Approved
O1024699	MEDİPOL_RTD_IHC_29072025	Won	Reset
O1021711	MEDİPOL GRUP HASTANELERİ _UR_06052024	Completed	Cancelled
O1021711	MEDİPOL GRUP HASTANELERİ _UR_06052024	Completed	Approved
O1024626	Clone of EGELAB SPESİFİK IM _03062025	Approved	Approved
O1017637	AMERİKAN GRUBU_KOÇ ÜNİVERSİTESİ_PREANALİTİK_INFINITY_01092022	Completed	Cancelled
O1017637	AMERİKAN GRUBU_KOÇ ÜNİVERSİTESİ_PREANALİTİK_INFINITY_01092022	Completed	Disapproved
O1017637	AMERİKAN GRUBU_KOÇ ÜNİVERSİTESİ_PREANALİTİK_INFINITY_01092022	Completed	Disapproved
O1017637	AMERİKAN GRUBU_KOÇ ÜNİVERSİTESİ_PREANALİTİK_INFINITY_01092022	Completed	Approved
O1027555	2026_1401297_SWA_HATAY İSM	Approved	Approved
O1027555	2026_1401297_SWA_HATAY İSM	Approved	Cancelled
O1018480	KIRKLARELİ İSM_BGAS_2022_1287677	Approved	Approved
O1018480	KIRKLARELİ İSM_BGAS_2022_1287677	Approved	Disapproved
O1026995	ANKARA ÜNİV_DT_HC_IHC_21052026	Won	Approved
O1020733	SUAT SEREN_RTD_PD-L1_DT_13112023	Completed	Approved
O1022759	ANTALYA ZİRAİ KARANTİNE_SEQ_2024_1214115	Completed	Approved
O1020669	VAN İSM_MEDİKAL DEĞER_ISH_2023_1091380	Completed	Reset
O1020669	VAN İSM_MEDİKAL DEĞER_ISH_2023_1091380	Completed	Approved
O1020669	VAN İSM_MEDİKAL DEĞER_ISH_2023_1091380	Completed	Cancelled
O1020669	VAN İSM_MEDİKAL DEĞER_ISH_2023_1091380	Completed	Disapproved
O1026493	2026_518316  ÇİĞLİ EAH_SWA PAZARLIK	Won	Approved
O1023139	KAHRAMANMARAŞ SÜTÇÜ İMAM ÜNİVERSİTESİ_PAZIRLIK_ID_2024_1686191	Completed	Approved
O1026600	2026_378249 SWA_ULUDAĞ ÜNV - KİRA	Approved	Approved
O1022947	OSMANOĞLU HASTANESİ_CC_1411202	Completed	Approved
O1024903	VİTROLAB_2025_02092025	Won	Disapproved
O1024903	VİTROLAB_2025_02092025	Won	Approved
O1021164	ATAŞEHİR BELEDİYESİ_CC_29012024	Approved	Approved
O1019964	Van Güven IM_CC - 2023-07-20 - 2500000 - TRY - DİYAR-MED SAĞLIK ÜRÜNLERİ SAN. (0061000054) - Turkey	Completed	Approved
O1020056	İZMİR ATATÜRK EAH_RTD_IHC_PAZARLIK_2023_743259	Approved	Approved
O1026163	Bursa & Basaksehir PPP GLUKOMETRE PULSE - 2025-12-31 - 1500000 EUR - DİACORE DİAGNOSTİK SİSTEMLER A (0061006157) Turkey	Cancelled	Approved
O1026915	Tekirdağ PPP İHK	Approved	Approved
O1016793	DİCLE UNV_IM_2022_229099	Approved	Cancelled
O1016793	DİCLE UNV_IM_2022_229099	Approved	Cancelled
O1016793	DİCLE UNV_IM_2022_229099	Approved	Approved
O1021616	TEKİRDAĞ HALK SAĞLIĞI_SWA_2024_366258	Completed	Approved
O1021616	TEKİRDAĞ HALK SAĞLIĞI_SWA_2024_366258	Completed	Cancelled
O1025736	KADIKÖY BELEDİYESİ_CC_IM_2025_2131800	Approved	Approved
O1025681	Nöropsikiyatri-SWA - 2026-02-11 - 90000 EUR - ALGEN TIBBİ ÜRÜNLER VE SAĞLIK  (0061000032) Turkey	Won	Approved
O1018601	Clone of ÖZEL ÜMİT BATIKENT HASTANESİ_CC_IM_11122022	Completed	Approved
O1018601	Clone of ÖZEL ÜMİT BATIKENT HASTANESİ_CC_IM_11122022	Completed	Cancelled
O1024395	ANTALYA EAH_RTD_PD-L1_17062025	Won	Approved
O1017423	KARAMAN İSM_IM_2022_676493	Approved	Approved
O1023370	ANTALYA İSM_RTD_HC_2024_1662794	Approved	Approved
O1023370	ANTALYA İSM_RTD_HC_2024_1662794	Approved	Disapproved
O1027236	2026_1037117_3.KISIM_ID_AKSARAY İSM_KİRALIK	Approved	Approved
O1026248	MEMORİAL_HK_04032026	Approved	Approved
O1021211	YÖNTEM LABORATUVARI_CC_IM_07022024	Completed	Approved
O1021126	YD (Yaşam Detay)MERSİN HS_CC_IM_UR_2023_1340883	Won	Cancelled
O1021126	YD (Yaşam Detay)MERSİN HS_CC_IM_UR_2023_1340883	Won	Approved
O1026436	2026_399897_MANAVGAT DH_Pazarlık_RTD	Approved	Approved
O1025372	GAZİANTEP İSM_ISLAHİYE DH_ID_2025_1838145	Approved	Approved
O1020751	İstanbul DT_2023 - 2023-12-31 - 300000 - TRY - T.C. CUMHURBAŞKANLIĞI MİLLİ İS (0061000344) - Turkey	Completed	Approved
O1026902	AMERİKAN HAS_GLU_POC_11052026	Won	Approved
O1025156	Clone of KOÇ ÜNİVERSİTESİ_GLUKOMETRE_27082025	Won	Approved
O1022899	Clone of TÜRKLAB SWA - 2024-10-31 - 250000 EUR - ORSİS MED.ELEK. BİLG.VE İLET.S (0061000452) Turkey	Approved	Approved
O1013439	Clone of KZ_Olymp_Coagulation_ t711-2020	Completed	Approved
O1022453	GİRESUN İSM_CC_IM_PAZARLIK_2024_1138883	Completed	Approved
O1023002	İSTANBUL ÜNİVERSİTESİ ÇAPA_RTD_IHK_2024_1433103	Completed	Approved
O1023002	İSTANBUL ÜNİVERSİTESİ ÇAPA_RTD_IHK_2024_1433103	Completed	Reset
O1023002	İSTANBUL ÜNİVERSİTESİ ÇAPA_RTD_IHK_2024_1433103	Completed	Reset
O1023002	İSTANBUL ÜNİVERSİTESİ ÇAPA_RTD_IHK_2024_1433103	Completed	Reset
O1025263	MERSİN İSM_İLÇELER_UR_2025_1595701	Approved	Approved
O1019985	AKDENİZ ÜNİVERSİTESİ_GLUCOMETRE_YM_17072023	In Progress	Cancelled
O1027117	ULUDAĞ ÜN. GLUC D.TEMİN - 2026-07-15 - 50000 EUR - DEVA KİMYA SANAYİ VE TİCARET L (0061000074) Turkey	In Progress	Cancelled
O1024444	İSLAB 3_RMD_6 AYLIK_20062025	Won	Approved
O1023404	DÜZCE ÜNİVERSİTESİ_RTD_DT_15012025	Completed	Approved
O1019022	Clone of VERA HASTANESİ_CC_06022023	In Progress	Disapproved
O1021119	Clone of CENTRO_VİZYON ÇALIŞTAY_16012024	In Progress	Started
O1018924	MANİSA CELAL BAYAR ÜNİVERSİTESİ_RTD_HER2_DT_03022023	Approved	Approved
O1026412	REFERANS LABORATUVARI_SWA_V2_pro_09032026	Approved	Approved
O1022621	Clone of BALIKESİR İSM_IM_2024_1078223	Approved	Approved
O1020435	KKTC_PROLAB_CC_IM_05102023	Won	Approved
O1020648	MEDIPOINT_CC_IM_02112023	Completed	Approved
O1019294	DOKUZ EYLÜL ÜNİVERSİTESİ_IHC_2023_248979	Approved	Approved
O1021334	Gazi Ünv_DT_Troponin - 2024-04-30 - 1800000 - TRY - GAZİ ÜNİVERSİTESİ TIP FAKÜLTES (0061000084) - Turkey	Completed	Approved
O1027714	Clone of 2026_1483748_ANKARA ÜNİ_PAZARLIK_HC_IHC	Approved	Approved
O1023714	ELAZIĞ FIRAT 3 KALEM DT - 2025-03-04 - 5000000 TRY - FIRAT ÜNİVERSİTESİ HASTANESİ F (0061003864) Turkey	Approved	Approved
O1023714	ELAZIĞ FIRAT 3 KALEM DT - 2025-03-04 - 5000000 TRY - FIRAT ÜNİVERSİTESİ HASTANESİ F (0061003864) Turkey	Approved	Cancelled
O1018976	ÇUBUK DH_IM_ID_2023_87130	Approved	Approved
O1024208	TRAKYA ÜNİVERSİTESİ_DT_VitaminD_20052025	Won	Approved
O1016709	UAT_QWiz_TeamMembers - 2022-03-31 - 0 - TRY - DETAY LAB. CİH. SAN. VE TİC. A (0061000026) - Turkey	In Progress	Initial
O1018498	GİRESUN İSM_UR_2022_1236205	In Progress	Cancelled
O1024054	Clone of Bayındır. Accu.Inf II - 2024-12-31 - 40000 EUR - BAYEK TEDAVİ SAĞLIK HİZMETLERİ (0061000023) Turkey	Won	Disapproved
O1024054	Clone of Bayındır. Accu.Inf II - 2024-12-31 - 40000 EUR - BAYEK TEDAVİ SAĞLIK HİZMETLERİ (0061000023) Turkey	Won	Approved
O1018885	İSLAB-4 c501 ve core KİRA ANLAŞMASI_26012023	Won	Disapproved
O1018885	İSLAB-4 c501 ve core KİRA ANLAŞMASI_26012023	Won	Approved
O1026959	Clone of Clone of LETGEN 2026_04 - 2026-06-30 - 60000 EUR - LETGEN BİYOTEKNOLOJİ LABORATUV (0061005075) Turkey	Approved	Approved
O1024502	ALANYA DH_RTD_IHC_DT_30062025	Won	Approved
O1023936	LIFEMED_C311 KİRA_26032025	Approved	Approved
O1017764	YUNUS EMRE DH_RTD_IHC_2022_851932	Approved	Approved
O1025299	Sistem Tıp UR - 2026-01-02 - 20000 EUR - DETAY LAB. CİH. SAN. VE TİC. A (0061000026) Turkey	Won	Approved
O1017945	DT DAP Alımı - 2022-10-31 - 250000 - TRY - DICLE UNV TIP (0061002669) - Turkey	Completed	Reset
O1017945	DT DAP Alımı - 2022-10-31 - 250000 - TRY - DICLE UNV TIP (0061002669) - Turkey	Completed	Approved
O1023206	TRABZON İSM_İHK_2024_1653975	Won	Approved
O1023206	TRABZON İSM_İHK_2024_1653975	Won	Disapproved
O1017044	ÖZEL YÜKSEL TANI LABORATUVARI_CC_220513	Won	Approved
O1026355	REFERANS LABORATUVARI_SWA_V2_pro_09032026	Approved	Approved
O1026355	REFERANS LABORATUVARI_SWA_V2_pro_09032026	Approved	Disapproved
O1020685	AFYONKARAHİSAR ÜNİVERSİTESİ_ID_TORCH_2023_1173012	Completed	Approved
O1025200	Samsun EAH Viroloji Paz. - 2025-11-01 - 100000 EUR - İLMED İLAÇ ve MEDİKAL ÖZEL  LA (0061000027) Turkey	Won	Reset
O1025200	Samsun EAH Viroloji Paz. - 2025-11-01 - 100000 EUR - İLMED İLAÇ ve MEDİKAL ÖZEL  LA (0061000027) Turkey	Won	Approved
O1021158	OPTİMED HASTANELERİ_CC_IM_26012024	Approved	Approved
O1021158	OPTİMED HASTANELERİ_CC_IM_26012024	Approved	Cancelled
O1019021	Clone of BALKAN_DERMAN HASTANELERİ_CC_IM_02022023	In Progress	Disapproved
O1023686	KEPEZ DH_RTD_IHC_PAZARLIK_2025_252001	Won	Approved
O1023473	KOCAELİ ÜNİ_RTD_IHC_DT_22012025	Completed	Approved
O1027039	ANTALYA YAŞAM HASTANESİ_E801 KİRA_02062026	Approved	Approved
O1027588	2026_1248522 VAN İSM_PCR	Approved	Approved
O1027588	2026_1248522 VAN İSM_PCR	Approved	Disapproved
O1019039	ÇUKUROVA ÜNV_ID_2023_12740	Approved	Approved
O1023667	ANALİZ LAB_IM_ID_20022025	Won	Approved
O1018753	ERZİNCAN İSM_LC96_2022_1265669	Approved	Approved
O1024325	Clone of ACIBADEM_RTD_EGFR_19022025	Won	Approved
O1019822	YDA - KAYSERİ_MANİSA_PPP_SATIŞ MODELİ_EURO	Completed	Approved
O1019822	YDA - KAYSERİ_MANİSA_PPP_SATIŞ MODELİ_EURO	Completed	Cancelled
O1019248	Mersin Üni DT TOXO - 2023-04-11 - 500000 - TRY - DETAY LAB. CİH. SAN. VE TİC. A (0061000026) - Turkey	Approved	Approved
O1021261	Özel Umut Hastanesi - 2024-02-19 - 390000 - EUR - İLMED İLAÇ ve MEDİKAL ÖZEL  LA (0061000027) - Turkey	Completed	Approved
O1025104	İZMİR TEPECİK EAH_RMD_4.KISIM_HPV_2025_1453060	Approved	Approved
O1024140	MERSİN ÜNİ DAB DT 2.650 - 2025-05-22 - 10000000 TRY - MERSİN ÜNİVERSİTESİ REKTÖRLÜĞÜ (0061004230) Turkey	Won	Approved
O1027191	TRAKYA ÜNİVERSİTESİ_ANTİ-HBS_DT_17062026	Approved	Cancelled
O1027191	TRAKYA ÜNİVERSİTESİ_ANTİ-HBS_DT_17062026	Approved	Approved
O1026835	2025_1780205_ÇORUM EAH_SWA_ODS	Won	Approved
O1025612	KARS İSM_UR_2025_2131625	Approved	Approved
O1022707	PAMUKKALE ÜNİV_RTD_DT_IHC_15102024	Won	Approved
O1016876	EGE ÜNİVERSİTESİ_RMD_VİROLOJİ_PAZARLIK_2022_356080	Won	Reset
O1016876	EGE ÜNİVERSİTESİ_RMD_VİROLOJİ_PAZARLIK_2022_356080	Won	Cancelled
O1016876	EGE ÜNİVERSİTESİ_RMD_VİROLOJİ_PAZARLIK_2022_356080	Won	Approved
O1018851	GAZİANTEP_HSM_SWA_ID_UR_2023_11937	Completed	Approved
O1019416	SAKARYA EAH_CC_2023_412451	Lost	Approved
O1023482	DOKUZ EYLÜL ÜNİVERSİTESİ_RTD_IHC_2024_1902102	Approved	Approved
O1027939	TR_PROD_QW 26.8.0	Approved	Approved
O1018048	İSTANBUL ÜNİVERSİTESİ CERRAHPAŞA_RTD_EGFR_2022_977966	Completed	Approved
O1026691	Clone of 2026_490243_IĞDIR TUZLUCA DH_Pazarlık_CC_IM	Won	Cancelled
O1026691	Clone of 2026_490243_IĞDIR TUZLUCA DH_Pazarlık_CC_IM	Won	Approved
O1023631	Clone of Medline SWA - 2025-01-31 - 100000 EUR - DETAY LAB. CİH. SAN. VE TİC. A (0061000026) Turkey	Won	Approved
O1024723	VAN İSM_IM_CC_2025_1058996	Approved	Approved
O1027713	MEDİPOL_ALGEN_CİHAZ SATIŞ_27082026	Approved	Approved
O1019120	TOBB ETÜ_MULTIPLATE_28022023	Won	Approved
O1025324	Clone of MARDİN İSM_ID_Pazarlık_2025_1851755	Won	Approved
O1020993	SARIYER TM_CC_28122023	Completed	Approved
O1022310	BURSA İSM_PCR_2024_923745	Approved	Disapproved
O1022310	BURSA İSM_PCR_2024_923745	Approved	Approved
O1024381	DIAGEN_RTD_DT_11062025	Approved	Approved
O1019012	ÇANAKKALE ÜNİVERSİTESİ_RTD_IHC_DT_14022023	Won	Approved
O1020436	İZMİR İSM_9.KISIM HPV_2023_869383	Completed	Approved
O1018055	BURSA İSM_RTD_IHC_2022_924792	Completed	Approved
O1025739	EGELAB_SWA_CİHAZ SATIŞ_DC_16122025	Won	Approved
O1023882	İMPERİAL SWA_cobas pro	Approved	Approved
O1017095	DETAGEN_RTD_SEQ_25052022	Won	Approved
O1026378	ÖZÜNLÜ LAB_CC_IM_09032026	Approved	Approved
O1025078	AKDENİZ ÜNİ_MD_26092025	Approved	Approved
O1024359	HARRAN ÜNİVERSİTESİ_PCR_2025_614061	Approved	Approved
O1025197	ÇANAKKALE İSM_IM_2025_1562467	Won	Approved
O1024195	İSLAB-2 E801 KİRA ANLAŞMASI_13052025	Approved	Approved
O1027060	2026_895517_IHC_DİCLE ÜNİVERSİTESİ	Won	Approved
O1021972	EDREMİT DH_CC_PAZARLIK_2024_776648	Approved	Approved
O1025625	ILGAZ DH_IM_2025_2218869	Won	Approved
O1023581	Clone of BİOLAB_SWA_04022025	Approved	Approved
O1023151	Clone of Clone of ATATÜRK EAH KATİP ÇELEBİ_RMD_2024_1443095	Approved	Approved
O1019299	SAKARYA EAH_PCT_6000 TEST DT_22032023	Won	Started
O1022583	ALUCRA DEVLET PAZARLIK_CC_IM_2024_1257747	Completed	Cancelled
O1022583	ALUCRA DEVLET PAZARLIK_CC_IM_2024_1257747	Completed	Approved
O1023705	Clone of YÜREĞİR DH 750 TEST İHK - 2025-01-24 - 6300000 TRY - ADANA YÜREĞİR DEVLET HASTANESİ (0061005249) Turkey	Completed	Approved
O1025187	IĞDIR DH_CC_PAZARLIK_2025_1687616	Won	Approved
O1025420	KIRIKKALE ÜNV_IM_2025_1670371	Won	Approved
O1024105	Özel Surkent SWA - 2025-05-06 - 140000 EUR - DİYAR-MED SAĞLIK ÜRÜNLERİ SAN. (0061000054) Turkey	Won	Approved
O1018319	MAVİ LABORATUVARI_CC_15112022	Approved	Approved
O1021059	İSTANBUL İSM_KUZEY KHB?RTD_IHK_2023_1473446	Approved	Approved
O1020087	KOÇ ÜNİVERSİTESİ_BGAS_28072023	Approved	Approved
O1027936	SELÇUK ÜNİV_NUCLEUS GENETİK_NAVİFY_22092026	Approved	Approved
O1027868	LETGEN_MAGNA PURE96_GENETİK_CİHAZ SATIŞ	Approved	Approved
O1019124	Medicalpark Kit Alım - 2023-03-31 - 200000 - TRY - ORDU MEDICAL PARK HST (0061000653) - Turkey	Won	Approved
O1019124	Medicalpark Kit Alım - 2023-03-31 - 200000 - TRY - ORDU MEDICAL PARK HST (0061000653) - Turkey	Won	Reset
O1019124	Medicalpark Kit Alım - 2023-03-31 - 200000 - TRY - ORDU MEDICAL PARK HST (0061000653) - Turkey	Won	Reset
O1019124	Medicalpark Kit Alım - 2023-03-31 - 200000 - TRY - ORDU MEDICAL PARK HST (0061000653) - Turkey	Won	Reset
O1024992	Mersin Uni HCV DT - 2025-10-29 - 60000 EUR - DETAY LAB. CİH. SAN. VE TİC. A (0061000026) Turkey	Approved	Approved
O1025453	KASTAMONU İSM_İLÇE _ CC_2025_1633224	Approved	Approved
O1024792	Göktürk Taş Tıp merkezi - 2025-09-25 - 20000 EUR - ÖZGÜN KİMYEVİ MADDE TIBBİ MALZ (0061000040) Turkey	Approved	Approved
O1018762	DR ABDURRAHMAN YURTASLAN ONKOLOJİ HASTANESİ_RTD_2022_1360552	Won	Approved
O1019212	GÜLEÇ_LAB_SWA_2023	Approved	Approved
O1020227	DELTA LAB_IM_E402	Approved	Approved
O1025609	İSLAB 1 VE 3 MAKROELİZA_PAZARLIK_2025_2128051	Approved	Approved
O1017053	ERCİYES ÜNİVERSİTESİ_RTD_DT_13052022	Completed	Approved
O1019136	MEDİLA LAB_CC_IM_06032023	Won	Approved
O1027810	2026_1418685_4.KISIM_2.GRUP_CC_ANTALYA İSM_v2	In Progress	Disapproved
O1017297	SÜTÇÜ İMAM ÜNV_DT_HK_220617	Won	Approved
O1024025	Bayınıdır SWA 4 Ay	Won	Disapproved
O1024025	Bayınıdır SWA 4 Ay	Won	Cancelled
O1024025	Bayınıdır SWA 4 Ay	Won	Approved
O1024025	Bayınıdır SWA 4 Ay	Won	Disapproved
O1024025	Bayınıdır SWA 4 Ay	Won	Cancelled
O1024025	Bayınıdır SWA 4 Ay	Won	Disapproved
O1024834	Bayındır_SWA _22082025	Won	Disapproved
O1024834	Bayındır_SWA _22082025	Won	Approved
O1020998	KIZILAY PROJE_CC_UR_27122023	Approved	Approved
O1020998	KIZILAY PROJE_CC_UR_27122023	Approved	Cancelled
O1018464	Clone of NÖROPSİKİYATRİ HASTANESİ_SWA_16092022	Completed	Approved
O1017156	VAN İSM_2.KISIM_İHK_2022_469339	Approved	Approved
O1026925	2026_675969_2.KISIM A GRUBU_TÜRB._DC_AKDENİZ ÜNİVERSİTESİ	Approved	Disapproved
O1026925	2026_675969_2.KISIM A GRUBU_TÜRB._DC_AKDENİZ ÜNİVERSİTESİ	Approved	Approved
O1017373	TAKSİM GAZİOSMANPAŞA EAH_RTD_HC_2022_632486	In Progress	Started
O1017373	TAKSİM GAZİOSMANPAŞA EAH_RTD_HC_2022_632486	In Progress	Cancelled
O1017878	CELAL BAYAR ÜNİVERSİTESİ_RTD_HER2_DT_26092022	Approved	Approved
O1022553	ANTALYA MEDIKALPARK HASTANESİ_CC_IM_24092024	Won	Approved
O1019886	Clone of SAKARYA EAH_PCT_2023_399211	Approved	Approved
O1027712	2026_1423589_ANTALYA İSM_ANTALYA ŞEHİR_ALANYA EAH_MOL_KISIM 9	Approved	Approved
O1027008	TOBB ETÜ_SWA_2027_21052026	Approved	Approved
O1017290	EGE ÜNİVERSİTESİ_NEFELOEMTERİK TEST İLAVESİ_17062022	Completed	Approved
O1025258	TARSUS-TOROS_COAG_2025_1595701	Approved	Approved
O1027768	2026_1412344 ŞANLIURFA İSM_CC_IM-SATIŞ	Approved	Approved
O1025907	VİROMED SWA - 2026-12-30 - 750000 EUR - ÖZKAYA LABORATUVAR SİST. SAĞ.  (0061000368) Turkey	Approved	Approved
O1025756	ALAPL DH_5.KISIM_ID_KARDİYAK_PAZARLIK_2025_2411340	Won	Approved
O1022078	MANİSA HSL CİHAZ KİRASI _27062024	Approved	Approved
O1020971	CENTRAL HOSPITAL_CC_IM_ID_21122023	Approved	Approved
O1020971	CENTRAL HOSPITAL_CC_IM_ID_21122023	Approved	Disapproved
O1024111	Clone of TRABZON ÖZEL 7M HASTANESİ - 2025-04-28 - 150000 EUR - AKÇAABAT ÖZEL 7M HASTANESİ (0061005280) Turkey	Won	Approved
O1024111	Clone of TRABZON ÖZEL 7M HASTANESİ - 2025-04-28 - 150000 EUR - AKÇAABAT ÖZEL 7M HASTANESİ (0061005280) Turkey	Won	Cancelled
O1023940	ERÜ BAP - 2025-04-30 - 0 TRY - ERCİYES ÜNİVERSİTESİ BİLİMSEL  (0061000245) Turkey	Won	Approved
O1018031	MANİSA PPP - 2023-06-30 - 6500000 - TRY - NUKLEUS SAĞLIK ÜRÜNLERİ TANI H (0061000175) - Turkey	In Progress	Started
O1027918	BİYO TIP MERKEZİ_ID_210092026	In Progress	Disapproved
O1023794	KADIKÖY INVITRO_CC_IM_13032025	Approved	Approved
O1017364	EREĞLİ ECHOMAR HASTANESİ_CC_IM_ID_03072022	Lost	Cancelled
O1017364	EREĞLİ ECHOMAR HASTANESİ_CC_IM_ID_03072022	Lost	Approved
O1019135	QPCR GENEL ANLAŞMA - 2023-03-23 - 40000 - TRY - LETGEN BİYOTEKNOLOJİ LABORATUV (0061005598) - Turkey	Won	Approved
O1022856	VAN YÜZÜNCÜ YIL ÜNV_ID_PAZARLIK	Completed	Approved
O1025829	ISPARTA SÜLEYMAN DEMİREL ÜNİ_IM_2025_2227010	Approved	Approved
O1024742	MERSİN ÜNİ 81951 DAB DT - 2025-08-28 - 9000000 TRY - MERSİN ÜNİVERSİTESİ REKTÖRLÜĞÜ (0061004230) Turkey	Won	Approved
O1016787	SAMSUN ÖZEL ATASAM_CC_IM_ID_211213	Won	Approved
O1022211	VAN İSM ID Tekllif - 2024-08-10 - 400000 EUR - DİYAR-MED SAĞLIK ÜRÜNLERİ SAN. (0061000054) Turkey	Approved	Approved
O1017769	ETLİKPPP_IHK ANTİKOR - 2022-10-31 - 2000000 - TRY - TECHNO HEALTH LAB.DİAGNOSTİK S (0061003872) - Turkey	Won	Approved
O1017769	ETLİKPPP_IHK ANTİKOR - 2022-10-31 - 2000000 - TRY - TECHNO HEALTH LAB.DİAGNOSTİK S (0061003872) - Turkey	Won	Cancelled
O1025241	ADANA İSM_CC_IM_2025_1650265	Approved	Approved
O1025241	ADANA İSM_CC_IM_2025_1650265	Approved	Disapproved
O1023706	Özel Karatekin.SWA - 2025-03-31 - 150000 EUR - AR SAĞLIK İŞLET. VE TIBBİ CİH. (0061000388) Turkey	Approved	Reset
O1021758	ERBAYRAKTAR_CC_IM_17052024	In Progress	Disapproved
O1025538	2025/2296568 TRAKYA ÜNİVERSİTESİ_KARDİYAK	Approved	Approved
O1017590	TROPONIN_I_BAP_ALIMI - 2022-09-05 - 10000 - TRY - KAHRAMANMARAŞ SÜTÇÜ İMAM ÜNİV  (0061003755) - Turkey	Approved	Approved
O1019176	EGE ÜNİVERSİTESİ_MULTIPLATE VITROLAB_2023_149742	Approved	Approved
O1026555	TETRA LAB_CC_IM_01042026	Won	Approved
O1020810	Clone of BÜLENT ECEVİT ÜNİVERSİTESİ_CC_DT_30102023	Completed	Approved
O1023261	AFSÜ DT ID _24122024	Won	Approved
O1020131	TARSUS_REYHANLI_CC_IM_230810	Approved	Approved
O1017289	DİYARBAKIR İSM_CC_IM_2022_599635	Won	Approved
O1017215	ONDOKUZ MAYIS ÜNV_SISH_MVA_2022_544245	Won	Disapproved
O1017215	ONDOKUZ MAYIS ÜNV_SISH_MVA_2022_544245	Won	Approved
O1023981	Diyarbakır İSM IM Ekcihaz - 2025-04-26 - 20000 EUR - DİYAR-MED SAĞLIK ÜRÜNLERİ SAN. (0061000054) Turkey	Won	Approved
O1026365	YAKIN DOĞU ÜNİVERSİTESİ_COAG_13032026	In Progress	Disapproved
O1020054	GAZİ ÜNİVERSİTESİ_RTD_HC_DT_24072023	Completed	Approved
O1021817	Aydıncık DT - 2024-05-29 - 600000 EUR - DETAY LAB. CİH. SAN. VE TİC. A (0061000026) Turkey	Won	Approved
O1021756	DT Histokimya Alımı - 2024-06-24 - 2400000 TRY - KAHRAMANMARAŞ SÜTÇÜ İMAM ÜNİV  (0061003755) Turkey	Won	Approved
O1024766	NEVŞEHİR İSM_COA_2025_1068304	Approved	Approved
O1026174	GAZİ ÜNİV_DT_Antikor_24022026	Approved	Approved
O1017311	Clone of ANTALYA EAH_RTD_IHC_PAZARLIK_2022_608098	Won	Approved
O1021698	CENTRO LABORATUVARI_RMD_COBAS 8800_29042024	Completed	Approved
O1024840	KIRIKKALE YİH_UR_2025_1257163	Approved	Approved
O1024525	İZMİR İSM_CC_5.KISIM_2025_896673	Approved	Cancelled
O1024525	İZMİR İSM_CC_5.KISIM_2025_896673	Approved	Approved
O1025627	Clone of Van EAH_CC_IM_ID_Pre_2025_1906973	Won	Approved
O1024150	Clone of ANTALYA EAH_RTD_1.KISIM ONK._PAZARLIK_2025_593541	Won	Approved
O1019934	MEDIAN ÖZEL RICH HASTANESİ_IM_ID_11072023	Approved	Reset
O1019934	MEDIAN ÖZEL RICH HASTANESİ_IM_ID_11072023	Approved	Approved
O1019582	GEBZE FATİH DEVLET HASTANESİ_RTD_2023_291658	Approved	Approved
O1019582	GEBZE FATİH DEVLET HASTANESİ_RTD_2023_291658	Approved	Cancelled
O1022347	OSMANİYE İSM_COAG_2024_945803	Approved	Approved
O1018098	KIRIKKALE ÜNV_ID_2022_1066651	Approved	Disapproved
O1018098	KIRIKKALE ÜNV_ID_2022_1066651	Approved	Approved
O1026382	ESOGÜ BAP NSE,IL6 - 2026-03-31 - 1500000 TRY - OSMANGAZİ ÜNİVERSİTESİ REKT BA (0061005911) Turkey	Won	Approved
O1023425	ANTALYA EAH_ID P501 VE SARF_14012025	Approved	Approved
O1022778	EGE ÜNİVERSİTESİ_PATOLOJİ NGS_2024_1418294	Approved	Approved
O1027748	2026_1455599_11.KISIM_PCT_SAKARYA ŞH	Approved	Approved
O1022261	GİRESUN İSM_GLU_2024_1085734	Completed	Reset
O1022261	GİRESUN İSM_GLU_2024_1085734	Completed	Approved
O1021951	Clone of ANKARA EAH_CC_IM_COAG_UR_2024_446841	Completed	Reset
O1021951	Clone of ANKARA EAH_CC_IM_COAG_UR_2024_446841	Completed	Reset
O1021951	Clone of ANKARA EAH_CC_IM_COAG_UR_2024_446841	Completed	Approved
O1017829	AZ_LS_300K_PCR_2022 - 2022-09-20 - 3300000 - EUR - Labservis Ltd. (0061000004) - Azerbaijan	Won	Approved
O1025965	Ena Lab CC - 2026.01.20- DC - DETAY LAB. CİH. SAN. VE TİC. A (0061000026) Turkey	Approved	Disapproved
O1025965	Ena Lab CC - 2026.01.20- DC - DETAY LAB. CİH. SAN. VE TİC. A (0061000026) Turkey	Approved	Approved
O1019571	ANKARA ÜNİVERSİTESİ_RTD_HC_2023_333188	Completed	Approved
O1024167	Seyhan Ortadoğu SWA - 2025-05-31 - 280000 EUR - DETAY LAB. CİH. SAN. VE TİC. A (0061000026) Turkey	Won	Approved
O1027366	NEW Clone of Clone of Kazakhstan: AIDS centers project_30012026	Approved	Approved
O1025272	Clone of BATMAN EAH PD-L1 DT - 2025-11-13 - 2000000 TRY - BATMAN EĞ VE ARAŞT HASTANESİ   (0061005337) Turkey	Won	Approved
O1020549	DAB Antikor Dahil - 2023-11-20 - 4800000 - TRY - VAN BÖLGE EĞİTİM VE ARAŞTIRMA  (0061004046) - Turkey	Won	Approved
O1025953	Clone of M City Hosp - 2026-02-28 - 60000 EUR - DETAY LAB. CİH. SAN. VE TİC. A (0061000026) Turkey	Won	Disapproved
O1025953	Clone of M City Hosp - 2026-02-28 - 60000 EUR - DETAY LAB. CİH. SAN. VE TİC. A (0061000026) Turkey	Won	Approved
O1022290	ÇANAKKALE 18 MART ÜNİVERSİTESİ_RTD_IHC_2024_924991	Approved	Approved
O1026250	E-Lab - 2026-03-15 - 220000 EUR - ALGEN TIBBİ ÜRÜNLER VE SAĞLIK  (0061000032) Turkey_REV2_DC	Approved	Approved
O1024937	ULUDAĞ ÜNVERSİTESİ_AUOTO UR_2025_1295259	Approved	Approved
O1018884	BEYTEPE DH_IM_2023_28895	Approved	Reset
O1017111	ACIBADEM_RTD_SEQ_AVENIO_11042022	Approved	Approved
O1019273	GÜVEN HASTANESİ_RTD_Her2 DT_20032023	Won	Approved
O1019273	GÜVEN HASTANESİ_RTD_Her2 DT_20032023	Won	Reset
O1020944	ÇİĞL EAH_RTD_IHC_9 AYLIK_2023_1374241	Approved	Approved
O1025618	ELIPS 2025_12 - 2025-12-31 - 120000 EUR - ELİPS SAĞLIK ÜRÜNLERİ İTH.VE İ (0061000064) Turkey	Won	Approved
O1026567	2026_424708_SPESİFİK IM_İNÖNÜ ÜNV	Approved	Approved
O1027790	Letgen LC96 - 2026-09-30 - 22400 EUR - LETGEN BİYOTEKNOLOJİ LABORATUV (0061005075) Turkey	Won	Approved
O1018462	Batman EAH  HIV DT - 2022-12-22 - 360000 - TRY - BATMAN BÖLGE HAST (0061002459) - Turkey	Won	Approved
O1018462	Batman EAH  HIV DT - 2022-12-22 - 360000 - TRY - BATMAN BÖLGE HAST (0061002459) - Turkey	Won	Reset
O1023266	GAZİ ÜNİVERSİTESİ_RTD_DT_ 4121_24122024	Completed	Approved
O1020630	DOKUZ EYLÜL ÜNİVERSİTESİ_SEQ_NGS_2023_847817	Approved	Approved
O1020630	DOKUZ EYLÜL ÜNİVERSİTESİ_SEQ_NGS_2023_847817	Approved	Disapproved
O1024901	KIRKLARELİ İSM_UR_2025_1304539	Approved	Approved
O1018469	SAMSUN HSL_KİRA - 2022-12-31 - 441708 - TRY - İLMED İLAÇ ve MEDİKAL ÖZEL  LA (0061000027) - Turkey	Won	Approved
O1026984	ELIPS 2026_05 - 2026-06-30 - 24000 EUR - ELİPS SAĞLIK ÜRÜNLERİ İTH.VE İ (0061000064) Turkey	Won	Approved
O1021239	YEDİKULE GÖĞÜS HASTANESİ EK BİNA_CC_IM_01022024	Approved	Approved
O1017950	Clone of BODRUM AMERİKAN HASTANESİ_CC_IM_22082022	Completed	Approved
O1020989	GOP ÜNİVERSİTESİ_SWA_SON DT.	Won	Approved
O1020989	GOP ÜNİVERSİTESİ_SWA_SON DT.	Won	Reset
O1019467	TÜRK KALP VAKFI_CC_IM_25042023	Completed	Approved
O1023964	BALIKESİR HS_SWA_ALTERNATİF 2_CİHAZLAR MÜŞTERİ_2025_37393	Won	Approved
O1021993	ANKARA ÜNV_ID_2024_714957	Won	Approved
O1020224	Clone of GAZİ ÜNİVERSİTESİ_RTD_HC_3.KISIM_2023_764923	Completed	Approved
O1016834	ANTALYA İSM_IM_1.KISIM_2022_224856	Approved	Approved
O1024530	AMASYA İSM_ID_2025_868484	Approved	Disapproved
O1024530	AMASYA İSM_ID_2025_868484	Approved	Disapproved
O1024530	AMASYA İSM_ID_2025_868484	Approved	Approved
O1018842	BALIKESİR HS_SWA_2022_1444536	Approved	Approved
O1022942	BOLU İSM_ABANT İZZET BAYSAL ÜNİV_HİZMET ALIMI_2.KISIM_2024_1479099	Approved	Approved
O1023086	Clone of İSTANBUL ÜNİVERSİTESİ ÇAPA_RTD_IHK_2024_1433103	Approved	Reset
O1023086	Clone of İSTANBUL ÜNİVERSİTESİ ÇAPA_RTD_IHK_2024_1433103	Approved	Approved
O1026839	2026_603010_IĞDIR HSL_SWA	Approved	Approved
O1020303	Clone of İSTANBUL İSM_HK_2023_827476	Approved	Approved
O1017483	MedikalDeğer Antikor - 2022-08-29 - 45000 - TRY - BİOS BİOMEDİKAL SİSTEMLER SAN. (0061000198) - Turkey	Won	Approved
O1027323	ANKARA ÜNİV_DT_IHC_HC_07072026	Won	Reset
O1027323	ANKARA ÜNİV_DT_IHC_HC_07072026	Won	Approved
O1018349	ANKARA ÜNİVERSİTESİ_HEPATOLOJİ_2022_1188946	Won	Approved
O1023963	ADIYAMAN İSM_HK_2025_314513	Cancelled	Approved
O1027604	ÖZEL ANTAKYA SAĞLIK MOZAİK_UR_31082026	In Progress	Disapproved
O1021678	MMT_Amerikan_Fimer H - 2024-06-03 - 300000 - EUR - GÜNEY TIP TIBBİ CİH.KİM.MADD.L (0061000029) - Turkey	Won	Approved
O1022131	ANKARA ÜNİVERSİTESİ_RTD_IFA_DT_08072024	Won	Approved
O1024997	ANTALYA EAH_IHC_2025_1473748	Won	Approved
O1024997	ANTALYA EAH_IHC_2025_1473748	Won	Disapproved
O1022084	ANKARA ÜNV_CC_IM_2024_714957	Completed	Approved
O1023713	Manavgat dh DT ıhc - 2025-03-03 - 3000000 TRY - ANTALYA MANAVGAT DEVLET HASTAN (0061001563) Turkey	Completed	Approved
O1016862	GELİŞİM TIP_IM_ID_15042022	Approved	Approved
O1025271	Clone of UPDATED_AZ_BB_NAT-LS_2024 - 2024-03-01 - Labservis Ltd. (0061000004) - Azerbaijan	Won	Disapproved
O1025271	Clone of UPDATED_AZ_BB_NAT-LS_2024 - 2024-03-01 - Labservis Ltd. (0061000004) - Azerbaijan	Won	Approved
O1018198	YDA PPP GENETİK_Satış - 2022-12-01 - 2000000 - TRY - NUKLEUS SAĞLIK ÜRÜNLERİ TANI H (0061000175) - Turkey	In Progress	Started
O1019831	EGE ÜNİVERSİTESİ_NAT DT_2 AY_07062023	Approved	Approved
O1025253	HACETTEPE UNIV_AMH_KISIM 33_2025_1497824	Approved	Approved
O1025253	HACETTEPE UNIV_AMH_KISIM 33_2025_1497824	Approved	Disapproved
O1024474	ÇANAKKALE HS_SWA_ALTERNATİF_2_KİRA_2025_886102	Approved	Approved
O1021052	ADANA İSM_GLU_2023_1441147_Labotes	Approved	Approved
O1021345	Mersin Üni Pcr DT Alım - 2024-04-25 - 3000000 - TRY - MERSİN ÜNİVERSİTESİ REKTÖRLÜĞÜ (0061004230) - Turkey	Won	Approved
O1021074	Clone of ÖZEL BURTOM HASTANESİ_CC_IM_02012024	Completed	Approved
O1020119	DİYARBAKIR İSM_CC_IM_PAZARLIK_2023_784335	Won	Approved
O1024297	KIRŞEHİR İSM_PAZARLIK_2025_825135	Won	Disapproved
O1024297	KIRŞEHİR İSM_PAZARLIK_2025_825135	Won	Disapproved
O1024297	KIRŞEHİR İSM_PAZARLIK_2025_825135	Won	Approved
O1022048	AKDENİZ ÜNİVERSİTESİ_RTD_IHC_2024_667238	Approved	Approved
O1027171	Antalya EAH Tacro_DT_16.06.2026	Won	Approved
O1026142	Selçık IM DT 3 - 2026-03-26 - 30000 EUR - DETAY LAB. CİH. SAN. VE TİC. A (0061000026) Turkey	Approved	Approved
O1018390	Kny Selçk Pcr DT - 2022-12-22 - 500000 - TRY - SELÇUK ÜNİVERSİTESİ TIP FAKÜLT (0061003663) - Turkey	Approved	Approved
O1023186	HATAY İSM_PAZARLIK_UR_2024/1741098	Won	Approved
O1024329	MEDİLA LABORATUVARI_CC_IM_16062025	Won	Approved
O1023995	KSÜ_ID_DT - 2025-04-11 - 600000 TRY - KAHRAMANMARAŞ SÜTÇÜ İMAM ÜNİV  (0061003755) Turkey	In Progress	Started
O1024560	19 Mayıs Antikor DT - 2025-07-31 - 9600000 TRY - ONDOKUZ MAYIS ÜNV. SAĞ.UYG.ARŞ (0061000540) Turkey	Won	Approved
O1021637	Gazi Ünv_DT_PTH-Miyo - 2024-05-01 - 10000 - TRY - GAZİ ÜNİVERSİTESİ TIP FAKÜLTES (0061000084) - Turkey	Completed	Approved
O1021637	Gazi Ünv_DT_PTH-Miyo - 2024-05-01 - 10000 - TRY - GAZİ ÜNİVERSİTESİ TIP FAKÜLTES (0061000084) - Turkey	Completed	Disapproved
O1025550	Ümit Hastaneleri CC IM - Yeni Cihaz	Approved	Approved
O1024609	İZMİR İSM_8.KISIM_RMD_2025_890706	Approved	Disapproved
O1024609	İZMİR İSM_8.KISIM_RMD_2025_890706	Approved	Approved
O1024609	İZMİR İSM_8.KISIM_RMD_2025_890706	Approved	Disapproved
O1023860	GOP EAH_RTD_DT_13032025	Approved	Approved
O1027831	AÜ Doğrudan Alım3 -2026.08.31 TRY - ANKARA ÜNİVERSİTESİ SAĞL UYG A (0061000126) Turkey	Won	Cancelled
O1027831	AÜ Doğrudan Alım3 -2026.08.31 TRY - ANKARA ÜNİVERSİTESİ SAĞL UYG A (0061000126) Turkey	Won	Approved
O1021379	Mozaik SWA - 2024-03-26 - 170000 - EUR - DETAY LAB. CİH. SAN. VE TİC. A (0061000026) - Turkey	Completed	Approved
O1021379	Mozaik SWA - 2024-03-26 - 170000 - EUR - DETAY LAB. CİH. SAN. VE TİC. A (0061000026) - Turkey	Completed	Disapproved
O1020355	K.MARAŞ_HSM_ID_2023_762157	Completed	Cancelled
O1020355	K.MARAŞ_HSM_ID_2023_762157	Completed	Approved
O1021809	Clone of BALIKESİR İSM_CC_2024_434391	Approved	Approved
O1019721	YEDİTEPE ÜNİVERSİTESİ_E411 KİRA_22052023	Won	Approved
O1027215	2026_943642_2. KISIM_PCR_DİYARBAKIR İSM	Approved	Approved
O1020000	ANTALYA İSM ŞEHİR HASTANESİ_RTD_HC_2023_645934	Approved	Approved
O1021813	İZMİR EAH BOZYAKA_SWA 6 AYLIK_2024_625645	Completed	Approved
O1021087	DR. ABDURRAHMAN YURTASLAN ONKOLOJİ HASTANESİ_RTD_23.KALEM LAMBDA_2023_1356922	Won	Approved
O1021087	DR. ABDURRAHMAN YURTASLAN ONKOLOJİ HASTANESİ_RTD_23.KALEM LAMBDA_2023_1356922	Won	Reset
O1021087	DR. ABDURRAHMAN YURTASLAN ONKOLOJİ HASTANESİ_RTD_23.KALEM LAMBDA_2023_1356922	Won	Disapproved
O1019722	SUAT SEREN HASTANESİ_RTD_DT_24052023	Won	Approved
O1026546	2026_490509_TRAKYA ÜNİVERSİTESİ_KARDİYAK	Approved	Approved
O1018440	AFYONKOCATEPE ÜNİVERSİTESİ_UR_2022_1196934	Approved	Approved
O1020250	Clone of ÖZEL YÜKSEL TANI_CC_21062023	Completed	Approved
O1026456	Clone of 2026_399897_MANAVGAT DH_Pazarlık_RTD	Approved	Approved
O1021252	Mardin CİHANPOL_2024 - 2024-02-13 - 2000000 - TRY - DİYAR-MED SAĞLIK ÜRÜNLERİ San. (ACC-0004052772) - Turkey	Completed	Approved
O1026784	Clone of 2026_637119_IĞDIR İSM_SWA_Cihaz Satış	Approved	Disapproved
O1026784	Clone of 2026_637119_IĞDIR İSM_SWA_Cihaz Satış	Approved	Disapproved
O1026784	Clone of 2026_637119_IĞDIR İSM_SWA_Cihaz Satış	Approved	Approved
O1017128	Cobas 4800 HPV - 2022-07-25 - 220000 - TRY - VAN BÖLGE EĞİTİM VE ARAŞTIRMA  (0061004046) - Turkey	Won	Approved
O1018855	İZMED_MED_IM - 2023-03-01 - 750000 - TRY - DİYAR-MED SAĞLIK ÜRÜNLERİ SAN. (0061000054) - Turkey	Completed	Approved
O1019219	Ankara HS. e801 kira - 2023-04-30 - 250000 - TRY - DİYARMED SAĞLIK ÜR.SAN.TİC.A.Ş (0061005622) - Turkey	Won	Approved
O1026507	2026_581193_DÜZCE ÜNİVERSİTESİ_SWA_3 AYLIK PAZARLIK	Won	Approved
O1023517	AKBANK_CC_IM_28012025	Won	Approved
O1024145	INTERMED_SWA_06052025	Won	Approved
O1019079	GAZİ ÜNİVERSİTESİ_RTD_DT 516_23022023	Won	Approved
O1019818	Letgen İzolasyon - 2023-06-14 - 500000 - TRY - LETGEN BİYOTEKNOLOJİ LABORATUV (0061005075) - Turkey	Won	Approved
O1025330	Clone of Clone of ZONGULDAK İSM_2.KISIM_SWA_ID_KARDİYAK_2025_1345197	Approved	Approved
O1020824	Clone of BİLECİK HS_CC_IM_ID_2023_1200953	Approved	Approved
O1022123	GAZİANTEP_İSM_UR_2024_883279	Approved	Approved
O1022123	GAZİANTEP_İSM_UR_2024_883279	Approved	Disapproved
O1021648	KKTC Antikor 2024 - 2024-06-07 - 25000 - EUR - BIOSYS LIMITED (0061005595) - Cyprus	Won	Approved
O1025505	OSMANGAZİ ÜNİV_SPESIFIK_2025_1950163	Won	Approved
O1017407	GELİŞİM LABORATUVARI_LC480 KİRA_07072022	Won	Approved
O1022401	Özel sultan Has. Ek Cihaz - 2024-08-31 - 15000 EUR - DİYAR-MED SAĞLIK ÜRÜNLERİ SAN. (0061000054) Turkey	Won	Approved
O1024257	Clone of TRAKYA ÜNİVERSİTESİ_DT_Trig-GGT_20052025	Won	Approved
O1022969	ARTVİN İSM_COAG_2024_1512972	Approved	Disapproved
O1022969	ARTVİN İSM_COAG_2024_1512972	Approved	Approved
O1018824	Utkan_M.Point_CC_IM - 2023-03-15 - 2000000 - TRY - DİYAR-MED SAĞLIK ÜRÜNLERİ San. (ACC-0004052772) - Turkey	Completed	Approved
O1025098	AMERİKAN_INFINITY_02122025	Won	Approved
O1027846	SADİ KONUK EAH_PROJE ALIMI	Approved	Approved
O1027201	BIOS HACETTEPE FOLR1 - 2026-08-31 - 75000 EUR - BİOS BİOMEDİKAL SİSTEMLER SAN. (0061000198) Turkey	Approved	Approved
O1023383	Clone of ŞIRNAK İSM_IM_ID_2024_1678472	Won	Approved
O1020373	ÖZEL NEON HASTANESİ_CC_IM_UR_COAG	Won	Approved
O1025134	Mersin Üni DT 82807 - 2025-11-27 - 70000 EUR - DETAY LAB. CİH. SAN. VE TİC. A (0061000026) Turkey	Approved	Approved
O1021144	MALTEPE TIP MERKEZİ_CC_IM_24012024	Completed	Approved
O1021144	MALTEPE TIP MERKEZİ_CC_IM_24012024	Completed	Disapproved
O1019000	Clone of UAT_Approvals	Approved	Reset
O1027550	Clone of DEÜ Cısh-Eber - 2026-09-07 - 21120000 TRY - DOKUZ EYLÜL ÜNİVERSİTESİ HASTA (0061003667) Turkey	Won	Approved
O1026681	GAZİ ÜNİ_DT 92954	Won	Approved
O1027276	LÖSANTE_IHC_29062026	Approved	Reset
O1021407	ADNAN MENDERES ÜNİVERSİTESİ_RMD_HCV_2024_159710	Approved	Disapproved
O1021407	ADNAN MENDERES ÜNİVERSİTESİ_RMD_HCV_2024_159710	Approved	Approved
O1023340	ÜMİT HASTANELERİ_CC_IM_06012025	Won	Approved
O1023340	ÜMİT HASTANELERİ_CC_IM_06012025	Won	Cancelled
O1023340	ÜMİT HASTANELERİ_CC_IM_06012025	Won	Disapproved
O1018194	KİLİS_İSM_IM_2022_1021895	Approved	Approved
O1018831	KORU İdrar - 2024-12-31 - 500000 - TRY - KORU HAST MER LAB (0061003476) - Turkey	Completed	Cancelled
O1018831	KORU İdrar - 2024-12-31 - 500000 - TRY - KORU HAST MER LAB (0061003476) - Turkey	Completed	Approved
O1018831	KORU İdrar - 2024-12-31 - 500000 - TRY - KORU HAST MER LAB (0061003476) - Turkey	Completed	Cancelled
O1018603	GURLIFE HASTANESİ_SWA_26122022	Completed	Approved
O1022306	CUMHURİYET ÜNV_2024_922513_22.KALEM EBER	Approved	Approved
O1020972	İSTANBUL KHB-1_MULTIPLATE_GAZİ KİMYA_2023_1406860	Approved	Approved
O1022983	FIRAT ÜNV_HİSTOKİMYA_2024_1820252	Approved	Approved
O1023899	iNAYET_TOPCUOGLU_PURE - 2025-05-01 - 200000 EUR - GÜNEY TIP TIBBİ CİH.KİM.MADD.L (0061000029) Turkey	Approved	Approved
O1024504	ETİMESGUT DH_RTD_IHC_2025_297023	Approved	Cancelled
O1024504	ETİMESGUT DH_RTD_IHC_2025_297023	Approved	Approved
O1021577	KAYA MEDİKAL VİTALE HASTANESİ_CC_IM_03042024	Completed	Approved
O1024813	MEDİPOL HASTANESİ_RMD_VIROLOJİ_V2_140825	Won	Approved
O1024813	MEDİPOL HASTANESİ_RMD_VIROLOJİ_V2_140825	Won	Cancelled
O1024813	MEDİPOL HASTANESİ_RMD_VIROLOJİ_V2_140825	Won	Cancelled
O1023585	ONKOLOJİ_BIOS_RTD_05022025	Won	Approved
O1017559	MEYDAN HASTANELERİ_CC_IM_ID_15082022	Won	Approved
O1026953	Clone of AK HAYAT_2026_662121_3.KISIM_İSLAB_1_RMD	Approved	Approved
O1020073	Clone of MEDİPOL_RMD VİROLOJİ_12062023	Approved	Cancelled
O1020073	Clone of MEDİPOL_RMD VİROLOJİ_12062023	Approved	Approved
O1018552	ÖZEL ROMATEM HST. - 2022-12-31 - 1000000 - TRY - İLMED İLAÇ ve MEDİKAL ÖZEL  LA (0061000027) - Turkey	Won	Approved
O1025532	KONYA NUMUNE HST_CC_2025_1954535	Approved	Approved
O1026094	PAÜ Eber DT 2026-573 - 2026-03-03 - 480000 TRY - PAMUKKALE ÜNİVERSİTESİ (0061000235) Turkey	Won	Approved
O1023337	BURSA İSM_RMD_PCR_2024_1697018	Approved	Disapproved
O1023337	BURSA İSM_RMD_PCR_2024_1697018	Approved	Approved
O1024693	ÇANAKKALE HS_PAZARLIK_SWA_ALTERNATİF2_DC_2025_1121809	Won	Approved
O1021899	ANAMUR DH_CC_2024_733713	Won	Approved
O1017136	DÜZCE ÜNİVERSİTESİ_RTD_DT_31052022	Won	Approved
O1025206	BEYHEKİM EAH_UR_2025_1624930	Approved	Approved
O1020107	KARS İSM_COAG_2023_1039296	Approved	Approved
O1020107	KARS İSM_COAG_2023_1039296	Approved	Cancelled
O1020946	KÜTAHYA İSM_IM_ID_TORCH_2023_1344699	Approved	Approved
O1020946	KÜTAHYA İSM_IM_ID_TORCH_2023_1344699	Approved	Cancelled
O1020946	KÜTAHYA İSM_IM_ID_TORCH_2023_1344699	Approved	Disapproved
O1018638	ÇANAKKALE ÜNİVERSİTESİ_RTD_DT_29122022	Won	Approved
O1026791	ÖZMER ÖZEL SAĞLIK HİZMETLERİ_CC_IM_V2	Approved	Approved
O1018854	İNÖNÜ ÜNV_SPE IM_2023_35079	Completed	Approved
O1024688	ORDU İSM_IHC_2025_1035753	In Progress	Cancelled
O1026526	2026_540288 İZMİR ÇİĞLİ EAH_ID	Approved	Approved
O1026116	TEST quote for RITM6046848	In Progress	Disapproved
O1026116	TEST quote for RITM6046848	In Progress	Disapproved
O1027223	ÖZEL BÜYÜK ÇUKUROVA LAB - 2026-07-30 - 3000000 TRY - ROCHE DIAGNOSTICS TURKEY A.Ş.  (0061000058) Turkey	Approved	Approved
O1017080	Clone of KOCAELİ ÜNİVERSİTESİ_CC_IM_2022_351537	Approved	Approved
O1018836	ÇANAKKALE ONSEKİZ MART ÜNİVERSİTESİ_RTD_IHC_2023_27871	Completed	Approved
O1017317	HACETTEPE ÜNV_MULTIPLATE_2022_577052	Won	Approved
O1019362	KANUNİ EAH_IHC_2023_273136	Won	Approved
O1021223	ÖZEL ATASAM HST - 2024-02-29 - 360000 - EUR - İLMED İLAÇ ve MEDİKAL ÖZEL  LA (0061000027) - Turkey	Completed	Approved
O1025077	BİOLAB_IHC_26092025	Approved	Approved
O1017733	KOCAELİ ÜNİVERSİTESİ_İLAVE CİHAZ VE PARAMETRE_2022_351537	Cancelled	Disapproved
O1017733	KOCAELİ ÜNİVERSİTESİ_İLAVE CİHAZ VE PARAMETRE_2022_351537	Cancelled	Approved
O1019007	İZMİR İSM_CC_IM_14.KISIM_2023_100210	Approved	Approved
O1020744	KTÜ Patoloji 2023_1409758	Completed	Approved
O1027823	2026_1418685_13.KISIM_1.GRUP IM_ANTALYA İSM_v3	Approved	Approved
O1016883	BÜLENT ECEVİT ÜNİVERSİTESİ_ID_2022_294554	Completed	Approved
O1016883	BÜLENT ECEVİT ÜNİVERSİTESİ_ID_2022_294554	Completed	Disapproved
O1016883	BÜLENT ECEVİT ÜNİVERSİTESİ_ID_2022_294554	Completed	Cancelled
O1019683	RİZE İSM_ID_2023_423705	Approved	Approved
O1024132	Clone of ELAZIĞ FIRAT 1 KALEM DT - 2025-03-04 - 5000000 TRY - FIRAT ÜNİVERSİTESİ HASTANESİ F (0061003864) Turkey	Won	Approved
O1025577	ABDURRAHMAN YURTASLAN_ROS1_3.kısım_2025_1883395	Won	Approved
O1027906	İSTANBUL ÜNİV ÇAPA_PROGESTERON_DT_16092026	Approved	Approved
O1027906	İSTANBUL ÜNİV ÇAPA_PROGESTERON_DT_16092026	Approved	Cancelled
O1023917	Clone of AKDENİZ ÜNİVERSİTESİ_TÜRBİDİMETRİ-2_GRUP B_2025_144954	Approved	Approved
O1021464	LIFEMED_CC_12032024	Completed	Approved
O1026563	2026_451926_2.KISIM_BÜLENT ECEVİT ÜNİVERSİTESİ_SWA	Approved	Approved
O1017439	VİROMED SIHHAT_e 601 - 2023-12-29 - 0 - TRY - ÖZKAYA LABORATUVAR SİST. SAĞ.  (0061000368) - Turkey	Won	Approved
O1017439	VİROMED SIHHAT_e 601 - 2023-12-29 - 0 - TRY - ÖZKAYA LABORATUVAR SİST. SAĞ.  (0061000368) - Turkey	Won	Reset
O1017283	ANTALYA EAH_RTD_MOL ONKOLOJİ_PAZARLIK_2022_608098	Approved	Approved
O1024378	29 MAYIS DH_RTD_IHC_2025_751676	Won	Disapproved
O1024378	29 MAYIS DH_RTD_IHC_2025_751676	Won	Approved
O1024611	Rize EAH DT - 2025-07-31 - 3000000 TRY - T.C.S.B RECEP TAYYİP ERDOĞAN Ü (0061000348) Turkey	Won	Approved
O1015802	İZMİR PPP_MS_CİHAZ 50 bin Test izolasyon_211206	Won	Approved
O1015802	İZMİR PPP_MS_CİHAZ 50 bin Test izolasyon_211206	Won	Cancelled
O1018467	İSLAB-4 EK CİHAZ KİRASI_06122022	Won	Approved
O1026037	afyon dh Dt şubat ihc - 2026-02-27 - 3114000 TRY - AFYONKARAHİSAR DEVLET HASTANES (0061000284) Turkey	Won	Approved
O1022014	Clone of Mersin Üni Her2 DT Alım - 2024-07-15 - 2550000 TRY - MERSİN ÜNİVERSİTESİ REKTÖRLÜĞÜ (0061004230) Turkey	Approved	Approved
O1026936	2026_763589 İZMİR İSM_SWA	Approved	Approved
O1024070	MANAVGAT DH_RTD_IHC_2025_572002	Won	Approved
O1027043	Güven Has_HER 2_03062026	Won	Approved
O1017574	VAN BÖLGE EĞİTİM VE ARAŞTIRMA HST_DAP_ANTİKOR_İHK_2022_780571	Won	Approved
O1018769	BAŞAKŞEHİR TIP MERKEZİ_CC_IM_10012023	Completed	Approved
O1018860	EREN HASTANESİ_CC_IM_25012023	In Progress	Started
O1019147	ANKARA HS_PCR_2023_20127	Approved	Approved
O1027964	ÇİĞLİ EAH CİHAZ SATIŞ - 2026-10-30 - 500000 EUR - NUKLEUS SAĞLIK HİZMETLERİ A.Ş. (0061000175) Turkey	Approved	Approved
O1023689	MUŞ İSM_PAZARLIK_IM_2025_254813	Won	Approved
O1026806	Clone of LETGEN 2026_04 - 2026-06-30 - 60000 EUR - LETGEN BİYOTEKNOLOJİ LABORATUV (0061005075) Turkey	Approved	Reset
O1020809	İZMİR BOZYAKA EAH_RMD_2023_1270281	Approved	Approved
O1022871	BİRİM LABORATUVARLARI_CC_IM_07112024	Completed	Approved
O1021333	TÜRKİYE HASTANESİ_CC_IM_ID20022024	Completed	Approved
O1021333	TÜRKİYE HASTANESİ_CC_IM_ID20022024	Completed	Disapproved
O1019649	TIPBAY_ÇANKAYA TIP MERKEZİ_ID_15052023	Approved	Approved
O1025842	KTU - 2026-02-18 - 10000 EUR - VİTROLAB LABORATUVAR SİSTEMLER (0061000469) Turkey	Approved	Approved
O1026732	Özel Karatekin Hastanesi_SWA_27042026	Approved	Approved
O1027884	Clone of 2026_1503681 BURSA İSM_PREANALİTİK	Approved	Disapproved
O1027884	Clone of 2026_1503681 BURSA İSM_PREANALİTİK	Approved	Approved
O1026155	2026_148161 İZMİR BEHÇET UZ HAST_ID	Approved	Approved
O1017198	DÜZEN LABORATUVARI_UR_06062022	Won	Approved
O1024569	İZMİR İSM_19.KISIM_UR_2025_896673	Approved	Disapproved
O1024569	İZMİR İSM_19.KISIM_UR_2025_896673	Approved	Approved
O1025603	CUMHURBAŞKANLIĞI MİT MÜSTEŞARLIĞI_CC_IM_UR_2026	Won	Disapproved
O1025603	CUMHURBAŞKANLIĞI MİT MÜSTEŞARLIĞI_CC_IM_UR_2026	Won	Approved
O1020958	GE_Limbach_Mirco-2025	Approved	Approved
O1021516	INTERMED_SWA_25032024	Completed	Approved
O1020905	ÇANKIRI DH_PAZARLIK_2023_1448639	Completed	Approved
O1024236	ANKARA ÜNV_PAZARLIK_KARDİYAK_2025_620243	Won	Disapproved
O1024236	ANKARA ÜNV_PAZARLIK_KARDİYAK_2025_620243	Won	Disapproved
O1024236	ANKARA ÜNV_PAZARLIK_KARDİYAK_2025_620243	Won	Cancelled
O1024236	ANKARA ÜNV_PAZARLIK_KARDİYAK_2025_620243	Won	Disapproved
O1024236	ANKARA ÜNV_PAZARLIK_KARDİYAK_2025_620243	Won	Approved
O1026097	Dünya Göz Hastaneleri - 2026-02-25 - 10000 EUR - PAY MEDİKAL TIBBİ ÜRÜNLER LTD. (0061005204) Turkey	Won	Approved
O1021120	Clone of Centro_RIE - 2023-11-15 -  BİRUNİ TIBBİ ÜRÜNLER YÖN.ORG.  (0061005096) - Turkey	In Progress	Started
O1024880	Clone of 19 MAYIS ÜNİVERSİTESİ_2025_733886	Won	Approved
O1024020	ÇEKİRGE DH_RTD_DT_IHC_11042025	Won	Approved
O1017645	TEKİRDAĞ YAŞAM HASTANESİ_CC_IM_22082022	Completed	Disapproved
O1017645	TEKİRDAĞ YAŞAM HASTANESİ_CC_IM_22082022	Completed	Approved
O1017645	TEKİRDAĞ YAŞAM HASTANESİ_CC_IM_22082022	Completed	Cancelled
O1018472	BOZYAKA EAH_RTD_DT_06122022	Completed	Approved
O1019349	MEDICANA GRUBU_CC_IM_28032023	Approved	Approved
O1019349	MEDICANA GRUBU_CC_IM_28032023	Approved	Cancelled
O1020530	İZMİR TEPECİK EAH_RTD_PAZARLIK_2023_1114818	Won	Approved
O1018448	Clone of ADNAN MENDERES ÜNİVERSİTESİ_RMD_2022_1174507	Completed	Approved
O1024178	TRAKYA ÜNİVERSİTESİ_RMD_PCR_2025_845063	Approved	Cancelled
O1024178	TRAKYA ÜNİVERSİTESİ_RMD_PCR_2025_845063	Approved	Approved
O1024178	TRAKYA ÜNİVERSİTESİ_RMD_PCR_2025_845063	Approved	Cancelled
O1020186	NEMESİS MEDDEM HASTANESİ_IM_ID_16082023	Approved	Approved
O1021661	DİYARBAKIR İSM_CC_IM_PAZARLIK_2024_516276	Approved	Approved
O1018969	PAMUKKALE ÜNİVERSİTESİ_RTD_EBER_DT_09022023	Won	Approved
O1018993	İSTANBUL SANCAKTEPE ŞEHİT PROF HASTANESİ_RTD_SISH&CISH_DT_13022023	Won	Approved
O1026312	ÖZEL ÇORUM HASTANESİ_09032026	Won	Approved
O1016895	ALANYA DH_RTD_IHC_2022_375161	Won	Approved
O1026468	SÜLEYMAN DEMİREL ÜNİVERSİTESİ_ID_DT_17032026	Won	Approved
O1018351	DT DAP Alımı - 2022-12-12 - 2520000 - TRY - DICLE UNV TIP (0061002669) - Turkey	Won	Approved
O1022832	BİNGÖL İSM_IM_PAZARLIK_2024_1444099	Won	Approved
O1020223	Hacettepe PCT - 2023-09-10 - 1200000 - TRY - HACETTEPE ÜNİVERSİTESİ DÖNER S (0061003996) - Turkey	Won	Approved
O1020147	Yaşam PCT - 2023-09-20 - 20000 - EUR - DETAY LAB. CİH. SAN. VE TİC. A (0061000026) - Turkey	Approved	Approved
O1026277	ÖZEL SAMSUN MEDİCALPARK_16032026	Won	Approved
O1025153	Clone of AKDENİZ ÜNİ_MD_26092025	Won	Approved
O1024279	REFERANS LABORATUVARI_CC_IM_REV5_26052025	Approved	Approved
O1019480	ISPARTA ISM_İLÇELER_IM_ID_2023_355319	Approved	Reset
O1020099	DR. ABDURRAYMAN YURTASLAN ONKOLOJİ HASTANESİ_SEQ_2023_650487	Approved	Approved
O1019606	Clone of GAZİ ÜNİVERSİTESİ_RTD_IHC_1.KISIM_2023_39077	Completed	Approved
O1026828	2026_698781_RTD_BALIKESİR ÜNİVERSİTESİ	Won	Approved
O1027746	AÜ Doğrudan Alım2 -2026.08.31 TRY - ANKARA ÜNİVERSİTESİ SAĞL UYG A (0061000126) Turkey	Won	Approved
O1018219	EGE ÜNİVERSİTESİ_RMD_NAT_2.KISIM_2022_1080565	Approved	Cancelled
O1018219	EGE ÜNİVERSİTESİ_RMD_NAT_2.KISIM_2022_1080565	Approved	Approved
O1025993	SPEKTROMAR TM_CC_IM_ALTERNATİF_2_DC_26012026	Won	Approved
O1019376	ETİMESGUT DH_ID_2023_242480	Approved	Approved
O1027698	İSTANBUL ÜNİVERSİTESİ_CERRAHPAŞA TF_SWA_2025_760282_CİHAZ SATIŞ	Approved	Approved
O1027698	İSTANBUL ÜNİVERSİTESİ_CERRAHPAŞA TF_SWA_2025_760282_CİHAZ SATIŞ	Approved	Disapproved
O1019128	İSTANBUL ÜNİVERSİTESİ CERRAHPAŞA TF_IHC_2023_61670	Approved	Approved
O1024737	ERZİNCAN İSM_İHK_2025_1042458	Approved	Approved
O1021823	ÜSKÜDAR DH_RTD_IHC_2024_674650	Approved	Approved
O1025584	BALIKESİR İSM_ID_2025_1869627 Reagent Rental Model	Approved	Approved
O1019745	ZONGULDAK ATATÜRK DH_CC_IM_PAZARLIK_2023_536144	Won	Approved
O1021272	KAPA HyperPlus(96rx) - 2024-02-15 - 306000 - EUR - GEN ERA DİAGNOSTİK SAĞLIK HİZM (0061005563) - Turkey	Approved	Approved
O1021727	ZEYNEP KAMİL EAH_RTD_IHC_DT_07052024	Completed	Approved
O1017957	VAN YÜZÜNCÜ YIL ÜNV_İHK_İFA_2022_968240	Approved	Approved
O1024870	CENTRO_PREANALİTİK_BAKIM_27082025	In Progress	Disapproved
O1024870	CENTRO_PREANALİTİK_BAKIM_27082025	In Progress	Cancelled
O1022717	ANTALYA ATATÜRK DH_ID_2024_1221419	In Progress	Disapproved
O1021861	BOZYAZI İLÇE DH_PAZARLIK ALIMI_29052024	Approved	Disapproved
O1021861	BOZYAZI İLÇE DH_PAZARLIK ALIMI_29052024	Approved	Approved
O1018152	KİLİS_İSM_CC_2022_1021895	Completed	Approved
O1022789	ANKARA ATATÜRK SANATORYUM_CC_2024_1323302	Approved	Approved
O1021635	ANKARA ÜNV_PAZARLIK_SP IM_2024_462031	Won	Approved
O1026730	ACIBADEM_2 KURUM_MASLAK_MERKEZ_CC_IM_V2_24042026	Won	Approved
O1026730	ACIBADEM_2 KURUM_MASLAK_MERKEZ_CC_IM_V2_24042026	Won	Disapproved
O1019782	ISPARTA SÜLEYMAN DEMİREL ÜNİVERSİTESİ_3.KISIM CC ID_2023_469521	Completed	Approved
O1026996	2025_2010085_SAMSUN İSM_ p701 Kira	In Progress	Disapproved
O1026996	2025_2010085_SAMSUN İSM_ p701 Kira	In Progress	Disapproved
O1027051	2026_819036_5.KISIM_SP_ÇUKUROVA ÜNİVERSİTESİ	Won	Approved
O1026125	MEMORIAL MOLEKÜLER - 2026-05-14 - 100000 EUR - ÖZGÜN KİMYEVİ MADDE TIBBİ MALZ (0061000040) Turkey	Approved	Approved
O1024988	Mersin Üni CMV  AVDT DT - 2025-09-30 - 60000 EUR - DETAY LAB. CİH. SAN. VE TİC. A (0061000026) Turkey	Approved	Approved
O1025738	Clone of AFYON İSM_16.KISIM_ID_2025_2032490	Won	Approved
O1027129	WORLD İSTANBUL CENTERMED_DARÜLAZECE_CC_IM_180620	Won	Approved
O1017468	BALIKESİR ÖZEL SEVGİ HASTANESİ_CC_IM_27072022	Won	Approved
O1022224	3 aylık Clone of Updt of BİOGEN-BİLKENTPPP EURO - 2024-06-30 - 780000 EUR - BİOGEN DİAGNOSTİK SİSTEMLER A. (0061004859) Turkey	Won	Approved
O1021582	MERAM DH_IM_2024_311351	Approved	Approved
O1021582	MERAM DH_IM_2024_311351	Approved	Disapproved
O1024427	MARDİN 1000 TEST ANTİKOR - 2025-07-03 - 5000000 TRY - MARDİN DEVLET HASTANESİ (0061005325) Turkey	Won	Approved
O1023264	DÜZEN_SWA_2025	Approved	Approved
O1023264	DÜZEN_SWA_2025	Approved	Disapproved
O1017566	CENTRO LABORATUVRAI_SWA_ALTERNATİF_2_10082022	In Progress	Started
O1022081	Clone of Clone of KAPA HyperPlus(96rx) - 2024-02-15 - 306000 - EUR - GEN ERA DİAGNOSTİK SAĞLIK HİZM (0061005563) - Turkey	Won	Approved
O1019082	SURP PIRGIÇ ERMENİ HASTANESİ_CC_IM_27022023	Completed	Disapproved
O1019082	SURP PIRGIÇ ERMENİ HASTANESİ_CC_IM_27022023	Completed	Approved
O1027470	2026_1135279 DENİZLİ İSM_SWA	Approved	Approved
O1020904	KONYA NUMUNE HASTANESİ_RTD_IHC_2023_1237608	Completed	Approved
O1018877	Mozaik KOAG - 2023-03-08 - 400000 - TRY - DETAY LAB. CİH. SAN. VE TİC. A (0061000026) - Turkey	Won	Approved
O1027556	2026_1470409 MANİSA MERKEZEFENDİ DEVLET_IHK	Approved	Approved
O1021378	RTU Antikor Maraş - 2024-03-25 - 60000 - EUR - EPİFARMA KİMYASAL VE TIBBİ ÜRÜ (0061004345) - Turkey	Won	Approved
O1021378	RTU Antikor Maraş - 2024-03-25 - 60000 - EUR - EPİFARMA KİMYASAL VE TIBBİ ÜRÜ (0061004345) - Turkey	Won	Reset
O1021378	RTU Antikor Maraş - 2024-03-25 - 60000 - EUR - EPİFARMA KİMYASAL VE TIBBİ ÜRÜ (0061004345) - Turkey	Won	Cancelled
O1020568	Adana Ism Gluk Labts - 2023-11-28 - 100000 - EUR - DETAY LAB. CİH. SAN. VE TİC. A (0061000026) - Turkey	Won	Approved
O1018110	GİRESUN HS_CC_IM_PT_2022_1021578	Completed	Cancelled
O1018110	GİRESUN HS_CC_IM_PT_2022_1021578	Completed	Approved
O1021197	CUMHURİYET SISH DT - 2024-02-23 - 1080000 - TRY - T.C. SİVAS CUMHURİYET ÜNİV. AR (0061000435) - Turkey	Completed	Approved
O1019422	KZ_2023_MPK	Approved	Disapproved
O1019422	KZ_2023_MPK	Approved	Approved
O1017547	Clone of NEW contract KG_AQUALAB_2022 add AZ	Approved	Approved
O1020536	İZMİR İSM.3.GRUP_PRE_SWA_2023_873859	Approved	Approved
O1021657	ASM_RTD_IHC_24042024	Approved	Approved
O1022498	ISPARTA ISM_İLÇELER_CC_IM_ 2024_1094773	Approved	Approved
O1020569	BOLU ABANT İZZET BAYSAL ÜNİVERSİTESİ_SWA_2023_1073414	Approved	Approved
O1020569	BOLU ABANT İZZET BAYSAL ÜNİVERSİTESİ_SWA_2023_1073414	Approved	Cancelled
O1020569	BOLU ABANT İZZET BAYSAL ÜNİVERSİTESİ_SWA_2023_1073414	Approved	Disapproved
O1025807	EGE ÜNİV_ID_2025/2122493	Approved	Approved
O1024422	KONYA VETERİNERLİK_SEQ_20062025	Won	Approved
O1018311	IHK DT DIŞKAPI - 2023-02-02 - 300000 - TRY - S.B.DIŞKAPI YILDIRIM BEYAZIT E (0061000157) - Turkey	Approved	Approved
O1017949	Clone of AMERİKAN GRUBU_GLUCOMETRE_02092022	Won	Approved
O1021914	DIŞKAPI EAH_CC_IM_UR_COAG_2024_757464	Completed	Approved
O1023462	KASTAMONU EAH_IHC_2025_22977	Approved	Approved
O1027904	Selçuk Üni DT 105716 - 2026-10-20 - 90000 EUR - DETAY LAB. CİH. SAN. VE TİC. A (0061000026) Turkey	Approved	Approved
O1022612	ERCİYES ÜNİVERSİTESİ_RTD_IHK_DT_30092024	Won	Approved
O1018815	DT CISH Alımı - 2023-02-13 - 840000 - TRY - DİYARBAKIR GAZİ YAŞARGİL EĞİTİ (0061004308) - Turkey	Won	Approved
O1023447	STAR MEDICA_CC_IM_20012025	Won	Approved
O1022806	ÖZEL ROYAL HASTANELERİ_SWA_COBAS 6000_ALTERNATİF 1_05112024	Approved	Approved
O1018392	ŞEREFLİKOÇHİSAR DH_PAZARLIK_CC_IM_2022_1263846	Won	Approved
O1020764	FIRAT ÜNİVERSİTESİ_ANTİKOR_2023_1211308	Completed	Approved
O1022821	ANKARA ÜNİVERSİTESİ_RTD_ISH_31102024	Won	Approved
O1025974	2025_2489205_İSTANBUL KHB_ANADOLU GÜNEY_RTD	Approved	Approved
O1021361	BEZMİALEM ÜNV iHK/HK - 2024-03-11 - 20000000 - TRY - BEZMİ ALEM VAKIF ÜNİVERSİTESİ  (0061000529) - Turkey	Approved	Disapproved
O1021361	BEZMİALEM ÜNV iHK/HK - 2024-03-11 - 20000000 - TRY - BEZMİ ALEM VAKIF ÜNİVERSİTESİ  (0061000529) - Turkey	Approved	Approved
O1021361	BEZMİALEM ÜNV iHK/HK - 2024-03-11 - 20000000 - TRY - BEZMİ ALEM VAKIF ÜNİVERSİTESİ  (0061000529) - Turkey	Approved	Cancelled
O1018519	MEDİİSTANBUL_CC_IM_22122022	Completed	Approved
O1018733	AMASYA İSM_GLU_2022_1395764	Lost	Approved
O1017441	ERCİYES ÜNİVERSİTESİ_SWA_2022_679156	Completed	Disapproved
O1017441	ERCİYES ÜNİVERSİTESİ_SWA_2022_679156	Completed	Approved
O1018162	KİLİS_İSM_ID_ 2022_1021895	Approved	Approved
O1021094	GÖZTEPE PROF.DR. SÜLEYMAN YALÇIN HASTANESİ_RTD_IHC_PAZARLIK_2024_38369	Completed	Approved
O1019790	KARADENİZ EREĞLİ HASTANESİ_CC_IM_PAZARLIK_2023_564781	Won	Approved
O1021316	Clone of GAZİANTEP HSM_SWA_UR_2024_10260_V2	Completed	Approved
O1021058	İSLAB 2 _GATA_CİHAZ KİRASI_09012024	Approved	Approved
O1027676	432_2026_IM_KKTC BAKANLIK	Approved	Approved
O1019978	ePENDİK ŞİFA HASTANESİ_IM_11072023	Approved	Approved
O1019978	ePENDİK ŞİFA HASTANESİ_IM_11072023	Approved	Disapproved
O1021605	AHENK KİRA_CC_IM_02042024	Approved	Approved
O1026533	Clone of YAKIN DOĞU ÜNİVERSİTESİ_COAG_13032026	Approved	Approved
O1026533	Clone of YAKIN DOĞU ÜNİVERSİTESİ_COAG_13032026	Approved	Cancelled
O1021770	AYDIN ADNAN MENDERES ÜNİVERSİTESİ_RMD HCV_DT_20052024	Approved	Approved
O1021770	AYDIN ADNAN MENDERES ÜNİVERSİTESİ_RMD HCV_DT_20052024	Approved	Cancelled
O1021770	AYDIN ADNAN MENDERES ÜNİVERSİTESİ_RMD HCV_DT_20052024	Approved	Disapproved
O1018918	Clone of KORU HASTANESİ_MULTIPLATE_05122022	Approved	Approved
O1019901	ÇANAKKALE HSL_SWA_PAZARLIK_2023_634940	Won	Approved
O1027493	ANKARA ÜNİV_DT 7_IHC_HC_28072026	Won	Approved
O1026970	ELİPS 2026 LC PRO INST - 2026-08-31 - 540000 EUR - ELİPS SAĞLIK ÜRÜNLERİ İTH.VE İ (0061000064) Turkey	Approved	Approved
O1017307	İLLER BANKASI - 2022-07-31 - 100000 - TRY - ORSİS MED.ELEK. BİLG.VE İLET.S (0061000452) - Turkey	Won	Approved
O1018175	MANİSA PPP EK GRUPLAR - 2023-06-30 - 6500000 - TRY - NUKLEUS SAĞLIK ÜRÜNLERİ TANI H (0061000175) - Turkey	In Progress	Started
O1024244	Clone of DOKUZ EYLÜL ÜNİVERSİTESİ_RMD_2025_225895	Completed	Approved
O1022535	MANİSA İSM_COAG_4.KISIM_2024_1096707	Approved	Disapproved
O1022535	MANİSA İSM_COAG_4.KISIM_2024_1096707	Approved	Approved
O1017518	SONOMED_CC_04082022	Won	Approved
O1017518	SONOMED_CC_04082022	Won	Disapproved
O1019032	İSTANBUL ÜNİVERSİTESİ CERRAHPAŞA TF_RTD_IHC_PAZARLIK_2023_152173	Won	Approved
O1020114	OMÜ_PCT - 2023-10-31 - 69600 - EUR - İLMED İLAÇ ve MEDİKAL ÖZEL  LA (0061000027) - Turkey	Approved	Approved
O1025166	TUNCELİ İSM_IM_2025_1445680	Approved	Disapproved
O1025166	TUNCELİ İSM_IM_2025_1445680	Approved	Disapproved
O1025166	TUNCELİ İSM_IM_2025_1445680	Approved	Approved
O1020784	ESKİŞEHİR İSM_8.KISIM_GLUKOMETRE_2023_1179185	Completed	Approved
O1020413	PATHERN LABORATUVARI_RTD_IHK_02102023	Completed	Approved
O1025735	ESKİŞEHİR İSM_8.KISIM_GLUKOMETRE_2025_2270340	Won	Approved
O1025735	ESKİŞEHİR İSM_8.KISIM_GLUKOMETRE_2025_2270340	Won	Cancelled
O1025777	Clone of Clone of CENTRO_PREANALİTİK_BAKIM_27082025	Won	Approved
O1022359	Test Quote	In Progress	Started
O1026756	BMED İlaç FOLR1 - 2026-05-29 - 9000 EUR - EPİFARMA LABORATUVAR ÜRÜNLERİ  (0061004345) Turkey	Won	Approved
O1026469	GAZİ ÜNİ_DT_684_17032026	Won	Approved
O1020600	GİRESUN EAH_COAG_2023_1148036	Completed	Reset
O1020600	GİRESUN EAH_COAG_2023_1148036	Completed	Approved
O1020600	GİRESUN EAH_COAG_2023_1148036	Completed	Cancelled
O1020600	GİRESUN EAH_COAG_2023_1148036	Completed	Cancelled
O1019412	DOKUZ EYLÜL ÜNİVERSİTESİ_SEROLOJİ ID_2023_205113	Approved	Approved
O1025257	TOROS - TARSUS_SWA_2025/1595701	Approved	Cancelled
O1025257	TOROS - TARSUS_SWA_2025/1595701	Approved	Approved
O1027524	ERZİN SEVGİ HASTANESİ_IM_ID_03082026	Approved	Approved
O1022575	Bilgi Hast.SWA - 2024-10-31 - 200000 EUR - DEVA KİMYA SANAYİ VE TİCARET L (0061000074) Turkey	Approved	Approved
O1024185	Ena Lab CC - 2025-06-30 - 300000 EUR - DETAY LAB. CİH. SAN. VE TİC. A (0061000026) Turkey	Approved	Approved
O1027855	Clone of ÖZEL ANTAKYA SAĞLIK_MOZAİK_SWA_31082026	Approved	Approved
O1027736	AÜ Doğrudan Alım1 -2026.08.31 TRY - ANKARA ÜNİVERSİTESİ SAĞL UYG A (0061000126) Turkey	Approved	Approved
O1022837	FIRAT ÜNV_HİSTOKİMYA_2024_1292730	Approved	Approved
O1022837	FIRAT ÜNV_HİSTOKİMYA_2024_1292730	Approved	Disapproved
O1025452	ELİPS_RTD_14112025	Won	Approved
O1018881	YENİMAHALLE EAH_IM_2022_1491839	Approved	Approved
O1018881	YENİMAHALLE EAH_IM_2022_1491839	Approved	Cancelled
O1022165	ACIBADEM_MULTIPLATE_16072024	Approved	Approved
O1019699	HACETTEPE ÜNV_ID_2023_394097	Approved	Approved
O1024672	MERSİN ÜNİ 81682 DT 850 - 2025-08-28 - 5000000 TRY - MERSİN ÜNİVERSİTESİ REKTÖRLÜĞÜ (0061004230) Turkey	Approved	Approved
O1020640	Final_GE_HPV_c4800_2024	Approved	Approved
O1026023	Mersin Uni DT 84546 - 2026-02-27 - 20000 EUR - DETAY LAB. CİH. SAN. VE TİC. A (0061000026) Turkey	Approved	Approved
O1019756	SAKARYA EAH_3.KISIM IM_ID_2023_412451	Approved	Approved
O1027120	TRAKYA BÖLGE ÖZEL HASTANELER_2H_SWA15062026	Approved	Approved
O1026199	TEKİRDAĞ PPP - 2026-03-31 - 14000000 TRY - ÖZGÜN KİMYEVİ MADDE TIBBİ MALZ (0061000040) Turkey	Approved	Approved
O1017314	KARABÜK HSL_CC_IM_2022_521288	Approved	Approved
O1027832	ANKARA ÜNİV_DT 9_IHC_HC_01092026	Won	Approved
O1021192	YENİMAHALLE EAH_RTD_DT_29012024	Completed	Approved
O1026850	Clone of 2026_637119_IĞDIR İSM_SWA_DC	Won	Approved
O1018442	Clone of KOCAELİ_RTD HPV BAP_23112022	Completed	Approved
O1018648	ANKARA EAH_RTD_IHC_2022_1385929	Won	Approved
O1020717	CUMHURİYET ÜNİVERSİTESİ_HK_2023_1233797	Completed	Approved
O1025648	KANUNİ EAH_IHC_2025_2131342	Approved	Approved
O1025930	QWIZ_test_notification	Cancelled	Cancelled
O1020528	ZONGULDAK İSM_SWA_2023_1007834	Approved	Approved
O1026481	Özel Türklab_IM_23032026	Approved	Disapproved
O1026481	Özel Türklab_IM_23032026	Approved	Cancelled
O1026481	Özel Türklab_IM_23032026	Approved	Approved
O1026481	Özel Türklab_IM_23032026	Approved	Cancelled
O1026481	Özel Türklab_IM_23032026	Approved	Reset
O1026481	Özel Türklab_IM_23032026	Approved	Cancelled
O1025595	AZ_LS_DTX_Invs Case_2025	Won	Approved
O1022545	ESPİYE DH_2.PAZARLIK_2024_1223104	Completed	Approved
O1023728	ANKARA ÜNV_ID_2025_391388	Approved	Cancelled
O1023728	ANKARA ÜNV_ID_2025_391388	Approved	Approved
O1023728	ANKARA ÜNV_ID_2025_391388	Approved	Cancelled
O1021614	BURSA HSL_CC_IM_ID_2024_232425	Approved	Approved
O1018387	SPESERA HASTANESİ_CC_IM_12122022	Approved	Approved
O1021133	SAMSUN HSL_CC_IM_UR_PAZARLIK_2024_59009	Completed	Cancelled
O1021133	SAMSUN HSL_CC_IM_UR_PAZARLIK_2024_59009	Completed	Approved
O1027303	Aydın Sehir 2026-370 İHC - 2026-07-08 - 2988000 TRY - AYDIN ŞEHİR HASTANESİ (0061006256) Turkey	Won	Approved
O1019060	BÜLENT ECEVİT ÜNİVERSİTESİ_RTD_DAB_DT_17022023	Won	Approved
O1021104	Proje Alımı - 2024-01-31 - 3600 - EUR - EPİFARMA KİMYASAL VE TIBBİ ÜRÜ (0061004345) - Turkey	Won	Approved
O1022258	Clone of AKSARAY ÜNİVERSİTESİ EAH_RTD_IHC_2024_875469	Approved	Approved
O1024796	LETGEN KIT MAIN - 2025-09-30 - 12000 EUR - LETGEN BİYOTEKNOLOJİ LABORATUV (0061005075) Turkey	Won	Approved
O1017936	GAMA_LAB - 2022-12-01 - 1500000 - TRY - GÜNEY TIP TIBBİ CİH.KİM.MADD.L (0061000029) - Turkey	Won	Approved
O1025540	GAZİANTEP ÜNİVERSİTESİ_RMD_2025_1780409	Approved	Approved
O1025843	EDİRNE İSM_BG_2025_2216286	Approved	Approved
O1019333	PAMUKKALE ÜNİVERSİTESİ_RTD_DT_29032023	Won	Approved
O1018830	KORU Hast_SWA - 2023-04-01 - 7000000 - TRY - KORU HAST MER LAB (0061003476) - Turkey	Completed	Cancelled
O1018830	KORU Hast_SWA - 2023-04-01 - 7000000 - TRY - KORU HAST MER LAB (0061003476) - Turkey	Completed	Approved
O1024679	Avcılar Anadolu Hastanesi_CC_IM_29072025	Approved	Approved
O1027066	KADIKÖY INVITRO LAB_CC_IM_24042026	Approved	Approved
O1027066	KADIKÖY INVITRO LAB_CC_IM_24042026	Approved	Disapproved
O1021826	Van İSM ek Cihaz 2024 - 2024-06-09 - 100000 EUR - DİYAR-MED SAĞLIK ÜRÜNLERİ SAN. (0061000054) Turkey	Won	Approved
O1020038	QPCR Teklifimiz - 2023-08-01 - 300000 - TRY - KURUL LABORATUVAR ÜRÜNLERİ ELE (0061004171) - Turkey	Approved	Approved
O1018956	TRG HOSPITALIST_CC_IM_07022023	Completed	Approved
O1018956	TRG HOSPITALIST_CC_IM_07022023	Completed	Disapproved
O1026103	2026_149644_BURDUR İSM_CC	Approved	Approved
O1026103	2026_149644_BURDUR İSM_CC	Approved	Disapproved
O1025599	İSTANBUL ÜNİVERSİTESİ ÇAPA_PAZARLIK_2025_2320765	Won	Cancelled
O1025599	İSTANBUL ÜNİVERSİTESİ ÇAPA_PAZARLIK_2025_2320765	Won	Approved
O1022953	GAZİANTEP_İSM_UR_2024_1501148	Approved	Disapproved
O1022953	GAZİANTEP_İSM_UR_2024_1501148	Approved	Approved
O1024996	ALANYA EAH_IHC_2025_1428812_20250917	Won	Disapproved
O1024996	ALANYA EAH_IHC_2025_1428812_20250917	Won	Approved
O1017548	TANI LABORATUVARI_IM_ID_09082022	Won	Approved
O1024300	Clone of ANKARA ÜNV_PAZARLIK_CC_IM_2025_620243	Approved	Approved
O1024300	Clone of ANKARA ÜNV_PAZARLIK_CC_IM_2025_620243	Approved	Disapproved
O1024300	Clone of ANKARA ÜNV_PAZARLIK_CC_IM_2025_620243	Approved	Disapproved
O1019094	İLGİ HASTANESİ_CC_IM_28022023	Approved	Approved
O1019564	RTU & DAB - 2023-06-19 - 480000 - TRY - EPİFARMA KİMYASAL VE TIBBİ ÜRÜ (0061004345) - Turkey	Won	Approved
O1017478	Mersin ISM Ek KİRA - 2022-08-15 - 35000 - TRY - DETAY LAB. CİH. SAN. VE TİC. A (0061000026) - Turkey	Won	Approved
O1021195	MANİSA HS_CC_IM_REVİZE_2023_1179335	Completed	Approved
O1020912	DIŞKAPI EAH_CC_IM_COAG_2023_1442651	Completed	Approved
O1020634	GÜMÜŞHANE İSM_CC_IM_2023_1089103	Completed	Cancelled
O1020634	GÜMÜŞHANE İSM_CC_IM_2023_1089103	Completed	Approved
O1025831	ISPARTA SÜLEYMAN DEMİREL ÜNİ_BG_2227010	Approved	Approved
O1022130	ANKARA ÜNİVERSİTESİ_RTD_HC_DT_08072024	Won	Approved
O1018879	YAPI KREDİ BANKASI_CC_IM_26012023	Completed	Approved
O1017447	Clone of İNTERGEN_RTD_CFDNA_17062022	Won	Approved
O1020618	MERSİN İSM_UR_2023_1056385	Won	Approved
O1027190	ELİT KLİNİK TIP MERKEZİ_IM_ID_19062026	Approved	Approved
O1027291	Lokman Hekim ALAB_Cihaz Kira e411_02072026	Won	Approved
O1020928	YAŞAR HASTANESİ_CC_IM_ID_21122023	Completed	Approved
O1021286	BURSA MEDICALPARK _CC_IM_ID_ALTERNATİF 1_PRO 07022024	Approved	Approved
O1019892	DİCLE ÜNV_ID_2023_536982	Completed	Approved
O1024998	GÜRLIFE_IM_18092025	Approved	Approved
O1027301	Clone of 2026_1205803_SWA_BURSA HSL	Approved	Approved
O1018548	ÖZEL MEDİBAFRA HAST. - 2022-12-31 - 2500000 - TRY - ÖZEL MEDİBAFRA HAST (0061002545) - Turkey	Completed	Reset
O1018548	ÖZEL MEDİBAFRA HAST. - 2022-12-31 - 2500000 - TRY - ÖZEL MEDİBAFRA HAST (0061002545) - Turkey	Completed	Approved
O1026701	2026_556298_ANKARA ATATÜRK SANATORYUM_IHC	Approved	Disapproved
O1026701	2026_556298_ANKARA ATATÜRK SANATORYUM_IHC	Approved	Approved
O1019014	ERCİYES ÜNİVERSİTESİ_VİROLOJİ_2023_273221	Completed	Approved
O1019728	Clone of OKMEYDANI IHK DT - 2023-05-31 - 4200000 - TRY - EPİFARMA KİMYASAL VE TIBBİ ÜRÜ (0061004345) - Turkey	Won	Approved
O1019728	Clone of OKMEYDANI IHK DT - 2023-05-31 - 4200000 - TRY - EPİFARMA KİMYASAL VE TIBBİ ÜRÜ (0061004345) - Turkey	Won	Reset
O1021983	Her2 DT 2024 - 2024-07-24 - 4800000 TRY - MERSİN ÜNİVERSİTESİ TIP FAKÜLT (ACC-0001618592) Turkey	In Progress	Started
O1021983	Her2 DT 2024 - 2024-07-24 - 4800000 TRY - MERSİN ÜNİVERSİTESİ TIP FAKÜLT (ACC-0001618592) Turkey	In Progress	Cancelled
O1021983	Her2 DT 2024 - 2024-07-24 - 4800000 TRY - MERSİN ÜNİVERSİTESİ TIP FAKÜLT (ACC-0001618592) Turkey	In Progress	Cancelled
O1021983	Her2 DT 2024 - 2024-07-24 - 4800000 TRY - MERSİN ÜNİVERSİTESİ TIP FAKÜLT (ACC-0001618592) Turkey	In Progress	Cancelled
O1021983	Her2 DT 2024 - 2024-07-24 - 4800000 TRY - MERSİN ÜNİVERSİTESİ TIP FAKÜLT (ACC-0001618592) Turkey	In Progress	Cancelled
O1021983	Her2 DT 2024 - 2024-07-24 - 4800000 TRY - MERSİN ÜNİVERSİTESİ TIP FAKÜLT (ACC-0001618592) Turkey	In Progress	Cancelled
O1019184	HACETTEPE ÜNV_ProBNP_ 2023_117009		Approved
O1020434	ANALİZ LABORATUVARI_CC_05102023	Won	Approved
O1027773	2026_1418685_5.KISIM_CC_IM_ANTALYA İSM_ANTALYA EAH_CİHAZ SATIŞ	In Progress	Disapproved
O1026894	AK HAYAT  2026_662121_MOLEKÜLER_İSLAB-4	Approved	Approved
O1019117	LIFEMED_CC_28022023	Completed	Approved
O1027888	2026_1576248 SÜTÇÜ İMAM ÜNV_IHK	Approved	Approved
O1020195	MEYDAN HASTANELERİ_ CC_IM_18082023	Approved	Cancelled
O1020195	MEYDAN HASTANELERİ_ CC_IM_18082023	Approved	Reset
O1020195	MEYDAN HASTANELERİ_ CC_IM_18082023	Approved	Reset
O1020195	MEYDAN HASTANELERİ_ CC_IM_18082023	Approved	Approved
O1020251	Clone of EGELAB_CC_IM - 2023-10-31 - 1350000 - EUR - NUKLEUS SAĞLIK ÜRÜNLERİ TANI H (0061000175) - Turkey	Won	Approved
O1027535	GAZİ ÜNİV_ID_2026_1417447	Approved	Approved
O1027535	GAZİ ÜNİV_ID_2026_1417447	Approved	Disapproved
O1025237	Clone of ZONGULDAK İSM_GLUKOTEST_2025_1345197	Approved	Approved
O1021547	İSTANBUL ÜNİVERSİTESİ ÇAPA_RMD_2024_298617	Completed	Approved
O1018710	C.Ü Eber BAP Alımı - 2023-01-20 - 450000 - TRY - CUMHURIYET UNIVERSITESI BILIMS (0061004482) - Turkey	Won	Approved
O1022536	CUMHURİYET ÜNV_ID_2024_1730792	Approved	Reset
O1022536	CUMHURİYET ÜNV_ID_2024_1730792	Approved	Approved
O1022536	CUMHURİYET ÜNV_ID_2024_1730792	Approved	Disapproved
O1022536	CUMHURİYET ÜNV_ID_2024_1730792	Approved	Disapproved
O1027641	2026_1470964 MARDİN İSM_HPV	Approved	Approved
O1021529	PAMUKKALE ÜNİVERSİTESİ_RMD_VİRO _ HPV_2024_269938	Completed	Approved
O1021529	PAMUKKALE ÜNİVERSİTESİ_RMD_VİRO _ HPV_2024_269938	Completed	Disapproved
O1021529	PAMUKKALE ÜNİVERSİTESİ_RMD_VİRO _ HPV_2024_269938	Completed	Disapproved
O1019518	ÖZEL BURTOM LABORATUVARI_E801 KİRA_24042023	Won	Cancelled
O1019518	ÖZEL BURTOM LABORATUVARI_E801 KİRA_24042023	Won	Approved
O1021720	SİNOP İSM_CC_2024_475039	Approved	Approved
O1023083	ÖZEL UNCALI MEYDAN HASTANESİ_BGAS_10122024	Approved	Approved
O1022555	KAYA MEDİKAL_ŞELALE TM_IM_ID_25092024	Approved	Approved
O1024685	K.T.Ü S.PROTEİN_2025_980552	Approved	Approved
O1024685	K.T.Ü S.PROTEİN_2025_980552	Approved	Disapproved
O1021264	ÖZEL KOLMED HST - 2024-02-29 - 215000 - EUR - İLMED İLAÇ ve MEDİKAL ÖZEL  LA (0061000027) - Turkey	Completed	Approved
O1020558	İSLAB 1_CC_IM_ID_2023_1089656 _PAZARLIKNUKLEUS INVITROLAB ALGEN	Completed	Approved
O1018287	MLL ÖZDEN ÖZER_RTD_10112022	Approved	Approved
O1019885	ÇANAKKALE İSM_ID_2023_590924	Approved	Approved
O1027579	AHENK_MULTİPLATE_14082026	Approved	Approved
O1020872	SİVAS MEDİCANA - 2024-02-29 - 0 - EUR - ORSİS MED.ELEK. BİLG.VE İLET.S (0061000452) - Turkey	Approved	Approved
O1023966	ÖZEL MEDİCALPARK - 2025-04-15 - 550000 EUR - İLMED İLAÇ ve MEDİKAL ÖZEL  LA (0061000027) Turkey	Won	Disapproved
O1023966	ÖZEL MEDİCALPARK - 2025-04-15 - 550000 EUR - İLMED İLAÇ ve MEDİKAL ÖZEL  LA (0061000027) Turkey	Won	Approved
O1021377	ESTETİK INTERNATIONAL HOSPITAL_CC_IM_06032024	Approved	Approved
O1026978	2026_745556_1.KISIM_ID_NECMETTİN ERBAKAN ÜNİVERSİTESİ	Won	Approved
O1022718	ANTALYA ATATÜRK DH_CARDIAC_2024_1221419	Approved	Approved
O1019826	MUĞLA İSM._KİRA ANLAŞMASI_07062023	Won	Approved
O1020721	MANİSA HALK SAĞLIĞI_CC_IM_ID_2023_1179335	Approved	Reset
O1016799	TOBB ETU_Accuchek - 2022-05-31 - 60000 - TRY - TOBB ETÜ SAĞLIK EĞİTİMİ UYGULA (0061000153) - Turkey	Won	Approved
O1016799	TOBB ETU_Accuchek - 2022-05-31 - 60000 - TRY - TOBB ETÜ SAĞLIK EĞİTİMİ UYGULA (0061000153) - Turkey	Won	Cancelled
O1027241	2026_1037117_3.KISIM_ID_AKSARAY İSM_DC_REAKTİF	Won	Approved
O1027178	Clone of 2026_719099 BALIKESİR İSM_ID	Approved	Approved
O1025326	AFYON KOCATEPE ÜNİV_2025_1726994_Kısım 2_Pre_CC_IM	Approved	Approved
O1025326	AFYON KOCATEPE ÜNİV_2025_1726994_Kısım 2_Pre_CC_IM	Approved	Disapproved
O1027747	2026_1455599_1.KISIM_ID_SAKARYA ŞH	Approved	Cancelled
O1027747	2026_1455599_1.KISIM_ID_SAKARYA ŞH	Approved	Approved
O1027747	2026_1455599_1.KISIM_ID_SAKARYA ŞH	Approved	Disapproved
O1023401	Clone of BURSA PPP-ssbtk- SB - 2024-12-31 -	Approved	Disapproved
O1023401	Clone of BURSA PPP-ssbtk- SB - 2024-12-31 -	Approved	Approved
O1025057	TEPECİK EAH._ID_2025_1453060	Approved	Cancelled
O1025057	TEPECİK EAH._ID_2025_1453060	Approved	Approved
O1018411	İSLAB 1._2. BÖLGE_CC_IM_MS_2022 ÇALIŞMA	In Progress	Started
O1027648	GÜVEN HAS_HER 2_20082026	Won	Approved
O1020712	KOÇ ÜNİVERSİTESİ_CC_IM_10112023	In Progress	Disapproved
O1022692	Clone of ARDAHAN İSM CC DT1 - 2024-09-30 - 199216 TRY - ARDAHAN DEVLET HASTANESİ (0061000398) Turkey	Won	Approved
O1021317	NAMIK KEMAL ÜNİVERSİTESİ_RTD_HPV_DT_12022024	Approved	Approved
O1020649	OSMANOĞLU HASTANESİ_CC_02112023	Completed	Approved
O1027216	YEDİTEPE ÜNİVERSİTESİ_SWA_PRO_PURE_V2_22062026	Approved	Approved
O1019572	ANKARA ÜNİVERSİTES_RTD_3.KISIM _INSUTU_2023_333188	Completed	Approved
O1025924	Clone of K.MARAŞ_İSM_ID_PAZARLIK_2025_2438204	Won	Approved
O1019951	SAMSUN İSM_MERKEZ_CC_2023_605815	Approved	Approved
O1026273	Nişantaşı Hosp. - 2026-02-25 - 100000 EUR - ALGEN TIBBİ ÜRN. VE SAĞ. HİZM. SAN. TİC. A.Ş. Turkey	Approved	Approved
O1018992	ZONGULDAK BÜLENT ECEVİT ÜNİVERSİTESİ_RTD_2023_34406	Approved	Approved
O1018992	ZONGULDAK BÜLENT ECEVİT ÜNİVERSİTESİ_RTD_2023_34406	Approved	Disapproved
O1025672	AFYON DH_IM_ID_pazarlık_2025_2272037_kısım 5	Approved	Approved
O1019996	BOLU İSM_SWA 1.KISIM_2023_597102	Approved	Approved
O1027543	DEÜ Cısh-Eber - 2026-09-07 - 21120000 TRY - DOKUZ EYLÜL ÜNİVERSİTESİ HASTA (0061003667) Turkey	In Progress	Cancelled
O1022111	Gen-Era Kapa Anlaşması - 2024-07-26 - 50000 EUR - GEN ERA DİAGNOSTİK SAĞLIK HİZM (0061005563) Turkey	Completed	Approved
O1018428	ESKİŞEHİR OSMANGAZİ ÜNİV._VİT D_ DT_29112022	Approved	Approved
O1025038	GAZİ ÜNİVERSİTESİ_RTD_DT-3_19092025	Won	Approved
O1017504	KARABÜK HSL / 4AY - 2022-12-31 - 1950000 - TRY - İLMED İLAÇ ve MEDİKAL ÖZEL  LA (0061000027) - Turkey	Won	Approved
O1019798	MEDİPOL_RMD VİROLOJİ_12062023	Approved	Approved
O1026080	2026_3 AKSARAY EAH_ID	Approved	Approved
O1021002	ÇİFTELER DH_1 AYLIK DT_02012024	Approved	Reset
O1021088	DR. ABDURRAHMAN YURTASLAN ONKOLOJİ HASTANESİ_RTD_24.KALEM_KAPPA_2023_1356922	In Progress	Started
O1025678	KASTAMONU İLÇE _CC_PAZARLIK_2025_2248293	Approved	Approved
O1020457	GÖLCÜK NECATİ ÇELİK DH_İHK_2023_1039177	Approved	Approved
O1022301	YUNUS EMRE DH_RTD_IHC_2024_920067	Approved	Approved
O1021224	BİLECİK İSM_COAG_2024_28627	Approved	Approved
O1027896	ERK DİA-TURGUT NOYAN HER2 - 2026-10-22 - 1000000 TRY - ERK DIAGNOSTIK OZEL SAGLIK HIZ (0061006093) Turkey	Won	Approved
O1023062	IBB_SWA_2024_1439629	Completed	Approved
O1018835	KORU_POC Infinity - 2024-12-31 - 150000 - TRY - KORU HAST MER LAB (0061003476) - Turkey	Completed	Approved
O1027106	2026_1010295_RNW_IHC_MUĞLA EAH	Approved	Approved
O1018242	SELÇUK ÜNİVERSİTESİ_SEQ_GENETİK_07112022	Approved	Approved
O1025115	ÇORUM İSM_IHC_2025_1446404	Approved	Approved
O1021452	İSTANBUL LABORATUVARI_IM_ID_12032024	Completed	Approved
O1026585	UZ_Blood banks Project (NAT-IDT) RR MPX 480 pack	In Progress	Disapproved
O1023359	<KG>_<ADB, SWA lots-6001>_<2025>	Approved	Approved
O1027775	2026_1418685_7.KISIM_CC_IM_ANTALYA İSM_ALANYA_KEPEZ DH_CİHAZ SATIŞ	In Progress	Disapproved
O1024909	İZMİR İSM_2.KISIM_SWA_PRE POST ANALİTİK_2025_1235598	Approved	Approved
O1026341	2026_406778_BANDIRMA EAH_ID PAZARLIK	Approved	Approved
O1025926	BAŞARI HASTANESİ_ALTERNATİF_2_DC_20012026	Approved	Approved
O1021226	BİLECİK İSM_ID_2024_28627	Approved	Approved
O1027306	Düzce_Üni_NRAS/BRAF_DT - 2026-08-20 - 140000 TRY - DÜZCE ÜNİVERSİTESİ SAĞLIK UYG  (0061000230) Turkey	Won	Approved
O1027306	Düzce_Üni_NRAS/BRAF_DT - 2026-08-20 - 140000 TRY - DÜZCE ÜNİVERSİTESİ SAĞLIK UYG  (0061000230) Turkey	Won	Cancelled
O1017600	BURSA HS_CC_IM_ID_2022_738129	Completed	Approved
O1017600	BURSA HS_CC_IM_ID_2022_738129	Completed	Cancelled
O1017600	BURSA HS_CC_IM_ID_2022_738129	Completed	Disapproved
O1017600	BURSA HS_CC_IM_ID_2022_738129	Completed	Cancelled
O1017941	GAZİ ÜNİVERSİTESİ_RDT_DT_06102022	Approved	Approved
O1027527	GAZİ ÜNİVERSİTESİ_LİPAZ_DT_04082026	Won	Approved
O1020158	BALA İLÇE DH_CC_2023_801275	Approved	Approved
O1019193	KAZAN DH_IM_2023_151982-2	Approved	Approved
O1023218	INVITRO KADIKÖY LABORATUVARI_CC_IM_23122024	Approved	Approved
O1017312	Clone of ANTALYA EAH_RTD_MOL ONKOLOJİ_PAZARLIK_2022_608098	Won	Approved
O1021034	ÜMRANİYE EAH_RTD_IHC_600 TEST_04012024	Completed	Approved
O1023184	HATAY İSM_PAZARLIK_CC_IM_2024/1741098	Completed	Approved
O1017819	test_approval	Approved	Reset
O1020995	AFYONKARAHİSAR ÜNİVERSİTESİ_ProBNP_DT_27122023	Won	Approved
O1018661	Kanuni EAH İzolasyon - 2023-01-30 - 250000 - TRY - NUCLEUS GENETİK ÜRÜNLERİ ANONİ (0061005513) - Turkey	Completed	Approved
O1025132	LİFEBİOTEK ELAZIĞ 3 KALEM - 2025-10-30 - 400000 TRY - LİFE BİOTEK MEDİKAL BİL TEK MO (0061005712) Turkey	Won	Cancelled
O1025132	LİFEBİOTEK ELAZIĞ 3 KALEM - 2025-10-30 - 400000 TRY - LİFE BİOTEK MEDİKAL BİL TEK MO (0061005712) Turkey	Won	Cancelled
O1025132	LİFEBİOTEK ELAZIĞ 3 KALEM - 2025-10-30 - 400000 TRY - LİFE BİOTEK MEDİKAL BİL TEK MO (0061005712) Turkey	Won	Approved
O1021035	Clone of DENİZLİ CERRAHİ HASTANESİ_CC_IM_21122023	Approved	Approved
O1025666	K.MARAŞ SÜTÇÜ İMAM ÜNİVERSİTESİ_CC_IM_PAZARLIK_2025_2261985	Won	Approved
O1025666	K.MARAŞ SÜTÇÜ İMAM ÜNİVERSİTESİ_CC_IM_PAZARLIK_2025_2261985	Won	Disapproved
O1025762	DEVREK DH_ID_KARDİYAK_PAZARLIK_2025_2417994	Won	Disapproved
O1025762	DEVREK DH_ID_KARDİYAK_PAZARLIK_2025_2417994	Won	Approved
O1019478	TOBB ETÜ_Accuchek_ - 2023-06-18 - 100000 - TRY - TOBB ETÜ SAĞLIK EĞİTİMİ UYGULA (0061000153) - Turkey	Completed	Approved
O1021100	19 MAYIS ÜNV_MOL.ONK._2024_1819	Approved	Approved
O1023047	Epifarma Anlaşma 11.24 - 2024-12-27 - 80000 EUR - EPİFARMA LABORATUVAR ÜRÜNLERİ  (0061004345) Turkey	Completed	Approved
O1018889	DT HPV & EGFR ALIMI - 2023-02-27 - 600000 - TRY - İNÖNÜ UNV TIP FAK PATOLOJİ ABD (0061003570) - Turkey	Won	Approved
O1018118	MED-AR HASTANELERİ_CC_IM_ID_30102022	Lost	Approved
O1017256	Gaziantep BAP Proje - 2022-06-27 - 180000 - TRY - GAZİANTEP UNV TIP FAK PATOLOJİ (0061002775) - Turkey	Won	Approved
O1022653	ANKARA ÜNİVERSİTESİ_RTD_ISH_DT_07102024	Approved	Approved
O1026549	İSTİNYE ÜNİV MLP VADİ LİV_HC_01042026	Approved	Approved
O1019483	ANTALYA İSM ŞEHİR HASTANESİ_CC_2023_387294	Approved	Cancelled
O1019483	ANTALYA İSM ŞEHİR HASTANESİ_CC_2023_387294	Approved	Approved
O1026247	MEMORIAL_IHK_04032026	Approved	Reset
O1026247	MEMORIAL_IHK_04032026	Approved	Reset
O1026247	MEMORIAL_IHK_04032026	Approved	Approved
O1024698	ACIBADEM TM_BEYLİKDÜZÜ_ATAŞEHİR_CC_28072025	Approved	Approved
O1024854	OPTMED_SWA_26082025	Approved	Approved
O1024854	OPTMED_SWA_26082025	Approved	Disapproved
O1025478	ÇANKIRI İSM_ID_2025_1853350	Approved	Approved
O1027420	Clone of ROCHE İLAÇ_ÇAPA BAĞIŞ_ISH	Approved	Approved
O1027420	Clone of ROCHE İLAÇ_ÇAPA BAĞIŞ_ISH	Approved	Cancelled
O1019203	29 MAYIS DH_CC_2023_171248	Approved	Approved
O1023441	MUŞ İSM_IM_ID_2024_1884122-Yeni Cihaz	Won	Disapproved
O1023441	MUŞ İSM_IM_ID_2024_1884122-Yeni Cihaz	Won	Disapproved
O1023441	MUŞ İSM_IM_ID_2024_1884122-Yeni Cihaz	Won	Disapproved
O1023441	MUŞ İSM_IM_ID_2024_1884122-Yeni Cihaz	Won	Approved
O1021157	İZMİR TEPECİK EAH_RTD_PAZARLIK_2024_75801	Completed	Approved
O1021071	Clone of MALATYA_İSM_ID_2023_1395172	Completed	Approved
O1019858	ÇANAKKALE HS_CC_IM_ID_2023_601347	Approved	Approved
O1020498	ÇORUM İSM_İLÇELER_CC_2023_992730	Completed	Approved
O1020498	ÇORUM İSM_İLÇELER_CC_2023_992730	Completed	Cancelled
O1025320	ÇARŞAMBA DH_CC PAZARLIK_2025_1840831	Won	Approved
O1020590	VİROMED Merkez Lab S - 2023-12-31 - 350000 - EUR - ÖZKAYA LABORATUVAR SİST. SAĞ.  (0061000368) - Turkey	Completed	Approved
O1019286	YAŞAM_GÜZELYALI HST_İLAVE_230320	Won	Approved
O1020433	Düzen P612 - 2023-11-30 - 150000 - EUR - DÜZEN BİYOLOJİK BİLİMLER ARAŞT (0061000024) - Turkey	Approved	Approved
O1025765	Clone of ACIBADEM HASTANELERİ_2025_SWA PURE_14112025	Approved	Reset
O1025588	AFYON DH_18.KISIM_RMD_2025_2032490	Approved	Approved
O1026910	2026_717471_KASTAMONU İSM_ID	Approved	Approved
O1027619	ELİPS 2026_08 - 2026-09-30 - 60000 EUR - ELİPS SAĞLIK ÜRÜNLERİ İTH.VE İ (0061000064) Turkey	Won	Approved
O1021083	NEMESİS_MEDİNOVA HST - 2024-02-29 - 300000 - EUR - NUKLEUS SAĞLIK ÜRÜNLERİ TANI H (0061000175) - Turkey	Won	Approved
O1023307	ALANYA EAH_RTD_IHC_PAZARLIK_2024_1845006	Completed	Approved
O1026032	2026_49782_SAMSUN İLÇELER_CC_PAZARLIK	Won	Approved
O1026032	2026_49782_SAMSUN İLÇELER_CC_PAZARLIK	Won	Disapproved
O1019610	KOCAELİ İSM_1.KISIM CC_COAG_2023_2023_313449	Lost	Cancelled
O1019610	KOCAELİ İSM_1.KISIM CC_COAG_2023_2023_313449	Lost	Approved
O1019610	KOCAELİ İSM_1.KISIM CC_COAG_2023_2023_313449	Lost	Cancelled
O1021123	Özel_BWR_2024 - 2024-04-10 - 3000000 - TRY - DİYAR-MED SAĞLIK ÜRÜNLERİ San. (ACC-0004052772) - Turkey	Completed	Approved
O1022187	Clone of Clone of ARDAHAN İSM_CC_2024_753850	Won	Approved
O1022286	BEÜ UR D.TEMİN _06082024	Won	Approved
O1019743	ÇAPA FII&FV_29052023	Approved	Approved
O1019853	DOKUZ EYLÜL ÜNİVERSİTESİ_RTD_IHC_DT_14062023	Won	Approved
O1018656	Medikalpoint_SWA - 2023-03-01 - 3500000 - TRY - GÜNEY TIP TIBBİ CİH.KİM.MADD.L (0061000029) - Turkey	Completed	Approved
O1018656	Medikalpoint_SWA - 2023-03-01 - 3500000 - TRY - GÜNEY TIP TIBBİ CİH.KİM.MADD.L (0061000029) - Turkey	Completed	Cancelled
O1024929	İZMİR İSM_SWA _3.KISIM_ALTERNATİF 2_KİRALIK VE SATIŞ_2025_1235598	Approved	Disapproved
O1024929	İZMİR İSM_SWA _3.KISIM_ALTERNATİF 2_KİRALIK VE SATIŞ_2025_1235598	Approved	Approved
O1022965	TEST QUOTE	Approved	Started
O1022965	TEST QUOTE	Approved	Reset
O1017803	İSTANBUL ÜNİV. CERRAHPAŞA TF_GENMARK SOLUNUM PANELİ_16092022	In Progress	Started
O1019779	AFYONKARAHİSAR İSM_ID TORCH_2023_805317	Completed	Approved
O1023658	MANAVGAT DH_RTD_IHC_PAZARLIK_2025_222554	Won	Approved
O1017106	ANTALYA EAH_CARDIAC_PAZARLIK_2022_514963	Won	Approved
O1022872	TINAZTEPE GALEN HASTANELERİ_ID_07112024	Approved	Approved
O1025619	ÇİĞLİ EAH_SWA_PAZARLIK_2025_2207752	Won	Approved
O1019752	KONYA NUMUNE HASTANESİ_ID_2023_410281	Approved	Reset
O1019752	KONYA NUMUNE HASTANESİ_ID_2023_410281	Approved	Approved
O1018360	İZMİR İSM_CC_IM_14.KISIM_REVİZE_2022_952564	Approved	Approved
O1018360	İZMİR İSM_CC_IM_14.KISIM_REVİZE_2022_952564	Approved	Cancelled
O1018001	KARABÜK HSL_CC_IM_2022_986322	Completed	Disapproved
O1018001	KARABÜK HSL_CC_IM_2022_986322	Completed	Approved
O1021350	GAZİ ÜNİVERSİTESİ_RTD_DT_21022024	Completed	Approved
O1017990	DENİZLİ HS_SWA_UR_2.PAZARLIK_2022_1056683	Approved	Approved
O1018508	A Life SWA - 2023-02-28 - 3000000 - TRY - NEMESİS TIBBİ LAB.MED.ELEK. İN (0061005250) - Turkey	Completed	Approved
O1021930	Clone of AÜ Lityum - 2024-06-30 - 40000 TRY - ANKARA ÜNİVERSİTESİ SAĞL UYG A (0061000126) Turkey	Completed	Approved
O1017960	KOÇ ÜNİVERSİTESİ_RTD_PD-L1 BAP_06102022	Won	Approved
O1019597	İZMİR ATATÜRK EAH_RTD_IHC_PAZARLIK_2023_447743	Won	Approved
O1017227	KEPEZ DH_CARDIAC_PAZARLIK_2022_585879	Won	Approved
O1027269	LETGEN-MERSİN ZİRAİ CİHAZ - 2026-08-20 - 5000000 TRY - LETGEN BİYOTEKNOLOJİ LABORATUV (0061005075) Turkey	Won	Approved
O1019651	QPCR Teklifimiz - 2023-05-20 - 400000 - TRY - Life Biotek Medikal (ACC-0004104148) - Turkey	Won	Approved
O1023842	MOZAİK HASTANESİ_UR	Approved	Approved
O1018493	BÜLENT ECEVİT ÜNİVERSİTESİ_RTD_DT_1_12122022	Won	Approved
O1017989	DENİZLİ HS_SWA_2.PAZARLIK_2022_1056683	Won	Disapproved
O1017989	DENİZLİ HS_SWA_2.PAZARLIK_2022_1056683	Won	Approved
O1025792	KARAMAN İSM_BG_2025_2280182	Approved	Approved
O1018189	TOKAT İSM_IHK_2022_1338015	Completed	Approved
O1018189	TOKAT İSM_IHK_2022_1338015	Completed	Reset
O1025273	MERSİN ÜNİVERSİTSİ_OPT DAB_DT_20102025	Won	Approved
O1021673	BAP Proje İHK - 2024-05-20 - 12000 - EUR - DİYAR-MED SAĞLIK ÜRÜNLERİ SAN. (0061000054) - Turkey	Completed	Approved
O1022326	BURSA İSM_ÇEKİRGE SWA - 2024-12-31 - 700000 EUR - DEVA KİMYA SANAYİ VE TİCARET L (0061000074) Turkey	Approved	Disapproved
O1022326	BURSA İSM_ÇEKİRGE SWA - 2024-12-31 - 700000 EUR - DEVA KİMYA SANAYİ VE TİCARET L (0061000074) Turkey	Approved	Cancelled
O1022326	BURSA İSM_ÇEKİRGE SWA - 2024-12-31 - 700000 EUR - DEVA KİMYA SANAYİ VE TİCARET L (0061000074) Turkey	Approved	Approved
O1021602	MUĞLA İSM_E801 KİRA - 2024-05-31 - 8000 - EUR - INVITROLAB SAĞL.TIBBI MALZ.ÜRT (0061000542) - Turkey	Approved	Approved
O1027518	2026-1356102_IM_BURDUR İSM	Approved	Approved
O1021874	ERENKÖY FİZİK TEDAVİ HASTANESİ_CİHAZ KİRASI_31052024	Approved	Approved
O1018229	Prod_MobileApproval_Trial_4	Approved	Approved
O1019475	KKTC-BİYOMİK_CC_IM_12052023	Completed	Approved
O1018705	İSTANBUL HOSPITAL_CC_IM_05012023	Completed	Approved
O1024811	KOCAELİ ÜNVERSİTESİ_SWA_2025_1153512	Approved	Approved
O1016916	Van Güven Has._CC_IM_ID - 2022-05-13 - 1000000 - TRY - DİYAR-MED SAĞLIK ÜRÜNLERİ San. (ACC-0004052772) - Turkey	Won	Approved
O1020113	OMÜ_ID_2023_683938	Completed	Approved
O1018662	ÖZEL HOSPİTALPARK - 2022-12-31 - 3000000 - TRY - İLMED İLAÇ ve MEDİKAL ÖZEL  LA (0061000027) - Turkey	Won	Approved
O1023178	ORTADOĞU HS_SWA	Approved	Approved
O1017350	KIRŞEHİR_SWA_2022_580530	Completed	Approved
O1016821	TUZLALI  SAĞLIK HİZMETLERİ_RTD_IHK_ISH_08042022	Approved	Cancelled
O1016821	TUZLALI  SAĞLIK HİZMETLERİ_RTD_IHK_ISH_08042022	Approved	Approved
O1022848	BURSA İSM_SWA PRE_POST_V4_2024_1208699	Won	Approved
O1022848	BURSA İSM_SWA PRE_POST_V4_2024_1208699	Won	Disapproved
O1022848	BURSA İSM_SWA PRE_POST_V4_2024_1208699	Won	Reset
O1016815	EŞREFPAŞA BELEDİYE - 2022-06-08 - 105000 - TRY - NUKLEUS SAĞLIK ÜRÜNLERİ TANI H (0061000175) - Turkey	Won	Approved
O1020707	Selçuk CC Dt 2 - 2023-11-30 - 60000 - EUR - DETAY LAB. CİH. SAN. VE TİC. A (0061000026) - Turkey	Won	Approved
O1024608	Clone of BİLECİK EAH_RTD_IHC_2025_512375	Won	Approved
O1023391	Kütahya PPP updt Ek İHK Cihaz - ÖZGÜN KİMYEVİ MADDE TIBBİ MALZ (0061000040) Turkey	Won	Approved
O1020327	SELÇUK ÜNV_HBA1C_2023_882752	Approved	Approved
O1025653	BİRİM ID ÖZGÜN - 2025-12-31 - 100000 EUR - ÖZGÜN KİMYEVİ MADDE TIBBİ MALZ (0061000040) Turkey	Won	Approved
O1027209	2026_966784 DOKUZ EYLÜL ÜNV_PCR	Won	Approved
O1027636	2026_1418685_7.KISIM_CC_IM_ANTALYA İSM_ALANYA_KEPEZ DH	In Progress	Disapproved
O1026922	2026_554341_RMD_ORDU İSM EAH	Won	Approved
O1020889	Clone of ÖZEL BİRİM LABORATUVARLARI_CC_IM_ID_19102023	Completed	Cancelled
O1020889	Clone of ÖZEL BİRİM LABORATUVARLARI_CC_IM_ID_19102023	Completed	Cancelled
O1020889	Clone of ÖZEL BİRİM LABORATUVARLARI_CC_IM_ID_19102023	Completed	Approved
O1019939	DT CISH Alımı - 2023-07-31 - 1800000 - TRY - DİYARBAKIR GAZİ YAŞARGİL EĞİTİ (0061004308) - Turkey	Approved	Approved
O1025858	Ota Jinemed - 2026-02-01 - 28000 EUR - ALGEN TIBBİ ÜRÜNLER VE SAĞLIK  (0061000032) Turkey	Won	Approved
O1018923	MAY TOHUM_ SEQ_10022023	Completed	Approved
O1025475	Osmanoğlu Hastanesi - 2026-01-14 - 13000 EUR - ALGEN TIBBİ ÜRÜNLER VE SAĞLIK  (0061000032) Turkey	Won	Approved
O1022011	Clone of Mersin Üni Her2 DT Alım - 2024-07-15 - 2550000 TRY - MERSİN ÜNİVERSİTESİ REKTÖRLÜĞÜ (0061004230) Turkey	Approved	Approved
O1027862	Clone of K.Maraş_HSM_DT - 2026-09-01 - 1000000 TRY - KAHRAMANMARAŞ İL SAĞLIK MÜDÜRL (0061005604) Turkey	Won	Approved
O1020589	ÇANKIRI İSM_ID_2023_1023338	Completed	Approved
O1020589	ÇANKIRI İSM_ID_2023_1023338	Completed	Cancelled
O1018496	AKSARAY ÜNİVERSİTESİ_RTD_IHK_2022_1255189	Approved	Approved
O1025800	Selçuk Üni 1 Ay DT - 2026-01-27 - 50000 EUR - DETAY LAB. CİH. SAN. VE TİC. A (0061000026) Turkey	Won	Approved
O1026608	Clone of MEMORİAL_HK_04032026	Approved	Cancelled
O1026608	Clone of MEMORİAL_HK_04032026	Approved	Approved
O1027253	NASMED_EGEPOL HST. - 2026-07-31 - 500000 EUR - NUKLEUS SAĞLIK HİZMETLERİ A.Ş. (0061000175) Turkey	Approved	Approved
O1026475	2026_4490243_IĞDIR TUZLUCA DH_Pazarlık_CC_IM	Approved	Approved
O1020575	Clone of AKDENİZ ÜNİVERSİTESİ_TORCH_2023_1055877	Won	Approved
O1019059	Clone of DNA LABORATUVARI_Z480 KİRA_20102022	Approved	Approved
O1020343	ÖZEL SEVGİ HASTANESİ_CC_IM_ID_COBAS PRO_18092023	Approved	Approved
O1020892	SELÇUK ÜNİVERSİTESİ_ID_2023_1281474	Completed	Approved
O1020723	AFYONKARAHİSAR ÜNİVERSİTESİ_CC_IM_2023_1155002	Completed	Approved
O1026204	2026_99119_VAN İSM_EAH_RTD	Approved	Approved
O1022875	İSLAB4_EK CİHAZ KİRA_E411_04112024	Won	Approved
O1020150	DELTA LAB_CC_I400	Approved	Approved
O1017418	MERSİN İSM İLEÇLER_CC_2022_651779	Won	Disapproved
O1017418	MERSİN İSM İLEÇLER_CC_2022_651779	Won	Approved
O1021827	İZMİR EAH BOZYAKA _RMD VİROLOJİ_2024_625645	Won	Approved
O1022031	GÖRELE DH_CC_IM_2024_777032	Won	Approved
O1022031	GÖRELE DH_CC_IM_2024_777032	Won	Reset
O1026299	ÖZEL JİMER - 2026-04-30 - 95000 EUR - DEVA KİMYA SANAYİ VE TİCARET L (0061000074) Turkey	Won	Approved
O1026007	BULENT ECEVİT ÜNİVERSİTESİ_RTD_DT_28012026	Won	Approved
O1025401	GAZİANTEP ÜNİVERSİTESİ_ID_2025_1780409	Approved	Approved
O1025743	Gazi Ünv_PTAU 217 DT - 2025-12-30 - 5000 TRY - GAZİ ÜNİVERSİTESİ TIP FAKÜLTES (0061000084) Turkey	Won	Disapproved
O1025743	Gazi Ünv_PTAU 217 DT - 2025-12-30 - 5000 TRY - GAZİ ÜNİVERSİTESİ TIP FAKÜLTES (0061000084) Turkey	Won	Approved
O1017039	RTU Antikor Alımı - 2022-06-13 - 180000 - TRY - DICLE UNV TIP (0061002669) - Turkey	Completed	Reset
O1017039	RTU Antikor Alımı - 2022-06-13 - 180000 - TRY - DICLE UNV TIP (0061002669) - Turkey	Completed	Approved
O1021408	ADNAN MENDERES ÜNİVERSİTESİ_RMD_HIV_2024_159710	Approved	Cancelled
O1021408	ADNAN MENDERES ÜNİVERSİTESİ_RMD_HIV_2024_159710	Approved	Disapproved
O1021408	ADNAN MENDERES ÜNİVERSİTESİ_RMD_HIV_2024_159710	Approved	Approved
O1016866	GURLIFE HAST SWA - 2022-05-15 - 1000000 - TRY - NEMESİS TIBBİ LAB.MED.ELEK. İN (0061005250) - Turkey	Won	Approved
O1026455	2026_449020_ANKARA ATATÜRK SANATORYUM_Pazarlık_RTD	Won	Approved
O1020218	DOKUZ EYLÜL ÜNİVERSİTESİ_RTD_IHC_2023_817348	Completed	Approved
O1027851	<KZ>_<ASTANA_RDC_NAVIFY LO>_<2026>	Approved	Disapproved
O1027851	<KZ>_<ASTANA_RDC_NAVIFY LO>_<2026>	Approved	Approved
O1026768	2026_662121_COAG_İSLAB_1	In Progress	Cancelled
O1027381	NİĞDE ÖMER HALİSDEMİ ÜNİV._CPS-PROJE_10072026	Won	Disapproved
O1027381	NİĞDE ÖMER HALİSDEMİ ÜNİV._CPS-PROJE_10072026	Won	Approved
O1018801	Clone of BAHAT HASTANESİ_CC_22122022	Completed	Approved
O1020143	KOCAELİ İSM_RTD_IHC_2023_694186	Approved	Approved
O1020143	KOCAELİ İSM_RTD_IHC_2023_694186	Approved	Cancelled
O1017346	Çukurova Üni DT - 2022-07-08 - 2000000 - TRY - DETAY LAB. CİH. SAN. VE TİC. A (0061000026) - Turkey	Won	Approved
O1025945	MEDİFEMA HASTANESİ_SWA_DC_19012026	Approved	Approved
O1025400	YÜKSEK İHTİSAS EAH_navify - 2025-11-30 - 10000 EUR - DEVA KİMYA SANAYİ VE TİCARET L (0061000074) Turkey	Won	Approved
O1018275	MEDİPOL PATOLOJİ_RTD_05122022	Completed	Approved
O1023194	İSTANBUL İSM KUZEY_RTD 2.KISIM_IHC_2024_1552802	Approved	Approved
O1019693	HACETTEPE ÜNV_TDM_2023_394097	Approved	Approved
O1020522	EGE ÜNİVERSİTESİ_RTD_BAP_12102023	Won	Approved
O1022975	SELÇUK ÜNİVERSİTESİ_RTD_SEQ_2024_1367789	Approved	Approved
O1017905	CENTRO LAB (BİRUNİ_RMD_COVID_ALTERNATİF 1_COBAS 8800_28092022	Completed	Approved
O1017905	CENTRO LAB (BİRUNİ_RMD_COVID_ALTERNATİF 1_COBAS 8800_28092022	Completed	Disapproved
O1026901	2026_595740_Şanlıurfa_Şehir_Hastanesi_CC_IM_Sale	Approved	Approved
O1019355	Ordu MP Kit	Cancelled	Approved
O1023528	ADIYAMAN_İSM_CC_ODS - 2025-02-01 - 10000 EUR - GÜNEY TIP TIBBİ CİH.KİM.MADD.L (0061000029) Turkey	In Progress	Disapproved
O1023528	ADIYAMAN_İSM_CC_ODS - 2025-02-01 - 10000 EUR - GÜNEY TIP TIBBİ CİH.KİM.MADD.L (0061000029) Turkey	In Progress	Cancelled
O1027894	İSTANBUL ÜNİV ÇAPA_HER2 DUALISH_DT_15092026	Approved	Approved
O1023045	İSTANBUL ÜNİVERSİTESİ_CTF_BGAS_2024_1496248	Approved	Approved
O1023769	Clone of ANTALYA EAH_RTD_MOL.ONKOLOJİ_2025_197901	Won	Approved
O1020348	Clone of NİĞDE İSM_ID_2023_827313	Completed	Approved
O1025693	AFYON İSM_5.KISIM_IM_ID_REV_2_2025_2032490	In Progress	Disapproved
O1017820	test approval qwiz	In Progress	Cancelled
O1026256	2026_2289456 KAHRAMANMARAŞ İSM_CC_IM	Won	Approved
O1017160	GE_Aversi Automation Project_20220601	Won	Approved
O1017672	ERZURUM ATATÜRK ÜNV_CC_IM_2022_786410	Approved	Approved
O1022098	SAKARYA HALK SAĞLIĞI_CC_IM_ID_2024_781070	Approved	Approved
O1022098	SAKARYA HALK SAĞLIĞI_CC_IM_ID_2024_781070	Approved	Cancelled
O1020519	BEYHEKİM EAH_ID_2023_969417	Approved	Approved
O1024089	İSLAB4 EK CİHAZ C702_PREANALİTİK PARÇALARI_23042025	Approved	Approved
O1019530	GÜVEN HASTANESİ_RTD_Her2_29042023	Won	Approved
O1017467	YEDİKULE REFERANS EKOL LAB_H232_26072022	Approved	Approved
O1027202	CANAT MEDİKAL_SWA_22062026	Won	Approved
O1023219	BALIKESIR ISM ATATÜRK ŞH_RTD_4.KISIM_IHC_2024_1534928	Approved	Approved
O1016835	ANTALYA İSM_RTD_HC_17.KISIM_2022_246214	Approved	Approved
O1019406	Halk Sağlığı DT - 2023-04-30 - 4800002 - TRY - T.C. SAĞLIK BAK.HALK SAĞ.GENEL (0061005266) - Turkey	Completed	Approved
O1024254	BURSA ISM_RTD_PAZARLIK_2025_764090	Won	Approved
O1025536	ABDURRAHMAN YURTASLAN_IHK_1.kısım_2025_1883395	Won	Approved
O1021922	BALIKESİR İSM ATATÜRK ŞEHİR HASTANESİ_CC_PAZARLIK_2024_736344	Won	Reset
O1021922	BALIKESİR İSM ATATÜRK ŞEHİR HASTANESİ_CC_PAZARLIK_2024_736344	Won	Approved
O1024908	İZMİR İSM_21.KISIM_YARI OTM COAG_2025_1235598	Approved	Approved
O1020706	Selçuk Üni CC DT 1 - 2023-11-30 - 60000 - EUR - DETAY LAB. CİH. SAN. VE TİC. A (0061000026) - Turkey	Won	Approved
O1021398	Clone of GÜLHANE EAH_CC_IM_UR_COAG_2024_42490	Completed	Reset
O1021398	Clone of GÜLHANE EAH_CC_IM_UR_COAG_2024_42490	Completed	Approved
O1019146	ŞİŞLİ ETHAL HASTANESİ_NAT MPX_ALTERNATİF 1_HAVUZSUZ ELEMANSIZ_03032023	Approved	Approved
O1020631	SAKARYA ÖZEL.ADA TIP HASTANESİ_CC_IM_27102023	Approved	Approved
O1020184	KATİP ÇELEBİ HASTANESİ_RTD_IHC_DT_14082023	Approved	Approved
O1017181	KEMER DH_IM_ID_PAZARLIK_2022_560992	Won	Approved
O1026594	2026_378249 GLU_ULUDAĞ ÜNİVERSİTESİ HST	Approved	Approved
O1021975	Clone of Clone of GEBZE YÜZYIL HASTANESİ_SWA_02052024	Completed	Approved
O1021975	Clone of Clone of GEBZE YÜZYIL HASTANESİ_SWA_02052024	Completed	Disapproved
O1023376	Clone of Van EAH Eliza navify - 2024-12-28 - 12000 EUR - DİYAR-MED SAĞLIK ÜRÜNLERİ SAN. (0061000054) Turkey	In Progress	Cancelled
O1020337	ÖZEL ERCİYES SWA - 2023-11-30 - 3250000 - TRY - KAYSERİ ERCİYES SAĞLIK HİZMETL (0061005212) - Turkey	Completed	Approved
O1018283	Özel_BWR_CC_IM_ID_22 - 2022-11-28 - 1400000 - TRY - ÖZEL_BOWER_HASTANESİ (ACC-0003080444) - Turkey	Completed	Approved
O1025966	Ersoy Hastanesi - 2026-03-03 - 313000 EUR - ALGEN TIBBİ ÜRÜNLER VE SAĞ. HİZM. SAN.TİC. A.Ş. Turkey	Approved	Approved
O1018563	Clone of MED-AR HASTANELERİ_CC_IM_ID_30102022	Cancelled	Disapproved
O1018563	Clone of MED-AR HASTANELERİ_CC_IM_ID_30102022	Cancelled	Disapproved
O1018563	Clone of MED-AR HASTANELERİ_CC_IM_ID_30102022	Cancelled	Approved
O1020398	AZ_LS_KTM-MHM-YeniKi - 2023-10-06 - 235000 - EUR - Labservis Ltd. (0061000004) - Azerbaijan	Won	Approved
O1025458	KOÇ ÜNİVERSİTESİ_MULTIPLATE_14112025	Won	Approved
O1026450	Clone of 2026_334017_ARDAHAN İSM_COAG-cihaz satış	Approved	Cancelled
O1026450	Clone of 2026_334017_ARDAHAN İSM_COAG-cihaz satış	Approved	Disapproved
O1026450	Clone of 2026_334017_ARDAHAN İSM_COAG-cihaz satış	Approved	Approved
O1022517	BALIKESİR İLÇE_IM_2024_1078223	Completed	Disapproved
O1022517	BALIKESİR İLÇE_IM_2024_1078223	Completed	Approved
O1020535	İZMİR İSM_4.GRUP_CC_IM_2023_873859	Completed	Approved
O1019472	BALIKLI RUM HASTANESİ_CC_IM_09052023	Approved	Approved
O1023602	BALIKESİR HS_SWA_ALTERNATİF 1_KİRALIK_2025_43693	Approved	Cancelled
O1023602	BALIKESİR HS_SWA_ALTERNATİF 1_KİRALIK_2025_43693	Approved	Approved
O1026010	DORA LAB_BAP PROJESİ_29012026	Approved	Approved
O1019970	AVUSTURYA SEN JORJ HASTANESİ_CC_IM_17072023	Approved	Approved
O1027384	2026_1086355_HK_ŞANLIURFA İSM	Approved	Approved
O1020540	İZMİR İSM_7.KSM_IM_2023_873859	Approved	Approved
O1020540	İZMİR İSM_7.KSM_IM_2023_873859	Approved	Cancelled
O1022477	KIRIKKALE UNİVERSİTESİ_RTD_IHK_2024_1013624	Completed	Approved
O1022477	KIRIKKALE UNİVERSİTESİ_RTD_IHK_2024_1013624	Completed	Disapproved
O1025554	İZMİR İSM_ATATÜRK EAH_1.KISIM_VİROLOJİ_2025_1970574	Approved	Approved
O1017818	SONOMED_COAG - 2022-12-01 - 500000 - TRY - DİYAR-MED SAĞLIK ÜRÜNLERİ SAN. (0061000054) - Turkey	Approved	Approved
O1025090	Konya Numune DT IM - 2025-10-30 - 800000 EUR - DETAY LAB. CİH. SAN. VE TİC. A (0061000026) Turkey	Won	Approved
O1026322	Gazi Üniv_DT_Beta 2 Mikroglobulin	Won	Approved
O1025589	AFYON İSM_RTD_14.KISIM_IHC_2025_2032490	Approved	Approved
O1023947	DİCLE ÜNİ_IHK_2025_322160	Approved	Approved
O1024676	MERSİN ÜNİ 81681 DT 700 - 2025-08-28 - 5000000 TRY - MERSİN ÜNİVERSİTESİ REKTÖRLÜĞÜ (0061004230) Turkey	Approved	Approved
O1016890	DİCLE UNV_3.KISIM_2022_281031 - NGS Anlaşması	Approved	Cancelled
O1016890	DİCLE UNV_3.KISIM_2022_281031 - NGS Anlaşması	Approved	Approved
O1021506	MERSİN İSM_İLÇELER_ID_2024_284110	Approved	Approved
O1026048	MERSİN MİKROBİYOLOJİ DT_03022026	Approved	Disapproved
O1026048	MERSİN MİKROBİYOLOJİ DT_03022026	Approved	Approved
O1025220	BATMAN EAH PD-L1 DT - 2025-11-13 - 2000000 TRY - BATMAN EĞ VE ARAŞT HASTANESİ   (0061005337) Turkey	Approved	Disapproved
O1025220	BATMAN EAH PD-L1 DT - 2025-11-13 - 2000000 TRY - BATMAN EĞ VE ARAŞT HASTANESİ   (0061005337) Turkey	Approved	Approved
O1023788	BALIKESİR ÜNİVERSİTESİ_CC_IM_ALTERNATİF-1-KİRA_2025_159743	Approved	Approved
O1020718	KANUNİ SULTAN SÜLEYMAN EAH_RTD_HC_2023_1144345	Approved	Approved
O1025072	Clone of LİFE BİOTEK ELAZIĞ ÜNİ - 2025-10-16 - 2000000 TRY - LİFE BİOTEK MEDİKAL BİL TEK MO (0061005712) Turkey	Won	Approved
O1024212	MERSİN ÜNİ. 500 TEST DT - 2025-05-29 - 5000000 TRY - MERSİN ÜNİVERSİTESİ REKTÖRLÜĞÜ (0061004230) Turkey	Approved	Approved
O1025120	MANİSA HS_SWA_ALTERNATİF_2_DC_2025_1350758	Won	Approved
O1025120	MANİSA HS_SWA_ALTERNATİF_2_DC_2025_1350758	Won	Cancelled
O1025563	İSLAB 2 MOLEKÜLER - 2026-02-04 - 150000 EUR - INVITROLAB SAĞL.TIBBI MALZ.ÜRT (0061000542) Turkey	Cancelled	Cancelled
O1025563	İSLAB 2 MOLEKÜLER - 2026-02-04 - 150000 EUR - INVITROLAB SAĞL.TIBBI MALZ.ÜRT (0061000542) Turkey	Cancelled	Approved
O1019684	AKSARAY ÜNİVERSİTESİ_RTD_HPV_2023_419613	Completed	Approved
O1001768	İNTERMED SAĞLIK_SWA_2016_REV.	Approved	Approved
O1025585	BALIKESİR İSM_İLÇE_COAG_2025_1869627	Approved	Approved
O1025598	İSLAB5 8 AYLIK ALIM - 2026-03-31 - 600000 EUR - SARTRON BİYOTEKNOLOJİ İthalat  (0061006152) Turkey	Approved	Disapproved
O1025598	İSLAB5 8 AYLIK ALIM - 2026-03-31 - 600000 EUR - SARTRON BİYOTEKNOLOJİ İthalat  (0061006152) Turkey	Approved	Approved
O1020940	TEPECİK EAH_RMD_VİROLOJİ_PAZARLIK_2023_1486656	Completed	Approved
O1017394	PD-L1 Medikal Değer - 2022-08-15 - 672000 - TRY - ÇUKUROVA ÜNİV. BALCALI TIP FAK (0061000548) - Turkey	Won	Approved
O1018238	ALİ KEMAL BELVİRANLI_IM_2022_1076829	Approved	Approved
O1027447	ANKARA ÜNİV_DT_IHC_HC_22072026	Won	Approved
O1019396	Clone of ZONGULDAK BÜLENT ECEVİT ÜNİVERSİTESİ_RTD_2023_34406	In Progress	Started
O1019396	Clone of ZONGULDAK BÜLENT ECEVİT ÜNİVERSİTESİ_RTD_2023_34406	In Progress	Cancelled
O1021824	GAZİ ÜNİVERSİTESİ_RTD_ANTİKOR_DT_24052024	Approved	Approved
O1020732	BAHAT HOSPITAL_CC-ıM_04122023	Approved	Approved
O1017984	Genel QPCR Anlaşma - 2022-10-14 - 200000 - TRY - LETGEN BİYOTEKNOLOJİ LABORATUV (0061005075) - Turkey	Won	Approved
O1026634	2026_634585_GLU_ESKİŞEHİR İSM	Won	Approved
O1022267	AKDENİZ ÜNİVERSİTESİ_İLAÇ DÜZEYLERİ_A_kdeniz Üniv TDM - 2024-10-21 - 140000 EUR - ÖZGÜN KİMYEVİ MADDE TIB. MAL.S (0061005421) Turke	Approved	Approved
O1026908	2026_709366_KASTAMONU İSM_COA	Approved	Approved
O1026342	2026_391745_PAMUKKALE ÜNV_SWA_PAZARLIK	Won	Approved
O1026747	2026_577001_SİNOP İSM_COAG	Approved	Approved
O1019976	GE_c111 Tender - 2023-08-07 - 180000 - EUR - Mirco Ltd. (0061000003) - Georgia	Won	Approved
O1017388	KTÜ Genetik - 2022-09-30 - 1250000 - TRY - KARADENİZ TEKNİK ÜNV. SAĞ. UYG (0061000375) - Turkey	Won	Approved
O1027808	2026_1418685_13.KISIM_1.GRUP IM_ANTALYA İSM_v2	In Progress	Disapproved
O1025226	EGE ÜNİ Med Alk-Braf - 2025-11-03 - 1770000 TRY - EGE ÜNİVERSİTESİ UYGULAMA VE A (0061003806) Turkey	Won	Approved
O1027634	2026_1418685_5.KISIM_CC_IM_ANTALYA İSM_ANTALYA EAH	In Progress	Disapproved
O1018785	MEDİLAB_IM_ID_12012023	Approved	Approved
O1017327	İSTANBUL ÜNİVERSİTESİ_ÇAPA_RTD_IHC_DT_22062022	Completed	Approved
O1026399	YaşamLAb SWA - 2026-03-06 - 1200000 EUR - DETAY LAB. CİH. SAN. VE TİC. A (0061000026) Turkey	Won	Approved
O1025264	MERSİN İSM_İLÇELER_COAG_2025_1595701	Approved	Approved
O1025264	MERSİN İSM_İLÇELER_COAG_2025_1595701	Approved	Disapproved
O1019116	19 Mayıs Ünv. BRAF - 2023-03-24 - 240000 - TRY - ONDOKUZ MAYIS ÜNV. SAĞ.UYG.ARŞ (0061000540) - Turkey	Won	Approved
O1021274	TRAKYA ÜNİVERSİTESİ_CARDIAC_2024_44434	Approved	Approved
O1018457	AFYON KOCATEPE ÜNİVERSİTESİ BAP ALIMI_KAPPA LAMBDA_DT_05122022	Won	Approved
O1026091	Özgün Kimya proje	Approved	Approved
O1027499	Clone of YÖNTEM LAB._SWA - 2026-07-31 - 300000 EUR - NUKLEUS SAĞLIK HİZMETLERİ A.Ş. (0061000175) Turkey	Approved	Approved
O1017293	AKDENİZ ÜNİVERSİTESİ_SEROLOJİ_ID_YM_22062022	Approved	Approved
O1022920	AKSARAY İSM_İLÇELER_CC_IM2024_1436680	Approved	Reset
O1022920	AKSARAY İSM_İLÇELER_CC_IM2024_1436680	Approved	Approved
O1027154	2026_1032557_ORDU ISM_SWA_PAZARLIK	In Progress	Reset
O1027026	2026_808333_ID_DİCLE ÜNİVERSİTESİ_DC	Won	Approved
O1018430	DT İHK DAB Alımı - 2022-12-19 - 2640000 - TRY - YÜZÜNCÜ YIL ÜNV. DURSUN ODABAŞ (0061004143) - Turkey	Won	Approved
O1019009	TRAKYA ÜNİVERSİTESİ_CK_DT_14022023	Won	Approved
O1019009	TRAKYA ÜNİVERSİTESİ_CK_DT_14022023	Won	Reset
O1024507	Clone of BURTOM LABORATUVARI_CC_IM_V2_30062025	Won	Approved
O1024221	KTÜ BAP IHC - 2025-06-27 - 660000 TRY - K.T.Ü. REK. BİL. ARŞ. PROJ. KO (0061000462) Turkey	Won	Approved
O1017163	GAZİANTEP İSM_DAT_2022_448511	Approved	Disapproved
O1017163	GAZİANTEP İSM_DAT_2022_448511	Approved	Approved
O1020115	MANİSA HSL_ CC_IM_ID_PAZARLIK_2023_782757	Approved	Approved
O1020115	MANİSA HSL_ CC_IM_ID_PAZARLIK_2023_782757	Approved	Cancelled
O1020956	BOZYAKA EAH_3 AY SWA_PAZARLIK_2023_1497236	Won	Approved
O1023753	Clone of ANKARA ATATÜRK EAH_RTD_IHC_2024_1705936	Won	Approved
O1023753	Clone of ANKARA ATATÜRK EAH_RTD_IHC_2024_1705936	Won	Reset
O1017531	AKDENİZ ÜNİVERSİTESİ_ID_2022_732303	Approved	Approved
O1019433	BOZYAKA İZMİR EAH_RMD VIROLOJİ_2023_377635	Won	Approved
O1019327	PAMUKKALE ÜNİVERSİTESİ_RTD HPV_DT_27032023	Won	Approved
O1019899	GÜVEN Cobas Pulse - 2023-07-31 - 1500000 - TRY - ÖZEL ANKARA GÜVEN HASTANESİ (0061004289) - Turkey	Approved	Approved
O1020876	ÇORUM İSM_IM_PAZARLIK_ 2023_1399024	Won	Approved
O1025267	KONYA NUMUNE HST_PAZARLIK_IM_ 2025_1773006	Approved	Approved
O1021744	AKSARAY İSM_CC_IM_2024_464991	Approved	Approved
O1020086	KSÜ_Troponin_BAP - 2023-09-01 - 200000 - TRY - KAHRAMANMARAŞ SÜTÇÜ İMAM ÜNİV. (0061004150) - Turkey	Won	Approved
O1017334	DÜZCE ÜNİVERSİTESİ_IM_TACROLIMUS_DT_24062022	Won	Approved
O1025789	AFYON İSM_7.KISIM_CC_2025_2032490_Nukleus	Approved	Approved
O1024166	KONYA VETERİNER_RTD_SEQ_DT_07052025	Approved	Approved
O1025846	KARS İSM CC BAYİ_2025_2131526	Approved	Approved
O1026597	YEDİTEPE ÜNİVERSİTESİ_CC_IM_09042026	Won	Approved
O1023958	ADIYAMAN İSM_İHK_2025_314513	Approved	Approved
O1024338	ÇANAKKALE İSM_CC_2025_757614	Approved	Approved
O1024338	ÇANAKKALE İSM_CC_2025_757614	Approved	Disapproved
O1022672	BİYOMİK LAB_CC_IM_ID_07102024	Won	Approved
O1022672	BİYOMİK LAB_CC_IM_ID_07102024	Won	Cancelled
O1027900	AÜ Doğrudan Alım6 -2026.09..15 TRY - ANKARA ÜNİVERSİTESİ SAĞL UYG A (0061000126) Turkey	Won	Approved
O1019388	BEYPAZARI DH_IM_ID_2023_308268	Approved	Approved
O1019516	ÇANAKKALE İSM_ID_2023_370317	Approved	Approved
O1026727	2026_1 DIACORE BASKENT - 2026-06-30 - 180000 EUR - DİACORE DİAGNOSTİK SİSTEMLER A (0061006157) Turkey	Approved	Reset
O1021023	BAP PROJE_RTD_03012024	Won	Approved
O1019430	DT ISH & PD-L1 - 2023-05-15 - 1200000 - TRY - DİYARBAKIR GAZİ YAŞARGİL EĞİTİ (0061004308) - Turkey	Won	Reset
O1019430	DT ISH & PD-L1 - 2023-05-15 - 1200000 - TRY - DİYARBAKIR GAZİ YAŞARGİL EĞİTİ (0061004308) - Turkey	Won	Approved
O1018371	KOCAELİ DEVLET HASTANESİ_PAZARLIK_2022_1256959	Approved	Approved
O1018586	ÜMRAN TIP MERKEZİ_CC_IM_22122022	Completed	Approved
O1018586	ÜMRAN TIP MERKEZİ_CC_IM_22122022	Completed	Cancelled
O1021205	EGE ÜNİVERSİTESİ_ 1 AY NAT_DT_REVİZE_29012024	Won	Approved
O1019151	KIZILCAHAMAM DH_CC_2023_186189	Approved	Approved
O1027449	2026_1292068 ÇOMÜ_SWA PAZARLIK	Won	Approved
O1025301	MERSİN ÜNV_CC_IM_2025_1564387	Approved	Approved
O1025301	MERSİN ÜNV_CC_IM_2025_1564387	Approved	Cancelled
O1025301	MERSİN ÜNV_CC_IM_2025_1564387	Approved	Cancelled
O1024060	Clone of TOSUN LAB_IM_14032025	Won	Approved
O1023136	DATA LABORATUVARI_CC_22122024	Won	Approved
O1026965	2026_802499_1.KISIM_CC_IM_ID_ISPARTA İSM	Approved	Approved
O1021642	BÜLENT ECEVİT ÜNİV._ID_DOĞRUDAN TEMİN_15042024	Approved	Disapproved
O1021642	BÜLENT ECEVİT ÜNİV._ID_DOĞRUDAN TEMİN_15042024	Approved	Approved
O1020139	TOROS SELİME TIP MERKEZİ_CC_IM_230810	Won	Approved
O1022388	BİRİM LAB_CİHAZ KİRASI_27082024	Approved	Approved
O1021632	ANKARA ÜNV_PAZARLIK_KARDİYAK_2024_462031	Won	Approved
O1027782	2026_1503681 BURSA İSM_PREANALİTİK	Approved	Disapproved
O1027782	2026_1503681 BURSA İSM_PREANALİTİK	Approved	Approved
O1018042	MUŞ İSM_CC_2022_965326	Completed	Disapproved
O1018042	MUŞ İSM_CC_2022_965326	Completed	Approved
O1022864	NECMETTİN ERBAKAN ÜNV_BG_2024_1399760	Approved	Approved
O1027585	KARTAL DR. LÜTFİ KIRDAR_RTD_DT_14082026	Approved	Approved
O1025056	ALSANCAK DH._ID_2025_1439169	Approved	Approved
O1025443	Clone of MEDİPOL_SWA_22082025	Won	Approved
O1021944	ILGAZ DH_IM_2024_793170	In Progress	Initial
O1019210	ADN_SWA_2023	Approved	Approved
O1024680	ÖZEL DORUK_MULTIPLATE_28072025	Won	Approved
O1021898	SİLİFKE DH_CC_38153690-934-590	Won	Approved
O1027591	2026_1462813_İSTANBUL ÜNİ_ÇAPA_HC	Approved	Approved
O1016997	Karaman İSM_IM_2022_388501- 2022-05-23 - 72656066 - TRY - DETAY LAB. CİH. SAN. VE TİC. A (0061000026) - Turkey	Approved	Approved
O1027437	ÖZEL ANTALYA YAŞAM HASTANELER GRUBU_SWA_16072026_CİHAZ SATIŞ	Approved	Approved
O1020925	SİİRT EAH_2023_1396830	Approved	Approved
O1020610	GÜVEN HASTANESİ_RTD_Her2_DT_23102023	Won	Approved
O1017475	PAMUKKALE ÜNİVERSİTESİ_RTD_EBER_DT_27072022	Won	Approved
O1022302	MKU_ID_2024_929107	Approved	Approved
O1027310	2026_1037117_1.KISIM_SWA_AKSARAY İSM_Instrument Sale Offer	Approved	Approved
O1027310	2026_1037117_1.KISIM_SWA_AKSARAY İSM_Instrument Sale Offer	Approved	Disapproved
O1025373	CEMİL TAŞÇIOĞLU ŞEHİR HAS_DT_IHK_31102025	Approved	Approved
O1019695	Clone of ÇANAKKALE HSL_AUTO UR_2023_424065	Approved	Cancelled
O1019695	Clone of ÇANAKKALE HSL_AUTO UR_2023_424065	Approved	Approved
O1025943	2026_82083 ERDEMLİ DH_PAZARLIK_ID	Won	Approved
O1025243	KURUL LAB-SELÇUK ÜNİ 2 - 2025-11-13 - 2000000 TRY - KURUL LABORATUVAR ÜRÜNLERİ ELE (0061004171) Turkey	Approved	Approved
O1019245	DOKUZ EYLÜL ÜNİVERSİTESİ_RTD_IHC_DT_16032023	Won	Approved
O1018089	Clone of DENİZLİ HS_SWA_UR_2.PAZARLIK_2022_1056683	Approved	Approved
O1025635	KARS İSM_CC_2025_2131625	Approved	Approved
O1023208	TOKAT İSM_HK_İHK_2024_1684774	Won	Approved
O1021844	AHENK LABORATUVARI_PREANALİTİK CİHAZI_30052024	Approved	Approved
O1021844	AHENK LABORATUVARI_PREANALİTİK CİHAZI_30052024	Approved	Cancelled
O1022275	Seyhan Dh   Antikor DT - 2024-08-30 - 6840000 TRY - ADANA SEYHAN DEVLET HASTANESİ (0061000526) Turkey	Won	Approved
O1017535	Cumhuriyet Ünv. DAB - 2022-08-19 - 20000 - TRY - CUMHURIYET UNIVERSITESI BILIMS (0061004482) - Turkey	Won	Approved
O1025572	MALATYA İSM_ID_2025_1955668	Approved	Approved
O1025065	URLA DH_ID_2025_1369981	Approved	Approved
O1019526	ETİK HASTANESİ EKO LAB_CC_15052023	Completed	Approved
O1022664	ACIBADEM KENT HASTANESİ_ 4 AYLIK_CC_IM_22072024	Completed	Approved
O1018022	GAZİ ÜNİVERSİTESİ_RTD_KİT_13102022	Won	Approved
O1017582	ANTALYA İSM_12.KISIM 2.GRUP_IM_İLÇELER_2022_772326	Approved	Approved
O1017582	ANTALYA İSM_12.KISIM 2.GRUP_IM_İLÇELER_2022_772326	Approved	Cancelled
O1019517	ÇİĞLİ EAH_CC_IM_PAZARLIK_2023_415994	Won	Approved
O1024261	MERSİN TOROS DH_İHK_2025_582936	Approved	Approved
O1024261	MERSİN TOROS DH_İHK_2025_582936	Approved	Disapproved
O1025718	BAFRA DH_CC PAZARLIK_2025_2322515	Approved	Approved
O1021955	MARDİN İSM_2024_619193	Approved	Approved
O1020879	Kanuni HK 24_2023_1402849	Completed	Approved
O1020328	İZMİR EAH BOZYAKA_RTD_IHC_PAZARLIK_2023_967129	Won	Approved
O1017908	Dışkapı İnfinity Kir - 2022-11-30 - 100000 - TRY - DETAY LAB.CİH.SAN VE TİC.AŞ. (0061004573) - Turkey	Won	Approved
O1001804	<Detay-Altıgen>_<Mersin Zirai karantina>_<2016>	Completed	Cancelled
O1021923	SİLVER İNSİTU HİB KİT DT - 05062024	Won	Approved
O1021923	SİLVER İNSİTU HİB KİT DT - 05062024	Won	Cancelled
O1020291	NİĞDE İSM_IM_2023_827313	In Progress	Disapproved
O1026644	ATATÜRK ŞH._D.TEMİN - 2026-05-30 - 240000 EUR - DEVA KİMYA SANAYİ VE TİCARET L (0061000074) Turkey	Won	Cancelled
O1026644	ATATÜRK ŞH._D.TEMİN - 2026-05-30 - 240000 EUR - DEVA KİMYA SANAYİ VE TİCARET L (0061000074) Turkey	Won	Approved
O1021573	KIRŞEHİR EAH_ID_2024_410552	Approved	Disapproved
O1021573	KIRŞEHİR EAH_ID_2024_410552	Approved	Cancelled
O1021573	KIRŞEHİR EAH_ID_2024_410552	Approved	Cancelled
O1021573	KIRŞEHİR EAH_ID_2024_410552	Approved	Approved
O1021573	KIRŞEHİR EAH_ID_2024_410552	Approved	Cancelled
O1026304	MERSİN_HIV_DT_03032026	Won	Approved
O1020473	Sistem Tıp Koag Mers - 2023-11-03 - 11000 - EUR - DETAY LAB. CİH. SAN. VE TİC. A (0061000026) - Turkey	Won	Approved
O1021776	DORUK HASTANESİ_MULTIPLATE_20052024	Approved	Disapproved
O1021776	DORUK HASTANESİ_MULTIPLATE_20052024	Approved	Approved
O1026941	2026_879770_ID_ATATÜRK ŞH	Won	Approved
O1021762	SUAT SEREN GÖĞÜS HASTALIKLARI HASTANESİ_RTD_IHC_2024_632494	Won	Approved
O1021611	Selçuk DT Probnp - 2024-05-08 - 35000 - EUR - DETAY LAB. CİH. SAN. VE TİC. A (0061000026) - Turkey	Won	Approved
O1016940	ISPARTA İSM_İLÇELER_CC_IM_ID_2022_317967	Approved	Approved
O1023998	KOÇ ÜNİVERSİTESİ HASTANESİ_RTD_IHC_HC_ISH_10042025	Won	Approved
O1023998	KOÇ ÜNİVERSİTESİ HASTANESİ_RTD_IHC_HC_ISH_10042025	Won	Disapproved
O1025794	ACIBADEM HASTANELERİ_2025_SWA PURE_14112025	Approved	Approved
O1026648	MOZAİK ÖZEL ANTAKYA SAĞLIK_SWA_03042026	Approved	Approved
O1021010	Hacettepe PCT - 2024-01-31 - 3000000 - TRY - HACETTEPE ÜNİVERSİTESİ DÖNER S (0061003996) - Turkey	Won	Approved
O1023651	İSTANBUL ÜNİVERSİTESİ_RTD_EBER_2025_183139	Won	Approved
O1017910	CENTRO LAB (BİRUNİ_RMD_COVID_ALTERNATİF 2_COBAS 6800_28092022	In Progress	Disapproved
O1020416	FIRAT ÜNİVERSİTESİ HASTANESİ_HPV_2023_958187 - 4800	Approved	Approved
O1020886	ÇANKIRI ÇERKEŞ DEVLET HASTANESİ_2023/1439821	Approved	Approved
O1017812	AMERİKAN_H_COAG - 2022-11-01 - 500000 - TRY - GÜNEY TIP TIBBİ CİH.KİM.MADD.L (0061000029) - Turkey	Approved	Approved
O1025319	BAFRA DH_CC PAZARLIK_2025_1826855	Won	Approved
O1020765	Bingöl Mediva Has. - 2023-12-08 - 1500000 - TRY - DİYAR-MED SAĞLIK ÜRÜNLERİ SAN. (0061000054) - Turkey	Approved	Approved
O1018358	Maraş DT Histokimya - 2022-12-05 - 600000 - TRY - KAHRAMANMARAŞ SÜTÇÜ İMAM ÜNİV  (0061003755) - Turkey	Won	Approved
O1026847	2026_544805_PD-L1_ROS1_EGE ÜNİVERSİTESİ HASTANESİ	Approved	Disapproved
O1026847	2026_544805_PD-L1_ROS1_EGE ÜNİVERSİTESİ HASTANESİ	Approved	Approved
O1026330	SELÇUK_IM_DT_10032026	Approved	Approved
O1026607	Clone of Clone of MEMORIAL_IHK_04032026	Approved	Approved
O1019913	ACIBADEM_MULTİPLATE_EUR_V2_21062023	Won	Approved
O1019054	AKSARAY ÜNİVERSİTESİ_PATOLOJİ HPV_2023_78801	Approved	Approved
O1016906	ASM_Dijital Patoloji_0004958 - 2022-04-29 - 350000 - TRY - ASM GEBZE (0061000564) - Turkey	Approved	Approved
O1017203	ISPARTA İSM HALK SAĞLIĞI_CC_IM_ID_2022_521453	Approved	Approved
O1026833	2026_662121_YEDEK PARÇA_İSLAB_4	In Progress	Cancelled
O1026346	2026_376163_KONYA BEYHEKİM EAH_CC	Approved	Approved
O1026191	2026_210322_TRABZON KANUNİ EAH_RTD	Approved	Approved
O1017786	TRAKYA ÜNİVERSİTESİ_RTD_EBER_DT_15092022	Won	Approved
O1022467	MİT Tropınin T-NT-ProBNP - 2024-11-30 - 30000 TRY - T.C. CUMHURBAŞKANLIĞI MİLLİ İS (0061000344) Turkey	Approved	Approved
O1023605	Medikalpoint_SWA_e801	Won	Approved
O1020832	Clone of ERDEM HASTANESİ_RTD_IHK_23112023	Completed	Approved
O1019050	AKDENİZ ÜNİVERSİTESİ HASTANESİ_TÜRBİDİMETRİ_2023_110864	Won	Approved
O1018116	BURSA İSM_COAG_2022_924792	Approved	Approved
O1018116	BURSA İSM_COAG_2022_924792	Approved	Reset
O1020826	İSTANBUL İSM_FATİH KHB_IHC_2023_1202751	Completed	Approved
O1024204	TRAKYA ÜNİVERSİTESİ_DT_HDL_16052025	Won	Approved
O1023749	KARAMAN HSL_IM_2025_168645	Approved	Approved
O1019448	GÜVEN_LAB_SWA - 2023-07-15 - 600000 - TRY - DİYAR-MED SAĞLIK ÜRÜNLERİ SAN. (0061000054) - Turkey	Won	Approved
O1020173	ORDU İSM_CC_IM_ID_COAG_UR_GLU_MS_2023_745406	Approved	Approved
O1020173	ORDU İSM_CC_IM_ID_COAG_UR_GLU_MS_2023_745406	Approved	Cancelled
O1020446	DETAGEN_RTD_IHK_06102023	Won	Approved
O1026623	Clone of Ena Lab_IM_29012026	Won	Cancelled
O1026623	Clone of Ena Lab_IM_29012026	Won	Approved
O1026623	Clone of Ena Lab_IM_29012026	Won	Cancelled
O1019295	TOSUN LAB_CC_IM_21032023	Won	Approved
O1024512	İSLAB 5_RMD_SANTRON_2025_739894	In Progress	Disapproved
O1018171	Clone of EGE ÜNİVERSİTESİ_RTD_NGS_2022_977754	Completed	Disapproved
O1018171	Clone of EGE ÜNİVERSİTESİ_RTD_NGS_2022_977754	Completed	Approved
O1022701	MLP GRUBU_CC_IM_ID_14102024	Won	Approved
O1023289	EGEPOL_CC_IM_09012025	In Progress	Started
O1017237	İSLAB 2 GATA EAH_CİHAZ KİRASI C501_13062022	Approved	Approved
O1017034	Çankaya Hast. IM_ID_CC - 2022-08-08 - 1000000 - TRY - ÇANKAYA HAST. (0061000584) - Turkey	Completed	Approved
O1026643	2026_378249 SWA_ULUDAĞ ÜNV - SATIŞ	Approved	Approved
O1017623	AMERİKAN GRUBU_CC_IM_22082022	Completed	Disapproved
O1017623	AMERİKAN GRUBU_CC_IM_22082022	Completed	Cancelled
O1017623	AMERİKAN GRUBU_CC_IM_22082022	Completed	Approved
O1017623	AMERİKAN GRUBU_CC_IM_22082022	Completed	Disapproved
O1027386	2026_1086127 DİYARBAKIR HS_CC_IM-SATIŞ	Won	Cancelled
O1027386	2026_1086127 DİYARBAKIR HS_CC_IM-SATIŞ	Won	Approved
O1020109	ÇORUM İSM_IM_2023_688843	Approved	Approved
O1020409	ADANA İSM_İLÇELER_BG_2023_932087	Approved	Approved
O1020409	ADANA İSM_İLÇELER_BG_2023_932087	Approved	Cancelled
O1021757	VENÜS KLİNİK_CC_IM_13062024	Won	Cancelled
O1021757	VENÜS KLİNİK_CC_IM_13062024	Won	Approved
O1027511	EPİFARMA 3_30072026	Won	Approved
O1020862	BOZYAKA EAH_CC_IM_2023_1270281	Approved	Approved
O1018419	BAĞCILAR EAH_RTD_IHK_DT_29112022	Won	Approved
O1026047	Clone of Mersin üni DT 85519 - 2026-02-26 - 20000 EUR - DETAY LAB. CİH. SAN. VE TİC. A (0061000026) Turkey	Approved	Approved
O1018156	Clone of YÖNTEM LABORATUVARI_SWA_26102022	Won	Approved
O1020183	AZ_LS_Neftciler_6500 - 2023-10-30 - 70000 - EUR - Labservis Ltd. (0061000004) - Azerbaijan	Won	Approved
O1026307	Gazi Ünv_DT_Soluble Transferrin Reseptörü	Won	Cancelled
O1026307	Gazi Ünv_DT_Soluble Transferrin Reseptörü	Won	Approved
O1017612	100.Yıl IM - 2022-10-31 - 900000 - TRY - NEMESİS TIBBİ LAB.MED.ELEK. İN (0061005250) - Turkey	Approved	Approved
O1023817	BALIKESİR ÜNVERSİTESİ_ID_2025_159743	Approved	Cancelled
O1023817	BALIKESİR ÜNVERSİTESİ_ID_2025_159743	Approved	Approved
O1019814	ÇİĞLİ EAH_RTD- HC 6 AYLIK_2023_515248	Approved	Approved
O1025308	GÜLHANE EAH_CC_IM_COAG_2025_1403661-1	Approved	Disapproved
O1025308	GÜLHANE EAH_CC_IM_COAG_2025_1403661-1	Approved	Approved
O1025308	GÜLHANE EAH_CC_IM_COAG_2025_1403661-1	Approved	Cancelled
O1023513	ERCİYES ÜNİVERSİTESİ_RTD BAP_28012025	Won	Approved
O1021598	Gazi Ünv NT-ProBNP - 2024-07-01 - 2400000 - TRY - GAZİ ÜNİVERSİTESİ TIP FAKÜLTES (0061000084) - Turkey	Completed	Approved
O1019119	TANSAN TIP MERKEZİ_CC_03032023	Completed	Cancelled
O1019119	TANSAN TIP MERKEZİ_CC_03032023	Completed	Approved
O1020198	AKDENİZ ÜNİVERSİTESİ_ID_2023_779626	Approved	Approved
O1027234	2026_1037117_1.KISIM_SWA_AKSARAY İSM_Instrument Rental Offer	Approved	Approved
O1021283	Clone of Clone of ZONGULDAK İSM_SWA_2023_1007834	Approved	Approved
O1026532	2026_218711_9.KISIM_KASTAMONU İSM_ID	Approved	Approved
O1020491	AZ_TEBIB_UR_C6500 - 2023-11-30 - 40000 - EUR - AZERIMED CJSC (0061004052) - Azerbaijan	Won	Approved
O1017125	ANTALYA ATATÜRK DH_RTD_DT_IHC_30052022	Completed	Approved
O1024439	Clone of 19 Mayıs FITC DT - 2025-06-27 - 6180000 TRY - ONDOKUZ MAYIS ÜNV. SAĞ.UYG.ARŞ (0061000540) Turkey	Won	Approved
O1017851	DİCLE ÜNV İHK_ 2022_897884	Approved	Approved
O1025826	KAHRAMANMARAŞ İSM_KARDİYAK_DC ANLAŞMA_2025_2100558	Approved	Approved
O1022702	KARTAL LÜTFİ KIRDAR_RTD_P16DT_10102024	Won	Approved
O1025854	KANUNİ EAH_HK_2025_2377050	Won	Approved
O1020742	DT DAB ALIMI - 2023-12-25 - 4800000 - TRY - VAN BÖLGE EĞİTİM VE ARAŞTIRMA  (0061004046) - Turkey	Won	Approved
O1021562	DR.ABDURRAHMAN YURTASLAN ONKOLOJİ HASTANESİ_RTD_ROS1_2024_392007	Completed	Approved
O1026928	Ankara Üniv_DT_kappa_lambda_14052026	Approved	Approved
O1026944	2026_675969_2.KISIM B GRUBU_TÜRB._DC_AKDENİZ ÜNİVERSİTESİ	Approved	Disapproved
O1026944	2026_675969_2.KISIM B GRUBU_TÜRB._DC_AKDENİZ ÜNİVERSİTESİ	Approved	Approved
O1026942	2026_675969_2.KISIM B GRUBU_TÜRB._KİRALIK_AKDENİZ ÜNİVERSİTESİ	Approved	Approved
O1026942	2026_675969_2.KISIM B GRUBU_TÜRB._KİRALIK_AKDENİZ ÜNİVERSİTESİ	Approved	Disapproved
O1023851	ACIBADEM_2 KURUM_MASLAK_MERKEZ_CC_IM_11032025	Approved	Approved
O1022047	VAN İSM_PCR_2024_762782	Completed	Approved
O1027716	2026_1540387 PAMUKKALE ÜNV_ID	Approved	Approved
O1026387	TEKİRDAĞ PPP - 2026-03-31 - 14000000 TRY - ÖZGÜN KİMYEVİ MADDE TIBBİ MALZ (0061000040) Turkey	Approved	Approved
O1027481	ERK DİA-FATMA AYAZ YALINK - 2026-09-29 - 1000000 TRY - ERK DIAGNOSTIK OZEL SAGLIK HIZ (0061006093) Turkey	Approved	Approved
O1026578	Antalya EAH_Eber kit_03042026	Approved	Approved
O1027238	2026_819036_1.KISIM_SWA_ÇUKUROVA ÜNİVERSİTESİ	Won	Approved
O1027302	2026_1042929_ÇANAKKALE İSM_IHC	Approved	Approved
O1021710	ARDAHAN İSM_CC_IM_ID_2024_491895	Approved	Approved
O1023233	Clone of 20.11.24- of Tj NewInstruments_Aqualab_2024	Won	Approved
O1025918	GAZİ ÜNİV_RTD_DT_14012026	Approved	Approved
O1023392	Tekirdağ PPP updt - Ek İHK Cihaz - ÖZGÜN KİMYEVİ MADDE TIBBİ MALZ (0061000040) Turkey	In Progress	Cancelled
O1018533	ADNAN MENDERES ÜNİVERSİTESİ_SWA_2022_1268619	Approved	Approved
O1019092	CENTRO_RIE SÜREÇ DANIŞMANLIĞI HİZMETİ_01032023	In Progress	Started
O1017549	ÖZEL TOROS SELİME TIP MRK_CC_IM_220808	Won	Approved
O1021077	Clone of FETHİYE ÖZEL LETOON HASTANESİ_CC_IM_05012024	Completed	Approved
O1025352	BALIKESİR ÜNİVERSİTESİ_RMD_2025_1611621	Approved	Disapproved
O1025352	BALIKESİR ÜNİVERSİTESİ_RMD_2025_1611621	Approved	Approved
O1025352	BALIKESİR ÜNİVERSİTESİ_RMD_2025_1611621	Approved	Cancelled
O1025391	ELİPS 2025_07112025	Won	Cancelled
O1025391	ELİPS 2025_07112025	Won	Approved
O1025353	Clone of AZ_InvestCase_RXH	Won	Approved
O1023197	ŞIRNAK İSM_PAZARLIK_IM_ID_2024_1758602	Completed	Approved
O1021129	ÇANKIRI DH_IM_2024_6560	Approved	Approved
O1025087	GİRESUN İSM PULSE YAZILIM - 2025-10-31 - 1250000 EUR - İLMED İLAÇ ve MEDİKAL ÖZEL  LA (0061000027) Turkey	Won	Approved
O1021892	AÜ Lityum - 2024-06-30 - 40000 TRY - ANKARA ÜNİVERSİTESİ SAĞL UYG A (0061000126) Turkey	In Progress	Disapproved
O1020321	DT İFA Alımı - 2023-10-23 - 2880000 - TRY - KAHRAMANMARAŞ SÜTÇÜ İMAM ÜNİV  (0061003755) - Turkey	Won	Approved
O1023506	Clone of DATA LABORATUVARI_IM_22.01.2025	Won	Approved
O1021854	Silifke DH Pazarlık - 2024-05-31 - 90000 EUR - DETAY LAB. CİH. SAN. VE TİC. A (0061000026) Turkey	Approved	Approved
O1026353	ISPARTA SÜLEYMAN DEMİREL ÜNİ_COAG_2026_190999	Approved	Approved
O1019106	DR. NAFİZ KÖREZ SİNCAN DH_ID_2023_105016	Approved	Approved
O1021785	Epirfarma ASM Anlaşma - 2024-06-28 - 40000 EUR - EPİFARMA LABORATUVAR ÜRÜNLERİ  (0061004345) Turkey	Approved	Approved
O1020035	RECEP TAYYİP ERDOĞAN ÜNV_ID_PAZARLIK_2023_735056	Won	Approved
O1023297	GENTAN_RTD_ heredity_26122024	Completed	Disapproved
O1023297	GENTAN_RTD_ heredity_26122024	Completed	Approved
O1022850	SURP PIRGIÇ HASTANESİ_COAG_05112024	Approved	Approved
O1022850	SURP PIRGIÇ HASTANESİ_COAG_05112024	Approved	Disapproved
O1024168	GE_PSP_CPure_InvestCase_2025	Won	Approved
O1024168	GE_PSP_CPure_InvestCase_2025	Won	Disapproved
O1022838	ÖZEL BİYOTIP LAB_SWA_04112024	Completed	Approved
O1019042	MENDERES DH_IM_2023_90706	Approved	Approved
O1022723	Epifarma 10.24 Anlaşma - 2024-10-25 - 120000 EUR - EPİFARMA LABORATUVAR ÜRÜNLERİ  (0061004345) Turkey	Won	Approved
O1017624	19 Mayıs PML RAR D.T - 2022-09-29 - 510000 - TRY - İLMED İLAÇ ve MEDİKAL ÖZEL  LA (0061000027) - Turkey	Completed	Approved
O1023493	YEDİTEPE ÜNİVERSİTESİ_GLUCOMETRE_23012025	Approved	Approved
O1023493	YEDİTEPE ÜNİVERSİTESİ_GLUCOMETRE_23012025	Approved	Cancelled
O1021455	HAYDARPAŞA NUMUNE EAH_RTD_IHC_DT_12032024	Completed	Approved
O1017728	GİRESUN İSM_COAG_2022_852747	Won	Cancelled
O1017728	GİRESUN İSM_COAG_2022_852747	Won	Cancelled
O1017728	GİRESUN İSM_COAG_2022_852747	Won	Approved
O1017032	Soda Sanayi Biyokimy - 2022-06-01 - 150000 - TRY - DETAY LAB. CİH. SAN. VE TİC. A (0061000026) - Turkey	Won	Approved
O1027180	2026_943642 DİYARBAKIR İSM_ID	Approved	Approved
O1025774	ZONGULDAK KADIN DOĞUM HASTANESİ_SWA_PAZARLIK_2025_2397233	Won	Disapproved
O1025774	ZONGULDAK KADIN DOĞUM HASTANESİ_SWA_PAZARLIK_2025_2397233	Won	Approved
O1027206	Clone of TRAKYA ÜNİVERSİTESİ_ANTİ-HBS_DT_17062026	Won	Approved
O1022986	KTÜ_5.KISIM_CAR_2024_1423188	Approved	Disapproved
O1022986	KTÜ_5.KISIM_CAR_2024_1423188	Approved	Approved
O1022986	KTÜ_5.KISIM_CAR_2024_1423188	Approved	Disapproved
O1024194	Clone of MEDİPOL HASTANESİ_RMD_VIROLOJİ_V2_18032025	Approved	Approved
O1020432	DÜZEN SWA - 2023-11-30 - 1000000 - EUR - DÜZEN BİYOLOJİK BİLİMLER ARAŞT (0061000024) - Turkey	Approved	Approved
O1027541	ŞELALE TIP_KAYA MEDİKAL_CC_IM_07082026	Approved	Approved
O1027541	ŞELALE TIP_KAYA MEDİKAL_CC_IM_07082026	Approved	Disapproved
O1022817	ANKARA EĞİTİM ARAŞTIRMA HASTANESİ_RTD_IHK_2024_1275803	Completed	Approved
O1026260	ÖZÜNLÜ LAB_CC_IM_09032026	In Progress	Disapproved
O1022671	DENİZLİ DH_RTD_DT_07102024	Won	Approved
O1026975	2026_724570_2.KISIM_IM_MERSİN İSM İLÇELER_V1_KİRALIK	Approved	Approved
O1026558	cobas6000 <e601> kira - 2026-06-15 - 150000 TRY - NUKLEUS SAĞLIK HİZMETLERİ A.Ş. (0061000175) Turkey	In Progress	Disapproved
O1026013	BULENT ECEVİT ÜNİVERSİTESİ_RTD_NRAS_DT_28012026	Won	Approved
O1027764	ÖZEL ANTAKYA SAĞLIK MOZAİK_UR_31082026	Approved	Approved
O1024376	Clone of RİZE İSM_ID_2025_723904	Approved	Cancelled
O1024376	Clone of RİZE İSM_ID_2025_723904	Approved	Approved
O1024376	Clone of RİZE İSM_ID_2025_723904	Approved	Disapproved
O1018339	TRAKYA ÜNİVERSİTESİ_İHK_PAZARLIK_2022_1247405	Approved	Approved
O1020499	ÇORUM İSM_İLÇELER_IM_2023_992730	Completed	Approved
O1025473	DORA LAB_EÜ_28112025	Won	Approved
O1023821	DR. HAKAN PROJE ÇALIŞMASI_RTD_CK19_08032025	Won	Approved
O1019665	KOCAELİ RTD_BAP & TÜP_15052023	Won	Approved
O1024860	Cumhurbaşkanlığı_NT-ProBN - 2025-09-30 - 300000 TRY - T.C. CUMHURBAŞKANLIĞI MİLLİ İS (0061000344) Turkey	Won	Approved
O1023236	Clone of GAZİ ÜNİVERSİTESİ_HC_DT_4088_10122024	Completed	Approved
O1023236	Clone of GAZİ ÜNİVERSİTESİ_HC_DT_4088_10122024	Completed	Cancelled
O1021680	BALIKLI RUM HASTANESİ_SWA_02052024	Approved	Approved
O1020461	GÜVEN HASTANESİ_RTD_Her2_05102023	Won	Approved
O1025586	BRAF&PDL1 Anlaşma - 2025-12-31 - 51600 EUR - EPİFARMA LABORATUVAR ÜRÜNLERİ  (0061004345) Turkey	Won	Approved
O1026536	EGE ÜNİ 2026-2025 DAB - 2026-04-20 - 945000 TRY - EGE ÜNİVERSİTESİ UYGULAMA VE A (0061003806) Turkey	Won	Approved
O1027557	ERBAYRAKTAR LAB._SWA_DC	Won	Approved
O1021979	Nucleus Genetik Kapa Lib. - 2024-07-01 - 51500 TRY - NUCLEUS GENETİK ÜRÜNLERİ ANONİ (0061005513) Turkey	Completed	Approved
O1021267	EDİRNE İSM_RTD_IHC_2024_35928	Approved	Approved
O1026895	AK HAYAT_2026_662121_3.KISIM_İSLAB_5_RMD	Approved	Approved
O1021032	BÜLENT ECEVİT ÜNİVERSİTESİ_SİFİLİZ_DT_03012024	Won	Approved
O1018061	DENİZLİ HS_UR_2022_995680	Approved	Approved
O1019215	YAŞAM_SWA_2023	Approved	Approved
O1019020	Clone of NİŞANTAŞI HASTANESİ_CC_IM_12012023	Approved	Approved
O1018230	Prod_MobileApproval_Trial_x	In Progress	Started
O1023680	BALIKESİR HS_SWA_ALTERNATİF 2_CİHAZLAR MÜŞTERİ_2025_43693	Approved	Approved
O1023680	BALIKESİR HS_SWA_ALTERNATİF 2_CİHAZLAR MÜŞTERİ_2025_43693	Approved	Cancelled
O1023680	BALIKESİR HS_SWA_ALTERNATİF 2_CİHAZLAR MÜŞTERİ_2025_43693	Approved	Cancelled
O1026893	2026_662121_YEDEK PARÇA_İSLAB_5	In Progress	Cancelled
O1026893	2026_662121_YEDEK PARÇA_İSLAB_5	In Progress	Cancelled
O1018415	SELÇUK ÜNİVERSİTESİ_PCR_2022_1270579	Approved	Approved
O1027414	KURUL LAB_20072026	Won	Approved
O1018937	GAZİ ÜNİVERSİTESİ_RTD_IHC_1.KISIM_2023_39077	Approved	Approved
O1018937	GAZİ ÜNİVERSİTESİ_RTD_IHC_1.KISIM_2023_39077	Approved	Cancelled
O1019686	İSLAB 1_CC_IM_ID_2023__457059_NUKLEUS INVITROLAB	In Progress	Started
O1022077	Clone of KAYA MEDİKAL HİSAR TIP_CC_IM_02042024	Won	Approved
O1022446	GİRESUN EAH_COAG_PAZARLIK_2024_1138883	Completed	Reset
O1022446	GİRESUN EAH_COAG_PAZARLIK_2024_1138883	Completed	Approved
O1022854	UTKAN_YAŞAM_Has_2024-2025	Approved	Approved
O1024789	ÖZEL ERCİYES_BG _15082025	In Progress	Started
O1023480	HACETTEPE ÜNİVERSİTESİ_RTD_IHK_2024_1729391	Approved	Approved
O1023480	HACETTEPE ÜNİVERSİTESİ_RTD_IHK_2024_1729391	Approved	Cancelled
O1019004	GÖLBAŞI DH_CC_2023_106660	Approved	Approved
O1021213	SUAT SEREN HASTANESİ_RTD_IHC_DT_24-39_07022024	Completed	Approved
O1018093	Mol. Onkoloji DT - 2022-11-25 - 1188000 - TRY - ONDOKUZ MAYIS ÜNV. SAĞ.UYG.ARŞ (0061000540) - Turkey	Won	Approved
O1026321	Ersoy Hastanesi - 2026-03-03 - 313000 EUR - ALGEN TIBBİ ÜRÜNLER VE SAĞ. HİZM. SAN.TİC. A.Ş. Turkey	Approved	Approved
O1022784	KAHRAMANMARAŞ İSM_ID_PAZARLIK_2024_1393080	Completed	Approved
O1017848	YÖNTEM LABORATUVARI_SWA_22092022	Approved	Approved
O1020880	MALTEPE TIP MERKEZİ_IM_ID_12122023	Approved	Approved
O1023127	DENİZLİ HSM_E801 KİRA - 2025-01-31 - 80000 EUR - NUKLEUS SAĞLIK ÜRÜNLERİ TANI H (0061000175) Turkey	Won	Approved
O1021894	KOCAELİ İSM_IM_ID_2024_542819	Approved	Approved
O1023041	GAZİYAŞARGİL EAH HK. DT. - 2024-12-26 - 4000000 TRY - DİYARBAKIR GAZİ YAŞARGİL EĞİTİ (0061004308) Turkey	Completed	Approved
O1023041	GAZİYAŞARGİL EAH HK. DT. - 2024-12-26 - 4000000 TRY - DİYARBAKIR GAZİ YAŞARGİL EĞİTİ (0061004308) Turkey	Completed	Reset
O1026711	2026_562481_GÜMÜŞHANE İSM_COAG	Approved	Approved
O1026314	ÖZEL SAMSUN ROMATEM_09032026	Won	Approved
O1026846	2026_544805_HC_EGE ÜNİVERSİTESİ HASTANESİ	Won	Approved
O1026846	2026_544805_HC_EGE ÜNİVERSİTESİ HASTANESİ	Won	Cancelled
O1021592	GİRESUN EAH_PAZARLIK_COAG_2024_452321	Completed	Approved
O1025336	CEMİL TAŞÇIOĞLU HAS_2025_1854215_PAZARLIK_IHK	Won	Approved
O1022550	GİRESUN İLHAN ÖZDEMİR_CC_IM_PAZARLIK_2024_1219200	Completed	Approved
O1023756	AKDENİZ ÜNİVERSİTESİ_TURBIDIMETRİ_1.KISIM A GRUBU_2025_144954	Approved	Approved
O1025583	Özgül Medikal Proje Alımı_RTD_02122025	Won	Approved
O1016998	Karaman İSM_UR_2022_388501 - 2022-05-23 - 450000 - TRY - DETAY LAB. CİH. SAN. VE TİC. A (0061000026) - Turkey	Approved	Approved
O1019763	ANKARA HS_SWA_2023_352344	Completed	Approved
O1019763	ANKARA HS_SWA_2023_352344	Completed	Reset
O1019763	ANKARA HS_SWA_2023_352344	Completed	Cancelled
O1024712	ADU_RMD_ DT HBV_30072025	Won	Approved
O1024891	İZMİR İSM_BGAS_7.GRUP_2025_1235598	Approved	Approved
O1026345	ISPARTA SÜLEYMAN DEMİREL ÜNİ_CC_2026_190999	Approved	Approved
O1020775	MUŞ İSM_IM_2023_1236369	Approved	Approved
O1025671	AFYON DH_ID+TOURC_pazarlık_2025_2272037_kısım 16	Approved	Approved
O1022375	UZ_Virology_c311	Approved	Approved
O1023477	E-LAB BODRUM_CİHAZ KİRA_30012025	Approved	Approved
O1020148	GAZİNATEP_İSM_CC_IM_2023_699686	Approved	Approved
O1020382	CLINIC EXPERT_CC_IM_02102023	Completed	Approved
O1026971	Clone of Cumhurbaşkanlığı MİT_DT_11052026	Won	Approved
O1027038	2026_874709 PAMUKKALE ÜNİVERSİTESİ_HC	Approved	Approved
O1023169	OMÜ CC_IM_PREA_2024_1597662	Won	Cancelled
O1023169	OMÜ CC_IM_PREA_2024_1597662	Won	Approved
O1023169	OMÜ CC_IM_PREA_2024_1597662	Won	Reset
O1021337	ÇİĞLİ EAH_RMD_2024_164902	In Progress	Disapproved
O1025980	Tetra Lab. - 2026-03-19 - 125000 EUR - ALGEN TIBBİ ÜRÜNLER VE SAĞ. HİZM. SAN. TİC. A.Ş. Turkey	Approved	Approved
O1022887	Paü 2024TIPF014 - 2024-11-18 - 804000 TRY - PAMUKKALE ÜNİVERSİTESİ BİLİMSE (0061000541) Turkey	Won	Approved
O1026973	2026_724570_13.KISIM_COAG_MERSİN İSM_TOROS_TARSUS	Approved	Approved
O1022385	ANTANTALYA İSM_IM_13.KISIM_2.GRUP_2024_945797	Approved	Approved
O1021571	Clone of LETGEN_2024 YILI GENEL ANLAŞMA_14032024	Completed	Approved
O1023354	Selçuk Üni Bap Projesi - 2025-02-28 - 15000 EUR - DETAY LAB. CİH. SAN. VE TİC. A (0061000026) Turkey	Approved	Approved
O1025480	ÇANKIRI İSM_İLÇELER_CC_2025_1853350	Approved	Approved
O1025008	BAYAT DH_IM_2025_1440998	Won	Approved
O1022255	Clone of İSTANBUL ÜNİVERSİTESİ CERRAHPAŞA_RTD_IHC_2024_978076	Completed	Cancelled
O1022255	Clone of İSTANBUL ÜNİVERSİTESİ CERRAHPAŞA_RTD_IHC_2024_978076	Completed	Approved
O1023013	AFYONKARAHİSAR SB ÜNİVERSİTESİ_GLUCOMETRE_2024_1498022	Completed	Approved
O1024402	ÇANAKKALE İSM_BGAS_2025_757614	Approved	Approved
O1017315	FİNİKE DH_IM_ID_2022_623211	Won	Approved
O1022230	ÇUKUROVA ÜNİV_İHK_ISH_MEDİKAL DEĞER_2024_681614	Approved	Approved
O1019144	TUZLA SAĞLIK HİZMETLERİ_RTD_03032023	Completed	Approved
O1018848	Çerkeş Troponin - 2023-02-28 - 140000 - TRY - ÇANKIRI ÇERKEŞ DEVLET HASTANES (0061000336) - Turkey	Won	Approved
O1022521	TİREBOLU DH_CC_IM_PAZARLIK_2024_1202101	Completed	Approved
O1024932	AZ_InvestCase_26 Sayılı/Suraxanı TM	Won	Disapproved
O1024932	AZ_InvestCase_26 Sayılı/Suraxanı TM	Won	Approved
O1021558	DR. ABDURRAHMAN YURTASLAN ONKOLOJİ HASTANESİ_RTD_ANTİ-ALK_2024_392007	Completed	Approved
O1022623	YAĞLIDERE DEVLET PAZARLIK_CC_IM_2024_1279568	Completed	Approved
O1019881	Clone of HACETTEPE ÜNİVERSİTESİ_GENETİK_2023_430512	Completed	Approved
O1017696	Clone of ANTALYA İSM_RTD_17.KISIM_HC_2022_772798	Won	Approved
O1027053	2026_889754_AKSARAY EAH_RMD	Won	Approved
O1017714	LETON HASTANESİ_CC_IM_15092022	Won	Approved
O1025801	SELÇUK ÜNV_CC_DT_2025_2395432	Approved	Approved
O1018660	ÖZEL UMUT HASTANESİ - 2023-01-23 - 850000 - TRY - İLMED İLAÇ ve MEDİKAL ÖZEL  LA (0061000027) - Turkey	Won	Approved
O1020030	AMASYA İSM_ CARD_2023_633369	Completed	Approved
O1025313	SELÇUK ÜNV_COAG_2025_1680317	Approved	Approved
O1025882	2025/2422815 KONYA MERAM DH_BG	Approved	Approved
O1021051	ADANA İSM_CC_IM_2023_1441147-SATIŞ	Completed	Cancelled
O1021051	ADANA İSM_CC_IM_2023_1441147-SATIŞ	Completed	Approved
O1022120	MN_Setunari_BMK Ultra	Won	Approved
O1025095	Clone of Clone of FLORENCE NIGHTINGALE_ALZHEIMER TEST_30072025	Approved	Approved
O1023262	AFSÜ DT CC_24122024	Won	Approved
O1022195	Clone of ESKİŞEHİR OSMANGAZİ ÜNİVERSİTESİ_ÇİNKO BAKIR_DT_18072024	Won	Approved
O1027564	UZ_BB_IDT_4x5800 round2	Approved	Approved
O1027564	UZ_BB_IDT_4x5800 round2	Approved	Cancelled
O1017939	CERRAHİ HASTANESİ_CC_IM_04102022	Approved	Approved
O1019859	GAZİ ÜNİVERSİTESİ_ID_2023_583675	Completed	Approved
O1018882	YENİMAHALLE EAH_ID_2022_1491839	Approved	Approved
O1018882	YENİMAHALLE EAH_ID_2022_1491839	Approved	Cancelled
O1018106	İSTANBUL ÜNİVERSİTESİ CERRAHPAŞA TF_HOMOSISTEIN_2022_1052889	Completed	Approved
O1018106	İSTANBUL ÜNİVERSİTESİ CERRAHPAŞA TF_HOMOSISTEIN_2022_1052889	Completed	Disapproved
O1027256	ETLİK PPP COBAS8800 EBV - 2026-07-20 - 70000 EUR _23062026	Won	Approved
O1024558	İzmir PPP İHK-Antikor - 2025-08-31 - 70000 EUR - NUKLEUS SAĞLIK HİZMETLERİ A.Ş. (0061000175) Turkey	Approved	Reset
O1024558	İzmir PPP İHK-Antikor - 2025-08-31 - 70000 EUR - NUKLEUS SAĞLIK HİZMETLERİ A.Ş. (0061000175) Turkey	Approved	Approved
O1024558	İzmir PPP İHK-Antikor - 2025-08-31 - 70000 EUR - NUKLEUS SAĞLIK HİZMETLERİ A.Ş. (0061000175) Turkey	Approved	Reset
O1024558	İzmir PPP İHK-Antikor - 2025-08-31 - 70000 EUR - NUKLEUS SAĞLIK HİZMETLERİ A.Ş. (0061000175) Turkey	Approved	Reset
O1018749	KTÜ 2023 IM DT - 2023-02-27 - 216000 - TRY - KARADENİZ TEKNİK ÜNV. SAĞ. UYG (0061000375) - Turkey	Won	Approved
O1025236	Clone of ZONGULDAK İSM_2.KISIM_SWA_ID_KARDİYAK_2025_1345197	In Progress	Disapproved
O1025236	Clone of ZONGULDAK İSM_2.KISIM_SWA_ID_KARDİYAK_2025_1345197	In Progress	Disapproved
O1024202	TRAKYA ÜNİVERSİTESİ_DT_Trig-GGT_20052025	In Progress	Cancelled
O1021102	NEMESİS MANİSA GRAND HASTANESİ_IM_ID_23012024	Completed	Approved
O1021262	Özel Fatsa Meditech - 2024-02-19 - 300000 - EUR - İLMED İLAÇ ve MEDİKAL ÖZEL  LA (0061000027) - Turkey	Completed	Approved
O1017396	CENTRO LABORATUVRAI_SWA_06072022	Approved	Disapproved
O1017396	CENTRO LABORATUVRAI_SWA_06072022	Approved	Approved
O1027221	Clone of Clone of 2026_719099 BALIKESİR İSM_ID	Approved	Cancelled
O1027221	Clone of Clone of 2026_719099 BALIKESİR İSM_ID	Approved	Approved
O1024936	ULUDAĞ ÜNV_HOSGLU_2025_1295259	Approved	Approved
O1024440	İSTANBUL ÜNİVERSİTESİ_CERRAHPAŞA TF_SWA_2025_760282	Approved	Approved
O1018471	MALATYA_HAYAT_SAĞLIK - 2023-01-02 - 1000000 - TRY - DİYAR-MED SAĞLIK ÜRÜNLERİ SAN. (0061000054) - Turkey	Completed	Approved
O1025879	afyon dh Dt ocak ihc - 2026-01-26 - 31140000 TRY - AFYONKARAHİSAR DEVLET HASTANES (0061000284) Turkey	Won	Approved
O1023430	MEDİHAUS HASTANESİ_CC_IM_17012025	Approved	Approved
O1019821	SAKARYA EAH_PCT_2023_399211	Won	Approved
O1021134	KAPA HyperPlus(96rx) - 2024-02-15 - 306000 - EUR - GEN ERA DİAGNOSTİK SAĞLIK HİZM (0061005563) - Turkey	Approved	Approved
O1016867	İSTANBUL ÜNİVERSİTESİ ÇAPA_RMD_VİROLOJİ_2022_284546	Won	Disapproved
O1016867	İSTANBUL ÜNİVERSİTESİ ÇAPA_RMD_VİROLOJİ_2022_284546	Won	Approved
O1016867	İSTANBUL ÜNİVERSİTESİ ÇAPA_RMD_VİROLOJİ_2022_284546	Won	Cancelled
O1026997	GAZİ ÜNİV_DT_1454_21052026	Won	Approved
O1027261	MEDİLA LAB_SWA_30062026	Won	Disapproved
O1027261	MEDİLA LAB_SWA_30062026	Won	Approved
O1025262	MERSİN İSM_İLÇELER_ID_2025_1595701	Approved	Approved
O1021631	ANKARA ÜNV_PAZARLIK_CC_IM_2024_462031	Won	Disapproved
O1021631	ANKARA ÜNV_PAZARLIK_CC_IM_2024_462031	Won	Approved
O1026652	2026_628118_SAMSUN HSL_SWA_PAZARLIK	Won	Approved
O1023402	MUŞ İSM_CC_2024_1884122	Won	Approved
O1023978	YÖNTEM LABORATUVARI_CC_IM_04042025	Approved	Reset
O1023978	YÖNTEM LABORATUVARI_CC_IM_04042025	Approved	Disapproved
O1025988	2026_76539_OKMEYDANI EAH_ IHK	Approved	Approved
O1017515	Clone of LABMED_KKTC HASTANELER_CC_08062022	Completed	Approved
O1027631	2026_1418685_1.KISIM_ACİL KARDİYAK_ANTALYA İSM_KİRALIK	Approved	Approved
O1023553	DOKUZ EYLÜL ÜNİVERSİTESİ_ID_2025_70819	Approved	Approved
O1019815	ÇİĞLİ EAH_RTD_IHC_6 AYLIK_2023_515248	Won	Approved
O1022080	Gazi Ünv_PCT-Kortizol DT - 2024-09-30 - 2400000 TRY - GAZİ ÜNİVERSİTESİ TIP FAKÜLTES (0061000084) Turkey	Won	Approved
O1027036	Mengücek EAH Mikrobiyoloj - 2026-07-31 - 125000 EUR - ERZİNCAN FIRAT MEDİKAL SAĞLIK  (0061004120) Turkey	Won	Approved
O1025776	ZONGULDAK KADIN DOĞUM_GLUKOMETRE_PAZARLIK_2025_2397233	Approved	Approved
O1025776	ZONGULDAK KADIN DOĞUM_GLUKOMETRE_PAZARLIK_2025_2397233	Approved	Disapproved
O1025368	MERSİN ÜNİ._RTD_HER-2 DT_30102025	In Progress	Started
O1026838	Tekirdağ PPP İHK Yeni - 2026-05-31 - 350000 EUR - ÖZGÜN KİMYEVİ MADDE TIBBİ MALZ (0061000040) Turkey	Approved	Approved
O1021532	Clone of İZMİR EAH BOZYAKA_RMD VIROLOJİ_3 AY PAZARLIK_2024_340406	Won	Approved
O1023865	GAZİ ÜNİVERSİTESİ_RTD_DT_17032025	Won	Approved
O1025006	EGE ÜNİ RTD_SISH EYLÜL_17092025	Won	Approved
O1025472	Clone of ÇANAKKALE İSM_ID_ 2025_1827270	Approved	Approved
O1026851	MEMORIAL GRUP_SWA_GLUCOMETRE_V3_26022026	Approved	Approved
O1026851	MEMORIAL GRUP_SWA_GLUCOMETRE_V3_26022026	Approved	Cancelled
O1021188	KARAMAN İSM_COAG_2024_3	Approved	Disapproved
O1021188	KARAMAN İSM_COAG_2024_3	Approved	Approved
O1017526	PROLAB_CC_IM_ID_08082022	Won	Approved
O1017479	BİRLİK MEGAPOL HASTANESİ_CC_27072022	Completed	Approved
O1017479	BİRLİK MEGAPOL HASTANESİ_CC_27072022	Completed	Disapproved
O1017774	ŞIRNAK İSM_IM_ID_PAZARLIK_2022_930568	Won	Approved
O1019761	20230530_GE_Megalab Project - 2023-12-01 - 210000 - EUR - Mirco Ltd. (0061000003) - Georgia	Approved	Approved
O1019583	ZETA 1 LABORATUVAR_IM	Approved	Approved
O1027280	2026_1205803_SWA_BURSA HSL	Approved	Approved
O1026797	2026_662121_15.KISIM_İSLAB_5_COAG	In Progress	Cancelled
O1025112	AYDIN ŞEHİR HASTANESİ_SWA_PRE POST ANALİTİK_2025_1426978	Approved	Approved
O1019969	NESİLLER GENETİK_CGP AVENIO_16012024	Approved	Approved
O1021679	İSTANBUL HOSPITAL_CC_IM_30042024	Completed	Reset
O1021679	İSTANBUL HOSPITAL_CC_IM_30042024	Completed	Approved
O1025100	Tepecik EAH SARTRON_DT_26092025	Won	Approved
O1017020	Ortadoğu SWA - 2022-07-31 - 2000000 - TRY - BÜYÜK ORTADOĞU SAĞLIK EĞİTİM T (0061005119) - Turkey	Won	Approved
O1017020	Ortadoğu SWA - 2022-07-31 - 2000000 - TRY - BÜYÜK ORTADOĞU SAĞLIK EĞİTİM T (0061005119) - Turkey	Won	Reset
O1024055	KOCAELİ ÜNİVERSİTESİ_RTD_DT_18042025	Won	Approved
O1020177	GAZİ ÜNİVERSİTESİ_RTD_CA 19-9_6.KISIM_2023_764923	Approved	Approved
O1019429	Mersin Üni DT (ID) - 2023-05-16 - 450000 - TRY - DETAY LAB. CİH. SAN. VE TİC. A (0061000026) - Turkey	Approved	Approved
O1019592	Clone of NAMIK KEMAL ÜNİVERSİTESİ_RTD_IHC_DT_29042023	Won	Approved
O1023099	KARTAL DT HER2 ANT - 2024-12-31 - 7440000 TRY - KARTAL DR.LÜTFİ KIRDAR ŞEHİR H (0061000545) Turkey	Completed	Approved
O1022190	ACIBADEM KENT HATANESİ_6 AYLIK_CC_IM_22072024	Approved	Approved
O1022524	MANİSA İSM_CC_2.KISIM_2024_1096707	Approved	Approved
O1017294	ALANYA DH_IPAZARLIK_2022_613309	Won	Approved
O1027887	2026_1533583 MANİSA İSM_SWA	Approved	Approved
O1025124	ÇORUM İLÇELER_UR_2025_1420884	Approved	Approved
O1017670	SULTANBEYLİ CERRAHİ TIP MERKEZİ_CC_IM_31082022	Won	Approved
O1027821	2026_1418685_7.KISIM_CC_IM_ANTALYA İSM_ALANYA_KEPEZ DH_v3	Approved	Approved
O1026590	2026_491883_1.KISIM_CC_IM_ID_ISPARTA İSM	Approved	Approved
O1017222	ANTALYA ATATÜRK DH_RTD_IHC_PAZARLIK_2022_578652	Won	Approved
O1021603	ÇANAKKALE ONSEKİZ MART ÜNİVERSİTESİ_RTD_IHC_DT 561_0204	Won	Disapproved
O1021603	ÇANAKKALE ONSEKİZ MART ÜNİVERSİTESİ_RTD_IHC_DT 561_0204	Won	Approved
O1021835	Clone of Erdemli DH Pazarlık - 2024-05-30 - 150000 EUR - DETAY LAB. CİH. SAN. VE TİC. A (0061000026) Turkey	Won	Approved
O1021835	Clone of Erdemli DH Pazarlık - 2024-05-30 - 150000 EUR - DETAY LAB. CİH. SAN. VE TİC. A (0061000026) Turkey	Won	Cancelled
O1025256	BURSA PPP - Yeni Dönem Anlaşması	Won	Approved
O1027632	2026_1418685_3.KISIM 1.GRUP CC_ANTALYA İSM	In Progress	Disapproved
O1021429	KASTAMONU İSM_ID_2024_161479	Approved	Approved
O1018223	Clone of DENİZLİ HS_CC_IM_ID_2022_995680	Won	Approved
O1018223	Clone of DENİZLİ HS_CC_IM_ID_2022_995680	Won	Cancelled
O1022497	Güven_DT - 2024-10-31 - 1200 TRY - DİAFARMA ECZA DEPOSU VE MEDİKA (0061005218) Turkey	Won	Approved
O1026196	EGE ÜNİ 2026-1279 DAB - 2026-03-16 - 1440000 TRY - EGE ÜNİVERSİTESİ UYGULAMA VE A (0061003806) Turkey	Approved	Approved
O1026442	2026_470569 SELÇUK ÜNİVERSİTESİ_ID_PAZARLIK	Won	Approved
O1024607	MARMARA ÜNİVERSİTESİ_RTD_HC_2025_995658	Won	Approved
O1026987	Clone of Clone of Clone of LETGEN 2026_04 - 2026-06-30 - 60000 EUR - LETGEN BİYOTEKNOLOJİ LABORATUV (0061005075) Turkey	Won	Approved
O1017909	KTÜ DT MS HCV RNA - 2022-10-01 - 459360 - TRY - KARADENİZ TEKNİK ÜNV. SAĞ. UYG (0061000375) - Turkey	Won	Approved
O1024203	TRAKYA ÜNİV._DT Kol. BilD BilT_16052025	Won	Approved
O1023122	Van EAH Eliza navify - 2024-12-28 - 12000 EUR - DİYAR-MED SAĞLIK ÜRÜNLERİ SAN. (0061000054) Turkey	Won	Cancelled
O1023122	Van EAH Eliza navify - 2024-12-28 - 12000 EUR - DİYAR-MED SAĞLIK ÜRÜNLERİ SAN. (0061000054) Turkey	Won	Cancelled
O1023122	Van EAH Eliza navify - 2024-12-28 - 12000 EUR - DİYAR-MED SAĞLIK ÜRÜNLERİ SAN. (0061000054) Turkey	Won	Cancelled
O1023122	Van EAH Eliza navify - 2024-12-28 - 12000 EUR - DİYAR-MED SAĞLIK ÜRÜNLERİ SAN. (0061000054) Turkey	Won	Cancelled
O1023122	Van EAH Eliza navify - 2024-12-28 - 12000 EUR - DİYAR-MED SAĞLIK ÜRÜNLERİ SAN. (0061000054) Turkey	Won	Approved
O1023122	Van EAH Eliza navify - 2024-12-28 - 12000 EUR - DİYAR-MED SAĞLIK ÜRÜNLERİ SAN. (0061000054) Turkey	Won	Cancelled
O1026824	GAZİ ÜNİV_DT_RTD_05052026	Won	Approved
O1026937	2026_808333_ID_DİCLE ÜNİVERSİTESİ	Approved	Approved
O1017188	KORKUTELİ DH_IM_ID_PAZARLIK_2022_562891	Won	Approved
O1020806	BÜYÜK İSTANBUL LAB_CC_04122023	Completed	Approved
O1024787	MERSİN ÜNİ HER2 DUAL ISH - 2025-08-28 - 3000000 TRY - MERSİN ÜNİVERSİTESİ REKTÖRLÜĞÜ (0061004230) Turkey	Approved	Approved
O1017647	ÖZEL ADANA SAĞLIK HİZMETLERİ_CC_IM_220822	Won	Approved
O1021722	SİNOP İSM_ID_2024_475039	Approved	Approved
O1024030	TRAKYA ÜNİVERSİTESİ_CPS_DT-HDL-LDL_14042025	Approved	Cancelled
O1024030	TRAKYA ÜNİVERSİTESİ_CPS_DT-HDL-LDL_14042025	Approved	Approved
O1026503	MOZAİK ÖZEL ANTAKYA SAĞLIK_SWA_03042026	Approved	Approved
O1021395	İSTANBUL SANCAKTEPE EAH_RTD_IHC_DT_500 TEST_28022024	Won	Approved
O1018269	CERRAHİ HASTANESİ_CC_IM_08112022	Won	Approved
O1017183	DT DAP & Histokimya - 2022-07-04 - 1620000 - TRY - DICLE UNV TIP (0061002669) - Turkey	Completed	Reset
O1017183	DT DAP & Histokimya - 2022-07-04 - 1620000 - TRY - DICLE UNV TIP (0061002669) - Turkey	Completed	Approved
O1022818	ALANYA DH_RTD_IHC_PAZARLIK_2 AYLIK_2024_1442276	Completed	Approved
O1020339	İZMİR EAH BOZYAKA_SWA_PAZARLIK_2023_967129	Won	Approved
O1022349	OSMANİYE İSM_ID_2024_945803	Completed	Approved
O1021076	Clone of REFERANS LABORATUVARI_CC_IM_03012024	Approved	Approved
O1021076	Clone of REFERANS LABORATUVARI_CC_IM_03012024	Approved	Disapproved
O1025848	KARS İSM_COAG BAYİ_2025_2131625	Approved	Disapproved
O1025848	KARS İSM_COAG BAYİ_2025_2131625	Approved	Approved
O1020511	EMSEY HOSPITAL_CC_IM_ID_23102023	Completed	Approved
O1021494	KKTC_ÖZÜNLÜ_CC_IM_ID_17042024	Won	Approved
O1021470	FATİH SULTAN MEHMET EAH_RTD_ANTIKOR_DT_12032024	Won	Approved
O1018477	MERSİN ÜNİVERSİTESİ_İHK_ISH_İFA_2022_1316255	In Progress	Reset
O1018760	SON DURAK TIP MERKEZİ_CC_IM_12012023	Completed	Approved
O1018451	ERZURUM ATATÜRK ÜNV_ISD_2022_1284778	Won	Approved
O1018451	ERZURUM ATATÜRK ÜNV_ISD_2022_1284778	Won	Reset
O1023020	SÜREYYAPAŞA EAH_RTD_DT_IHK_26112024	Completed	Approved
O1023020	SÜREYYAPAŞA EAH_RTD_DT_IHK_26112024	Completed	Cancelled
O1022866	AFYONKARAHİSAR ÜNİVERSİTESİ_CC_IM_DT_05112024	Won	Approved
O1022328	A LIFE HOSP. SWA - 2024-05-31 - 500000 - EUR - DEVA KİMYA SANAYİ VE TİCARET LİMİTED ŞİRKETİ(0061000074)	Completed	Approved
O1016957	EGE ÜNİVERSİTESİ_RMD_VİROLOJİ_DT_22042022	Approved	Approved
O1023859	Clone of MERSİN ÜNİ HER2 60 TEST - 2025-03-19 - 2000000 TRY - MERSİN ÜNİVERSİTESİ REKTÖRLÜĞÜ (0061004230) Turkey	Approved	Approved
O1020619	ORDU ISM_SWA_2023_1036107	Completed	Reset
O1020619	ORDU ISM_SWA_2023_1036107	Completed	Cancelled
O1020619	ORDU ISM_SWA_2023_1036107	Completed	Approved
O1027503	2026_1308268 BURDUR İSM_IHC	Approved	Cancelled
O1027503	2026_1308268 BURDUR İSM_IHC	Approved	Cancelled
O1027503	2026_1308268 BURDUR İSM_IHC	Approved	Approved
O1025247	YAŞAM HASTANESİ_16102025	Approved	Approved
O1023905	MAY TOHUM_CİHAZSIZ_REV2_19032025	Approved	Approved
O1021567	Gazi Ünv_BAP Projesi - 2024-05-31 - 10000 - TRY - T.C. GAZİ ÜNİVERSİTESİ REKTÖRL (0061000112) - Turkey	Approved	Approved
O1020194	GOP ÜNİVERSİTESİ_SWA_PAZARLIK_1 AYLIK_2023_845206	Won	Reset
O1020194	GOP ÜNİVERSİTESİ_SWA_PAZARLIK_1 AYLIK_2023_845206	Won	Reset
O1020194	GOP ÜNİVERSİTESİ_SWA_PAZARLIK_1 AYLIK_2023_845206	Won	Approved
O1021781	GAZİ ÜNİVERSİTESİ_RTD_DT 16 KALEM_20052024	Approved	Approved
O1019519	MUĞLA HS_CC_IM_UR_2023_363656	Approved	Approved
O1019560	DİCLE ÜNİVERSİTESİ_İHK_ANTİKOR_2023_395386	Completed	Approved
O1024782	GÜVEN HASTANESİ_RTD_DT_ - HER2_08082025	Won	Approved
O1027726	2025_2010085_SAMSUN İSM_SSU KİRA	Won	Approved
O1025539	ÖZEL HAYAT HASTANESİ_SWA - 2025-12-30 - 100000 EUR - DEVA KİMYA SANAYİ VE TİCARET L (0061000074) Turkey	In Progress	Disapproved
O1025539	ÖZEL HAYAT HASTANESİ_SWA - 2025-12-30 - 100000 EUR - DEVA KİMYA SANAYİ VE TİCARET L (0061000074) Turkey	In Progress	Cancelled
O1025539	ÖZEL HAYAT HASTANESİ_SWA - 2025-12-30 - 100000 EUR - DEVA KİMYA SANAYİ VE TİCARET L (0061000074) Turkey	In Progress	Disapproved
O1025539	ÖZEL HAYAT HASTANESİ_SWA - 2025-12-30 - 100000 EUR - DEVA KİMYA SANAYİ VE TİCARET L (0061000074) Turkey	In Progress	Cancelled
O1026490	TURGUT NOYAN HER2 150TEST - 2026-04-23 - 1000000 TRY - BAŞKENT ÜNİVERSİTESİ ADANA (0061000046) Turkey	Won	Approved
O1027454	MEDİPOL RTD_NAVIFY_23072026	Approved	Approved
O1025338	BUCA SD EAH._ID_2025_1716224	Approved	Approved
O1017330	ELMALI DH_IM ID_PAZARLIK_2022_634782	Won	Approved
O1018908	AKDENİZ ÜNİVERSİTESİ_ MPA CC IM_2023_52706	Completed	Approved
O1018908	AKDENİZ ÜNİVERSİTESİ_ MPA CC IM_2023_52706	Completed	Cancelled
O1020666	Clone of MEYDAN HASTANELERİ_ CC_IM_18082023	Won	Approved
O1021330	BİR NEFES HASTANESİ_CC_IM_20022024	Approved	Approved
O1021330	BİR NEFES HASTANESİ_CC_IM_20022024	Approved	Disapproved
O1017684	Q_PCR MP24 NUKLEUS_1 - 2023-08-31 - 300000 - TRY - NUKLEUS SAĞLIK ÜRÜNLERİ TANI H (0061000175) - Turkey	Approved	Approved
O1017684	Q_PCR MP24 NUKLEUS_1 - 2023-08-31 - 300000 - TRY - NUKLEUS SAĞLIK ÜRÜNLERİ TANI H (0061000175) - Turkey	Approved	Cancelled
O1016946	KANUNİ SULTAN SÜLEYMAN EAH_RTD_IHC_2022_325436	Won	Approved
O1026265	ORDU ÖZEL UMUT HASTANESİ_04032026	Won	Approved
O1026632	2026_412020_GÜLHANE EAH_IHK+HK+ISH	Won	Approved
O1020565	KASTAMONU MRKZ CC_IM_2023_996354	Approved	Cancelled
O1020565	KASTAMONU MRKZ CC_IM_2023_996354	Approved	Approved
O1020565	KASTAMONU MRKZ CC_IM_2023_996354	Approved	Cancelled
O1023198	ŞIRNAK İSM_IM_ID_2024_1678472	In Progress	Disapproved
O1023198	ŞIRNAK İSM_IM_ID_2024_1678472	In Progress	Cancelled
O1023198	ŞIRNAK İSM_IM_ID_2024_1678472	In Progress	Disapproved
O1023027	KARTAL DR. LÜTFİ KIRDAR ŞEHİR HASTANESİ_RTD_IHC_2024_1523185	Completed	Approved
O1023027	KARTAL DR. LÜTFİ KIRDAR ŞEHİR HASTANESİ_RTD_IHC_2024_1523185	Completed	Cancelled
O1023489	GELİŞİM HEREDİTER CA_RTD_23012025	Approved	Approved
O1020770	ISPARTA SDÜ_IM_ID_CC_2023_1207549	Completed	Approved
O1023884	GE_NCDC_HPV_2025	Won	Approved
O1023884	GE_NCDC_HPV_2025	Won	Cancelled
O1023884	GE_NCDC_HPV_2025	Won	Cancelled
O1018069	ELAZIĞ HS_CC_IM_2022_1000389	Completed	Approved
O1027198	Clone of ULUDAĞ ÜN. GLUC D.TEMİN - 2026-07-15 - 50000 EUR - DEVA KİMYA SANAYİ VE TİCARET L (0061000074) Turkey	Approved	Approved
O1017985	DİYARBAKIR GAZİ YAŞARGİL EAH_HPV Cintec Plus_2022_1283420	Approved	Approved
O1017985	DİYARBAKIR GAZİ YAŞARGİL EAH_HPV Cintec Plus_2022_1283420	Approved	Reset
O1022268	AKDENİZ ÜNİVERSİTESİ_ID_2024_889051	Approved	Approved
O1017196	LABMED_KKTC HASTANELER_CC_08062022	Approved	Disapproved
O1017196	LABMED_KKTC HASTANELER_CC_08062022	Approved	Approved
O1017917	Atatürk Ünv. DAP - 2022-10-20 - 15000 - TRY - ÖZGÜL EĞİTİM SAĞLIK HİZ. MED.  (0061000500) - Turkey	Completed	Approved
O1023758	AKDENİZ ÜNİVERSİTESİ_TÜRBİDİMETRİ CİHAZ KİRASI_2025_144954	Approved	Approved
O1026261	ULUN LAB  CC-IM - 2026-03-25 - 55000 EUR - BIOSYS LIMITED (0061005595) Cyprus	In Progress	Disapproved
O1020265	SAKARYA EAH_PCT_DT_230831	Won	Reset
O1020265	SAKARYA EAH_PCT_DT_230831	Won	Approved
O1020265	SAKARYA EAH_PCT_DT_230831	Won	Reset
O1027212	Clone of ÇAKMAK ERDEM HASTANESİ_RTD_27042026	Won	Approved
O1025677	Manavgat DH_IHC_22122025	Won	Cancelled
O1025677	Manavgat DH_IHC_22122025	Won	Disapproved
O1025677	Manavgat DH_IHC_22122025	Won	Approved
O1020836	Curhurbaşkanlığı SWA - 2024-12-31 - 4000000 - TRY - T.C. CUMHURBAŞKANLIĞI MİLLİ İS (0061000344) - Turkey	Completed	Approved
O1020836	Curhurbaşkanlığı SWA - 2024-12-31 - 4000000 - TRY - T.C. CUMHURBAŞKANLIĞI MİLLİ İS (0061000344) - Turkey	Completed	Reset
O1020836	Curhurbaşkanlığı SWA - 2024-12-31 - 4000000 - TRY - T.C. CUMHURBAŞKANLIĞI MİLLİ İS (0061000344) - Turkey	Completed	Reset
O1020470	AMASYA İSM_GLU_2023_1003800	Won	Approved
O1020470	AMASYA İSM_GLU_2023_1003800	Won	Reset
O1021355	İSTANBUL SANCAKTEPE EAH_RTD_IHC_DT_500 TEST_20022024	Approved	Approved
O1020427	KOÇ ÜNİVERSİTESİ HASTANESİ_RTD_GENEL ANLAŞMA_REVİZE_1 YILLIK_29092023	Completed	Approved
O1017197	LABMED_KKTC HASTANELERİ_IM_08062022	Approved	Disapproved
O1017197	LABMED_KKTC HASTANELERİ_IM_08062022	Approved	Reset
O1017197	LABMED_KKTC HASTANELERİ_IM_08062022	Approved	Approved
O1025026	MEMORİAL HASTANESİ_IM_22092025	Won	Cancelled
O1025026	MEMORİAL HASTANESİ_IM_22092025	Won	Approved
O1025018	BAKIRKÖY DR. SADİ KONUK EAH_RTD_2025_1316303	Approved	Approved
O1025119	Clone of MLL ÖZDEN ÖZER_RTD_IHK_05042024	Won	Approved
O1025119	Clone of MLL ÖZDEN ÖZER_RTD_IHK_05042024	Won	Cancelled
O1017381	Clone of BİOLAB_SWA_28042022	Won	Approved
O1023681	ACIBADEM_RTD_EGFR_19022025	Approved	Approved
O1021746	ANKARA EAH_CC_IM_COAG_UR_2024_446841	In Progress	Cancelled
O1021746	ANKARA EAH_CC_IM_COAG_UR_2024_446841	In Progress	Reset
O1021746	ANKARA EAH_CC_IM_COAG_UR_2024_446841	In Progress	Reset
O1021746	ANKARA EAH_CC_IM_COAG_UR_2024_446841	In Progress	Reset
O1021746	ANKARA EAH_CC_IM_COAG_UR_2024_446841	In Progress	Disapproved
O1021746	ANKARA EAH_CC_IM_COAG_UR_2024_446841	In Progress	Reset
O1021746	ANKARA EAH_CC_IM_COAG_UR_2024_446841	In Progress	Reset
O1021746	ANKARA EAH_CC_IM_COAG_UR_2024_446841	In Progress	Reset
O1021746	ANKARA EAH_CC_IM_COAG_UR_2024_446841	In Progress	Reset
O1019235	Van İSM Ek Cihaz - 2023-03-31 - 240000 - TRY - DİYAR-MED SAĞLIK ÜRÜNLERİ San. (ACC-0004052772) - Turkey	Won	Approved
O1019548	İSLAB 4.BÖLGE_CC_IM_ID_BG_RMD_2023_317402-ÖZGÜN	Approved	Cancelled
O1019548	İSLAB 4.BÖLGE_CC_IM_ID_BG_RMD_2023_317402-ÖZGÜN	Approved	Cancelled
O1019548	İSLAB 4.BÖLGE_CC_IM_ID_BG_RMD_2023_317402-ÖZGÜN	Approved	Disapproved
O1019548	İSLAB 4.BÖLGE_CC_IM_ID_BG_RMD_2023_317402-ÖZGÜN	Approved	Approved
O1018804	NÖROPSİKİYATRİ HASTANESİ_BGAS_17012023	Approved	Approved
O1024238	ANKARA ÜNV_PAZARLIK_HEPATOLOJİ_2025_620243	Won	Approved
O1017352	BUCATIP_GALEN_ZTINAZTEPE_IM_ID_29062022	Approved	Approved
O1027870	ANKARA ÜNİ_DT_HCV_18092026	Approved	Approved
O1027121	2026_836082_SELÇUK ÜNİV_RMD	Approved	Approved
O1020034	SONOMED_CC_20072023	Completed	Approved
O1027463	2026_783778_AĞRI İSM_ELİZA_DC	Approved	Approved
O1027055	2026_895658_RNW_RTD_IHC_KOCAELİ İSM	Won	Approved
O1022841	Gen_Era_Ngs_Exome_v2_30102024	In Progress	Disapproved
O1022495	OKMEYDANI EAH_İHK_2024/1032937	Completed	Approved
O1024896	EPİFARMA_RTD_DAB_28082025	Won	Approved
O1020069	DİYARBAKIR İSM_CC_IM_2023_648958	Completed	Approved
O1026411	ERK DIA ÇÜ ZİRAAT F. ZOO - 2026-04-23 - 100000 TRY - ERK DIAGNOSTIK OZEL SAGLIK HIZ (0061006093) Turkey	Approved	Approved
O1027840	LETGEN_MAGNA PURE96_GENETİK_CİHAZ_KİT_SATIŞ	Approved	Approved
O1027767	DETAY CİHAZ SATIŞ ANLAŞMASI	Approved	Approved
O1021312	EMET DH_IM_ID_DT_13022024	Won	Approved
O1020504	Clone of Clone of KÜTAHYA PPP_KİRALI MODEL_	Completed	Approved
O1020151	DELTA LAB_IM_E411	Approved	Approved
O1021777	Epifarma OMP Anlaşma - 2024-05-31 - 35620 EUR - EPİFARMA LABORATUVAR ÜRÜNLERİ  (0061004345) Turkey	Completed	Approved
O1024572	İZMİR İSM._ID_6. KISIM_2025_890706	Approved	Approved
O1024572	İZMİR İSM._ID_6. KISIM_2025_890706	Approved	Disapproved
O1024572	İZMİR İSM._ID_6. KISIM_2025_890706	Approved	Disapproved
O1024211	Clone of Clone of TRAKYA ÜNİVERSİTESİ_COAG_2025_515433	Approved	Approved
O1018883	YENİMAHALLE EAH_CC_2022_1491839	Approved	Cancelled
O1018883	YENİMAHALLE EAH_CC_2022_1491839	Approved	Cancelled
O1018883	YENİMAHALLE EAH_CC_2022_1491839	Approved	Approved
O1018546	ÖZEL LİVHOSPİTAL HST - 2022-12-31 - 1750000 - TRY - SAMSUN LIV HOSPITAL (0061004528) - Turkey	Won	Cancelled
O1018546	ÖZEL LİVHOSPİTAL HST - 2022-12-31 - 1750000 - TRY - SAMSUN LIV HOSPITAL (0061004528) - Turkey	Won	Approved
O1018546	ÖZEL LİVHOSPİTAL HST - 2022-12-31 - 1750000 - TRY - SAMSUN LIV HOSPITAL (0061004528) - Turkey	Won	Reset
O1027867	2026_1631753 DİCLE ÜNİVERSİTESİ_HPV	Approved	Approved
O1025205	BEYHEKİM EAH_BG_2025_1624930	Approved	Approved
O1026291	EGE ÜNİ 2026-1279 DAB - 2026-03-16 - 1440000 TRY - EGE ÜNİVERSİTESİ UYGULAMA VE A (0061003806) Turkey	Won	Disapproved
O1026291	EGE ÜNİ 2026-1279 DAB - 2026-03-16 - 1440000 TRY - EGE ÜNİVERSİTESİ UYGULAMA VE A (0061003806) Turkey	Won	Approved
O1019067	İZMİR İSM_RTD HC_2022_1499704	Approved	Approved
O1018876	Mozaik Hast Swa - 2023-03-08 - 4500000 - TRY - DETAY LAB. CİH. SAN. VE TİC. A (0061000026) - Turkey	Won	Approved
O1021685	KAHRAMANMARAŞ SÜTÇÜ İMAM ÜNV_2024_472893	Completed	Approved
O1022475	GİRESUN EAH_HK_2024_1014048	Completed	Approved
O1021276	ANKARA ATATÜRK SANATORYUM EAH_RTD_IHC_2024_15651	Approved	Approved
O1020033	p16 Medikal Değer - 2023-08-28 - 2100000 - TRY - VAN BÖLGE EĞİTİM VE ARAŞTIRMA  (0061004046) - Turkey	Won	Reset
O1020033	p16 Medikal Değer - 2023-08-28 - 2100000 - TRY - VAN BÖLGE EĞİTİM VE ARAŞTIRMA  (0061004046) - Turkey	Won	Approved
O1023130	GE_NSC_HPV_5800_2025_36K tests	Won	Disapproved
O1023130	GE_NSC_HPV_5800_2025_36K tests	Won	Approved
O1020704	IBB_SWA_2023_1188389	Completed	Approved
O1022342	ERZURUM İSM_MERKEZ_İLÇELER_SWA_ID_PCR_2024_954757	Approved	Approved
O1024270	ESKİŞEHİR OSMANGAZİ_SPES CC_2025_1122910	Approved	Approved
O1024270	ESKİŞEHİR OSMANGAZİ_SPES CC_2025_1122910	Approved	Cancelled
O1024270	ESKİŞEHİR OSMANGAZİ_SPES CC_2025_1122910	Approved	Disapproved
O1026728	DEÜ 2026-2096 cmv dt - 2026-05-11 - 6720000 TRY - DOKUZ EYLÜL ÜNİVERSİTESİ HASTA (0061003667) Turkey	Won	Approved
O1021542	ÇUKUROVA ÜNV_SP IM_PAZARLIK_2024_361250		Approved
O1025719	ANKARA EAH_IHK_2025_2091714	Won	Disapproved
O1025719	ANKARA EAH_IHK_2025_2091714	Won	Approved
O1027311	2026_1037117_3.KISIM_ID_AKSARAY İSM_Instrument Sale Offer	Approved	Approved
O1019303	MEDİSUN_SWA_ 2023	Completed	Approved
O1026582	2026_550412_KAYSERİ İSM_SWA	Approved	Approved
O1019002	İZMİR İSM_CC_IM_PREANALİTİK_13.KISIM_2023_100210	Approved	Approved
O1019777	İSLAB 2_E411 KİRA_2023_457059	Won	Approved
O1024940	Clone of Clone of Clone of İSLAB-2 E801 KİRA ANLAŞMASI_REV3_20052025	Won	Approved
O1017508	GAZİ ÜNİVERSİTESİ_RTD_ANTİKOR_DT_04082022	Approved	Approved
O1021755	MERSİN ÜNV_ID_2024_533353	Completed	Approved
O1023984	Clone of MUĞLA İSM_HS_SWA_2025_332368	Approved	Cancelled
O1023984	Clone of MUĞLA İSM_HS_SWA_2025_332368	Approved	Approved
O1022522	Clone of Ankara Ü. SWA - 2024-08-31 - 50000000 TRY - ANKARA ÜNİVERSİTESİ SAĞL UYG A (0061000126) Turkey	Approved	Approved
O1020767	SÜLEYMAN DEMİREL ÜNİVERSİTESİ_RMD_2023_1207549	Completed	Approved
O1024748	SAMSUN İSM_DAT_2025_1051365	Approved	Disapproved
O1024748	SAMSUN İSM_DAT_2025_1051365	Approved	Approved
O1024748	SAMSUN İSM_DAT_2025_1051365	Approved	Disapproved
O1019570	TRAKYA ÜNİVERSİTESİ_CC_IM_2023_355752	Completed	Approved
O1019570	TRAKYA ÜNİVERSİTESİ_CC_IM_2023_355752	Completed	Disapproved
O1019033	Clone of KOCAELİ GEBZE FATİH DH_RTD_IHK_DT_07022023	Won	Approved
O1019375	ETİMESGUT DH_IM_2023_242480	Approved	Approved
O1019417	SAKARYA EAH_2.KISIM IM_2023_412451	Completed	Cancelled
O1019417	SAKARYA EAH_2.KISIM IM_2023_412451	Completed	Approved
O1020962	BURDUR İSM_IM_ID_2023_1383269	Approved	Approved
O1020962	BURDUR İSM_IM_ID_2023_1383269	Approved	Cancelled
O1024336	ANTALYA ZİRAİ KARANTİNA_RTD SEQ_04062025	Won	Approved
O1024336	ANTALYA ZİRAİ KARANTİNA_RTD SEQ_04062025	Won	Disapproved
O1026662	2026_583262_1.KISIM_KONYA İSM MERAM DH	Approved	Approved
O1027732	2026_1373651_ATATÜRK SANATORYUM EAH_SWA	Approved	Approved
O1020141	GAZİANTEP_İSM_ID_PAZARIK_2023_804629	Completed	Cancelled
O1020141	GAZİANTEP_İSM_ID_PAZARIK_2023_804629	Completed	Approved
O1022600	ULUDAĞ ÜNİVERSİTESİ_GLUCOMETRE_2024_1166978	Completed	Approved
O1026680	Metabio 2026_20042026	Won	Approved
O1026979	2026_745556_5.KISIM_SP IM_NECMETTİN ERBAKAN ÜNİVERSİTES	Approved	Approved
O1026443	Afyon DH AMH DT - 2026-05-31 - 600000 TRY - NUKLEUS SAĞLIK HİZMETLERİ A.Ş. (0061000175) Turkey	Won	Approved
O1025574	SPEKTROMAR TM_CC_IM_08122025	Approved	Approved
O1025574	SPEKTROMAR TM_CC_IM_08122025	Approved	Disapproved
O1020064	CUMHURİYET ÜNV_SWA_2023_706971	Cancelled	Approved
O1023833	ÖZEL ATAKENT HASTANELERİ_SWA_12032025	Won	Approved
O1020870	Clone of Clone of MUĞLA EAH_RTD_IHC_2023_1222820	Completed	Disapproved
O1020870	Clone of Clone of MUĞLA EAH_RTD_IHC_2023_1222820	Completed	Approved
O1022046	VAN İSM_ID_2024_762782	Completed	Approved
O1018337	ONDOKUZ MAYIS ÜNV_HPV_2022_1088161	Won	Approved
O1026602	Epifarma 2026 2. - 2026-05-01 - 1000000 TRY - EPİFARMA LABORATUVAR ÜRÜNLERİ  (0061004345) Turkey	Won	Approved
O1017281	ANTALYA EAH_RTD_HC_PAZARLIK_2022_608098	Approved	Approved
O1020584	Gazi ÜNV Alzheimer DT - 2024-05-31 - 162000 - TRY - GAZİ ÜNİVERSİTESİ TIP FAKÜLTES (0061000084) - Turkey	Won	Approved
O1023819	DOKUZ EYLÜL ÜNİVERSİTESİ_RMD_2025_225895	Won	Approved
O1020899	RTD_CELL FREE TUBE - EPİFARMA _08122023	Won	Approved
O1024501	Clone of Clone of İSLAB 5_RMD_6 AYLIK_COBAS 5800_16062025	Won	Approved
O1018975	PURSAKLAR DH_CC_2023_49394	Approved	Approved
O1024177	Clone of Mersn Yenşhr/Erdemli - 2025-05-21 - 250000 EUR - DETAY LAB. CİH. SAN. VE TİC. A (0061000026) Turkey	Won	Approved
O1024177	Clone of Mersn Yenşhr/Erdemli - 2025-05-21 - 250000 EUR - DETAY LAB. CİH. SAN. VE TİC. A (0061000026) Turkey	Won	Disapproved
O1026225	2026_185614_GÜLHANE EAH_Kan Bankası	Approved	Approved
O1018290	İSTANBUL BÜYÜKŞEHİR BELEDİYESİ_SWA_2022_1107786	Completed	Approved
O1018136	SONOMED_IM_30102022	Approved	Approved
O1023280	Yakın Doğu 2025 - 2025-01-31 - 15000 EUR - YAKINDOĞU UNV LEFKOŞA (0061002600) Cyprus	Won	Approved
O1025385	AFYON SBÜ_VİROLOJİ_2025_1753456	Won	Approved
O1025385	AFYON SBÜ_VİROLOJİ_2025_1753456	Won	Disapproved
O1024728	SAMSUN İSM_ID_2025_1059678	Approved	Approved
O1027242	ULTRA EMAR_SWA(Gözde Grp) - 2026-08-15 - 500000 EUR - NUKLEUS SAĞLIK HİZMETLERİ A.Ş. (0061000175) Turkey	Approved	Approved
O1020379	ULUDAĞ ÜNİVERSİTESİ_RTD_IHC_2023_926106	Completed	Approved
O1023162	Güven Her2 DT - 2025-02-27 - 200 TRY - DİAFARMA ECZA DEPOSU VE MEDİKA (0061005218) Turkey	Won	Approved
O1021687	CLONE of BEZMİALEM ÜNV iHK/HK - 2024-03-11 - 20000000 - TRY - BEZMİ ALEM VAKIF ÜNİVERSİTESİ  (0061000529) - Turkey	Completed	Approved
O1021687	CLONE of BEZMİALEM ÜNV iHK/HK - 2024-03-11 - 20000000 - TRY - BEZMİ ALEM VAKIF ÜNİVERSİTESİ  (0061000529) - Turkey	Completed	Cancelled
O1016716	ALANYA DH_RTD_IHC_PAZARLIK_2022_261060	Completed	Started
O1020782	ESKİŞEHİR İSM_11.KISIM_ID_TORCH_2023_1179185	Approved	Approved
O1024299	SAKARYA İSM_ID_2025_736052	Approved	Approved
O1024271	ÇİĞLİ EAH_SWA_2025_681764	Won	Approved
O1018605	ÖZÜNLÜ LABORATUVARI_CC_05012023	Completed	Approved
O1022686	Sistem Tıp SWA Mersin - 2024-12-30 - 75000 EUR - DETAY LAB. CİH. SAN. VE TİC. A (0061000026) Turkey	Completed	Approved
O1024859	Clone of ETİMESGUT DH_RTD_IHC_2025_297023	Won	Approved
O1027226	KG_Blood bank project (Reagent rental)_28072026	Approved	Disapproved
O1027226	KG_Blood bank project (Reagent rental)_28072026	Approved	Approved
O1020546	ULUDAĞ ÜNVİVERSİTESİ_SWA_2023_1021046	Approved	Cancelled
O1020546	ULUDAĞ ÜNVİVERSİTESİ_SWA_2023_1021046	Approved	Cancelled
O1020546	ULUDAĞ ÜNVİVERSİTESİ_SWA_2023_1021046	Approved	Approved
O1025300	Sistem Tıp COAG - 2026-01-02 - 15000 EUR - DETAY LAB. CİH. SAN. VE TİC. A (0061000026) Turkey	Won	Approved
O1023959	Adana ISM Ek KİRA 2025 - 2025-04-03 - 40000 EUR - DETAY LAB. CİH. SAN. VE TİC. A (0061000026) Turkey	Won	Approved
O1023959	Adana ISM Ek KİRA 2025 - 2025-04-03 - 40000 EUR - DETAY LAB. CİH. SAN. VE TİC. A (0061000026) Turkey	Won	Reset
O1018919	A HASTANESİ_CC_IM_03022023	Completed	Approved
O1018919	A HASTANESİ_CC_IM_03022023	Completed	Disapproved
O1022094	GAZİ ÜNİVERSİTESİ_ID_2024_822799	Completed	Approved
O1022094	GAZİ ÜNİVERSİTESİ_ID_2024_822799	Completed	Disapproved
O1027148	2026_933967_SAKARYA HALK SAĞLIĞI_SWA	Approved	Approved
O1024655	İZMİR İSM_8.KISIM BGAS_2025_896673	Approved	Approved
O1022993	GAZİ 77396 - 2025-01-30 - 469000 TRY - GAZİ ÜNİVERSİTESİ TIP FAKÜLTES (0061000084) Turkey	Won	Approved
O1018218	EGE ÜNİVERSİTESİ_RMD_VİROLOJİ_2022_1080565	Approved	Approved
O1023937	Clone of LETON HASTANESİ_FETMED_SWA_25032025	Won	Approved
O1018515	ESKİŞEHİR OSMANGAZİ ÜNİVERSİTESİ_CC_IM_2022_1414726	Won	Approved
O1019914	Clone of ISPARTA İSM İLÇELER_IM_ID_2023_505728	Approved	Approved
O1025082	LETGEN Zirai Karantina_MP_24092025	Approved	Approved
O1026664	2026_583262_4.KISIM_COAG_KONYA İSM_MERAM DH	Approved	Approved
O1019321	TRAKYA ÜNİVERSİTESİ_RMD HBV_DT_27032023	Won	Approved
O1019321	TRAKYA ÜNİVERSİTESİ_RMD HBV_DT_27032023	Won	Reset
O1019321	TRAKYA ÜNİVERSİTESİ_RMD HBV_DT_27032023	Won	Cancelled
O1019243	MERSİN ÜNİVERSİTESİ_IHK_ISH_2023_189155	Completed	Approved
O1025259	TOROS TARSUS_UR_2025_1595701	Approved	Approved
O1027379	2026_1291554_ERZURUM ATATÜRK ÜNİV_S.Hor	Approved	Approved
O1022865	Yaşam Akademi Hast - 2024-11-20 - 50000 EUR - DETAY LAB. CİH. SAN. VE TİC. A (0061000026) Turkey	Approved	Approved
O1020287	DT Antikor Alımı - 2023-11-13 - 960000 - TRY - FIRAT ÜNİVERSİTESİ HASTANESİ F (0061003864) - Turkey	Won	Approved
O1018368	LÜLEBURGAZ TIP MERKEZİ_CC_IM_29112022	Completed	Approved
O1019292	KEMER YAŞAM HASTANESİ_CC_IM_21032023	Won	Approved
O1021415	Proje Alımı - 2024-03-29 - 88800 - EUR - EPİFARMA KİMYASAL VE TIBBİ ÜRÜ (0061004345) - Turkey	Won	Approved
O1026404	MUŞ İSM_CC_2024_1884122-PİPO	Approved	Approved
O1018545	ÖZELMEDİCALPARK HAST - 2022-12-31 - 4000000 - TRY - SAMSUN MEDICAL PARK HASTANESİ (0061002458) - Turkey	Won	Approved
O1018215	AĞRI İSM_SWA_2022_1356511	Approved	Approved
O1018215	AĞRI İSM_SWA_2022_1356511	Approved	Cancelled
O1026105	2026_149644_BURDUR İSM_ID	Approved	Disapproved
O1026105	2026_149644_BURDUR İSM_ID	Approved	Approved
O1026328	SELÇUK_IM_DT3_10032026	Approved	Approved
O1020472	SistemTıp IM Mers - 2023-11-11 - 60000 - EUR - DETAY LAB. CİH. SAN. VE TİC. A (0061000026) - Turkey	Completed	Approved
O1024190	METABİO YAŞAM BİLİMLERİ-SYSMEX_LC480 KİRA_13052025	Approved	Approved
O1017958	Medikal Değer Ant - 2022-12-05 - 2400000 - TRY - DİYARBAKIR GAZİ YAŞARGİL EĞİTİ (0061004308) - Turkey	Approved	Approved
O1026367	2026_377509 MALATYA_İSM_IM_PAZARLIK	Won	Approved
O1021580	KAYA MEDİKAL UBS HAYVANCILIK_CC_03042024	Won	Approved
O1021581	Clone of DENİZLİ HS_SWA_2024_192759	Approved	Approved
O1021581	Clone of DENİZLİ HS_SWA_2024_192759	Approved	Disapproved
O1021581	Clone of DENİZLİ HS_SWA_2024_192759	Approved	Cancelled
O1026989	MUĞLA IHC 2026-1580 DT - 2026-06-22 - 11340000 TRY - MUĞLA EĞİTİM VE ARAŞTIRMA HAST (0061003869) Turkey	Won	Approved
O1024247	Clone of DOKUZ EYLÜL ÜNİVERSİTESİ_RMD_2025_225895	Completed	Approved
O1026136	2026_246912  GÜMÜŞHANE İSM_SWA_PAZARLIK	Won	Approved
O1017686	IHC Anlaşması - 2022-10-17 - 1000000 - TRY - SAMSUN MEDICAL PARK HASTANESİ (0061002458) - Turkey	Approved	Approved
O1023745	GAZİ ÜNİVERSİTESİ_RTD_DT_8065_26022025	Completed	Approved
O1017457	TARSUS AMERİKAN HASTANESİ_CC_IM_22072022	Won	Approved
O1024999	Clone of DOKUZ EYLÜL ÜNİVERSİTESİ_RTD_2025_807465	Won	Approved
O1017392	MARDİN İSM_İHK_2022_637857	Completed	Approved
O1020157	NEW_SWA - 2023-10-16 - 2500000 - TRY - DİYAR-MED SAĞLIK ÜRÜNLERİ SAN. (0061000054) - Turkey	Completed	Approved
O1022107	ESKİŞEHİR ANADOLU HASTANESİ_SWA_04072024	Approved	Approved
O1022107	ESKİŞEHİR ANADOLU HASTANESİ_SWA_04072024	Approved	Disapproved
O1024491	EPİFARMA RTD_KAPPA_30062025	Won	Approved
O1017947	PENDİK ŞİFA HASTANESİ_IM_ID_04102022	Approved	Approved
O1027058	GAZİ ÜNİV_DT_DAB_04062026	Won	Approved
O1024877	19 MAYIS ÜNV_NGS_2025_1369427	Approved	Approved
O1018121	DENİZLİ HS_CC_IM_ID_2022_995680	Approved	Approved
O1018124	GEBZE YÜZYIL HASTANESİ_CC_IM_27102022	Approved	Approved
O1025487	KG_Blood bank project (Reagent rental)_11122025	Won	Approved
O1020028	AMASYA İSM_ID_2023_633369	Approved	Approved
O1021607	Clone of Mersin Pcrt DT Son - 2024-04-24 - 6000000 - TRY - MERSİN ÜNİVERSİTESİ REKTÖRLÜĞÜ (0061004230) - Turkey	Won	Approved
O1023903	ÖZEL SEVGİ EK PARAMETRE - 2025-04-07 - 20000 EUR - OR.JİN ÖZEL SAĞ.HİZ. MED.SAN.V (0061000434) Turkey	Approved	Approved
O1023903	ÖZEL SEVGİ EK PARAMETRE - 2025-04-07 - 20000 EUR - OR.JİN ÖZEL SAĞ.HİZ. MED.SAN.V (0061000434) Turkey	Approved	Disapproved
O1023466	TEPECİK EAH_RTD_OCAK_DT_20012025	Completed	Approved
O1024216	GÜLHANE EAH_İLAÇ DÜZEYLERİ_2025_616638	Approved	Approved
O1018671	TRABZON KANUNİ EAH_HK_2022_1355665	Won	Approved
O1018714	ANTALYA EAH_RTD_PDL1_DT_06012023	Won	Approved
O1017876	KUMLUCA_DH_IM ID_PAZARLIK_2022_987299	Won	Approved
O1021821	Mardin Park SWA 2024 - 2024-07-06 - 140000 EUR - DİYAR-MED SAĞLIK ÜRÜNLERİ SAN. (0061000054) Turkey	Completed	Approved
O1020036	Cumhurbaşkanlığı SWA - 2023-08-31 - 3500000 - TRY - T.C. CUMHURBAŞKANLIĞI MİLLİ İS (0061000344) - Turkey	Cancelled	Approved
O1019103	DR. NAFİZ KÖREZ SİNCAN DH_CC_2023_105016	Approved	Approved
O1020144	ANTALYA ATATÜRK DH_CARDIAC_2023_771582	Won	Approved
O1027638	2026_1418685_13.KISIM_1.GRUP IM_ANTALYA İSM	In Progress	Disapproved
O1021670	LEVENT HASTANESİ_CC_IM_ID_30042024	Approved	Approved
O1018504	Moleküler Onk. DT - 2022-12-23 - 1188000 - TRY - ONDOKUZ MAYIS ÜNV. SAĞ.UYG.ARŞ (0061000540) - Turkey	Won	Reset
O1018504	Moleküler Onk. DT - 2022-12-23 - 1188000 - TRY - ONDOKUZ MAYIS ÜNV. SAĞ.UYG.ARŞ (0061000540) - Turkey	Won	Approved
O1025885	Lokman Hekim ALAB_SWA_3 Yıllık - 2026-01-30 - 2500000 EUR - LOKMAN HEKİM AKAY TIBBİ HİZ.Tİ (0061004603) Turkey	Won	Approved
O1022386	ANTALYA İSM_3.KISIM BİYOKİMYA_2024_945797	Approved	Cancelled
O1022386	ANTALYA İSM_3.KISIM BİYOKİMYA_2024_945797	Approved	Approved
O1027731	REFERANS LAB_CC_14082026	Won	Approved
O1026169	AHENK VERTİCAL CCM AOB - 2026-04-30 - 400000 EUR - AHENK SAĞLIK EĞİTİM DAN.HİZM.  (0061005112) Turkey	Approved	Approved
O1019091	ELİT HOSPITAL_CC_27022023	Approved	Cancelled
O1019091	ELİT HOSPITAL_CC_27022023	Approved	Disapproved
O1019091	ELİT HOSPITAL_CC_27022023	Approved	Approved
O1026792	KOÇ ÜNİV_RTD_05052026	Won	Approved
O1024001	ANALİZ LABORATUVARI_CC_IM_11042025	Won	Approved
O1025534	KONYA NUMUNE HASTANESİ_BG_2025_1954535	Approved	Approved
O1023539	AKDENİZ ÜNİVERSİTESİ_ISE 1800 KİRA_29012025	Won	Approved
O1021896	BÜLENT ECEVİT ÜNİVERSİTESİ_2.KISIM UR_2024_697104	Approved	Approved
O1021404	ESENCAN HASTANESİ_CC_IM_08032024	Approved	Cancelled
O1021404	ESENCAN HASTANESİ_CC_IM_08032024	Approved	Approved
O1025027	TÜRK KALP VAKFI HASTANESİ_CC_IM_25092025	Won	Approved
O1025282	Clone of KONYA NUMUNE HST_PAZARLIK_IM_ 2025_1812059	Approved	Approved
O1019997	Polatlı Can SWA - 2023-08-31 - 200000 - EUR - NEMESİS TIBBİ LAB.MED.ELEK. İN (0061005250) - Turkey	Completed	Approved
O1018963	LEVENT HASTANESİ_CC_IM_13022023	Approved	Approved
O1018963	LEVENT HASTANESİ_CC_IM_13022023	Approved	Disapproved
O1018100	AHENK LABORATUVARI CİHAZ KİRA C501-E601_21102022	Won	Approved
O1019604	MERSİN ÜNİVERSİTESİ_PCR_2023_375969	Won	Approved
O1019604	MERSİN ÜNİVERSİTESİ_PCR_2023_375969	Won	Reset
O1020180	İZMİR HSM_SWA_2023_749010	In Progress	Started
O1024186	KIRKLARELİ İSM_1.KISIM_CC_2025_588139	Approved	Approved
O1016593	ORDU İSM 2022-166087 İLMED - 2022-06-30 - 39030000 - TRY - İLMED İLAÇ ve MEDİKAL ÖZEL  LA (0061000027) - Turkey	Completed	Cancelled
O1016593	ORDU İSM 2022-166087 İLMED - 2022-06-30 - 39030000 - TRY - İLMED İLAÇ ve MEDİKAL ÖZEL  LA (0061000027) - Turkey	Completed	Disapproved
O1016593	ORDU İSM 2022-166087 İLMED - 2022-06-30 - 39030000 - TRY - İLMED İLAÇ ve MEDİKAL ÖZEL  LA (0061000027) - Turkey	Completed	Approved
O1027141	2026_637119_IĞDIR İSM_SWA_Cihaz Satış_NEO	Approved	Approved
O1023688	MUŞ İSM_PAZARLIK_CC_2025_254813	Won	Approved
O1025700	Özel Uncalı Hastanesi_SWA_05012026	Approved	Approved
O1021196	TRAKYA ÜNİVERSİTESİ_RTD_IHC+HC1.KISIM_2024_16074	Completed	Approved
O1021196	TRAKYA ÜNİVERSİTESİ_RTD_IHC+HC1.KISIM_2024_16074	Completed	Disapproved
O1024189	GAZİ ÜNİVERSİTESİ_RTD_EBER_DT_13052025	Won	Approved
O1021512	TRT Genel Md-CC - 2024-05-01 - 500000 - TRY - TRT GENEL MÜDÜRLÜĞÜ (0061000553) - Turkey	Completed	Approved
O1025920	2026_211604_KTÜ_RTD	Won	Approved
O1025920	2026_211604_KTÜ_RTD	Won	Disapproved
O1018659	NKU BAP - 2023-01-16 - 144000 - TRY - DİAFARMA ECZA DEPOSU VE MEDİKA (0061005218) - Turkey	Won	Approved
O1018578	Clone of ÖZEL GÖZDE GRUBU HASTANELERİ_CC_IM_04112022	Won	Approved
O1019055	GÜVEN HASTANESİ_RTD_HER 2_17022023	Won	Approved
O1022442	GİRESUN EAH_IHK_PAZARLIK_2024_1138883	Completed	Approved
O1024946	AZ_InvestCase_RXH	Won	Disapproved
O1024946	AZ_InvestCase_RXH	Won	Approved
O1019220	EBER DT Alımı - 2023-03-23 - 600000 - TRY - T.C. SİVAS CUMHURİYET ÜNİV. AR (0061000435) - Turkey	Won	Approved
O1022042	GAZİ ÜNİVERSİTESİ_RTD_DT_25062024	Won	Approved
O1025936	Selçuk Üni ID DT - 2026-01-30 - 120000 EUR - DETAY LAB. CİH. SAN. VE TİC. A (0061000026) Turkey	Won	Approved
O1018811	EKOL _ SADA HASTANELERİ_TIPBAY_IM_ID_18012023	Approved	Approved
O1017252	Çukurova BAP Proje	Won	Approved
O1017252	Çukurova BAP Proje	Won	Reset
O1018369	BÜYÜK İSTANBUL ÇORLU LAB_CC_30112022	Completed	Approved
O1027694	Düzce Üni Opt. Dab Ant DT - 2026-09-02 - 300000 TRY - DÜZCE ÜNİVERSİTESİ SAĞLIK UYG  (0061000230) Turkey	Won	Approved
O1021186	Ankara Üni. Lityum - 2024-02-29 - 50000 - TRY - ANKARA ÜNİVERSİTESİ SAĞL UYG A (0061000126) - Turkey	Completed	Approved
O1019315	EGE ÜNİVERSİTESİ_RTD_ANTIKOR_DT_23032023	Won	Approved
O1025597	İSLAB 3 8 AYLIK ALIM - 2026-03-31 - 600000 EUR - SARTRON BİYOTEKNOLOJİ İthalat  (0061006152) Turkey	Approved	Approved
O1025597	İSLAB 3 8 AYLIK ALIM - 2026-03-31 - 600000 EUR - SARTRON BİYOTEKNOLOJİ İthalat  (0061006152) Turkey	Approved	Cancelled
O1022726	ŞANLIURFA İSM_CC_IM_2024_1262960	Completed	Approved
O1022483	ANKARA İSM_CC_2024_1060505	Approved	Cancelled
O1022483	ANKARA İSM_CC_2024_1060505	Approved	Disapproved
O1022483	ANKARA İSM_CC_2024_1060505	Approved	Approved
O1022483	ANKARA İSM_CC_2024_1060505	Approved	Disapproved
O1026282	2026_334017_ARDAHAN İSM_COAG	Approved	Approved
O1018063	ÇERKEZKÖY İRMET HASTANESİ_CC_IM_21102022	Approved	Approved
O1020913	ALAB SIHHAT Projesi-1	Approved	Approved
O1020913	ALAB SIHHAT Projesi-1	Approved	Cancelled
O1020913	ALAB SIHHAT Projesi-1	Approved	Cancelled
O1018655	Dual ISH DT - 2023-01-26 - 828000 - TRY - T.C. SİVAS CUMHURİYET ÜNİV. AR (0061000435) - Turkey	Won	Approved
O1027030	2026_836082_SELÇUK ÜNİVERSİTESİ_CC_IM_ID_CİHAZLAR KİRALIK_V1	Approved	Approved
O1026869	ÇUKUROVA ÜNİ HER2 DUAL DT - 2026-06-18 - 3000000 TRY - ÇUKUROVA ÜNİV. BALCALI TIP FAK (0061000548) Turkey	Won	Approved
O1020236	ÖZEL KONYA BÜYÜKŞEHİR HST_CC_IM	Approved	Approved
O1027803	2026_1418685_5.KISIM_CC_IM_ANTALYA İSM_ANTALYA EAH_v2	In Progress	Disapproved
O1021217	GAZİANTEP HSM_SWA_UR_2024_10260_V2	Approved	Approved
O1021565	Omega Lab - 2024-06-30 - 10000 - EUR - DETAY LAB. CİH. SAN. VE TİC. A (0061000026) - Turkey	Won	Approved
O1017879	BURGEN GENETİK_RTD_23092022	Won	Approved
